candidate_id,source_doc_title,source_doc_hash,item_type
snap-000-000,École Centrale Paris,0f0a057ad9cf6855514ae9f7c4d1b975e0552e054b23ed49acade9cde98cebb4,entity_card
snap-000-001,École Centrale Paris,0f0a057ad9cf6855514ae9f7c4d1b975e0552e054b23ed49acade9cde98cebb4,relation_claim
snap-000-002,École Centrale Paris,0f0a057ad9cf6855514ae9f7c4d1b975e0552e054b23ed49acade9cde98cebb4,relation_claim
snap-000-003,École Centrale Paris,0f0a057ad9cf6855514ae9f7c4d1b975e0552e054b23ed49acade9cde98cebb4,relation_claim
snap-000-004,École Centrale Paris,0f0a057ad9cf6855514ae9f7c4d1b975e0552e054b23ed49acade9cde98cebb4,context_link
snap-000-005,École Centrale Paris,0f0a057ad9cf6855514ae9f7c4d1b975e0552e054b23ed49acade9cde98cebb4,context_link
snap-000-006,École Centrale Paris,0f0a057ad9cf6855514ae9f7c4d1b975e0552e054b23ed49acade9cde98cebb4,context_link
snap-000-007,École Centrale Paris,0f0a057ad9cf6855514ae9f7c4d1b975e0552e054b23ed49acade9cde98cebb4,context_link
snap-000-008,École Centrale Paris,0f0a057ad9cf6855514ae9f7c4d1b975e0552e054b23ed49acade9cde98cebb4,context_link
snap-001-000,Abbott Laboratories,9a2e4b55c7470501fa6b4bec59d636afcce6120f0b78cc9fb0b114bf04fc7638,entity_card
snap-001-001,Abbott Laboratories,9a2e4b55c7470501fa6b4bec59d636afcce6120f0b78cc9fb0b114bf04fc7638,context_link
snap-001-002,Abbott Laboratories,9a2e4b55c7470501fa6b4bec59d636afcce6120f0b78cc9fb0b114bf04fc7638,context_link
snap-001-003,Abbott Laboratories,9a2e4b55c7470501fa6b4bec59d636afcce6120f0b78cc9fb0b114bf04fc7638,context_link
snap-001-004,Abbott Laboratories,9a2e4b55c7470501fa6b4bec59d636afcce6120f0b78cc9fb0b114bf04fc7638,context_link
snap-001-005,Abbott Laboratories,9a2e4b55c7470501fa6b4bec59d636afcce6120f0b78cc9fb0b114bf04fc7638,context_link
snap-001-006,Abbott Laboratories,9a2e4b55c7470501fa6b4bec59d636afcce6120f0b78cc9fb0b114bf04fc7638,context_link
snap-001-007,Abbott Laboratories,9a2e4b55c7470501fa6b4bec59d636afcce6120f0b78cc9fb0b114bf04fc7638,context_link
snap-001-008,Abbott Laboratories,9a2e4b55c7470501fa6b4bec59d636afcce6120f0b78cc9fb0b114bf04fc7638,context_link
snap-001-009,Abbott Laboratories,9a2e4b55c7470501fa6b4bec59d636afcce6120f0b78cc9fb0b114bf04fc7638,context_link
snap-001-010,Abbott Laboratories,9a2e4b55c7470501fa6b4bec59d636afcce6120f0b78cc9fb0b114bf04fc7638,context_link
snap-001-011,Abbott Laboratories,9a2e4b55c7470501fa6b4bec59d636afcce6120f0b78cc9fb0b114bf04fc7638,context_link
snap-001-012,Abbott Laboratories,9a2e4b55c7470501fa6b4bec59d636afcce6120f0b78cc9fb0b114bf04fc7638,context_link
snap-001-013,Abbott Laboratories,9a2e4b55c7470501fa6b4bec59d636afcce6120f0b78cc9fb0b114bf04fc7638,context_link
snap-002-000,Abe Fortas,ae63d5468a1647c74d1436dcd7ac8d11a15901778fe2cbb21fc0dae30808ce02,entity_card
snap-002-001,Abe Fortas,ae63d5468a1647c74d1436dcd7ac8d11a15901778fe2cbb21fc0dae30808ce02,definition_claim
snap-002-002,Abe Fortas,ae63d5468a1647c74d1436dcd7ac8d11a15901778fe2cbb21fc0dae30808ce02,context_link
snap-002-003,Abe Fortas,ae63d5468a1647c74d1436dcd7ac8d11a15901778fe2cbb21fc0dae30808ce02,context_link
snap-002-004,Abe Fortas,ae63d5468a1647c74d1436dcd7ac8d11a15901778fe2cbb21fc0dae30808ce02,context_link
snap-002-005,Abe Fortas,ae63d5468a1647c74d1436dcd7ac8d11a15901778fe2cbb21fc0dae30808ce02,context_link
snap-003-000,Accenture,98c4d9e2424d7fad95bfd81caf6f42d03d6f4cec7ad8bd7be341e4ad176b6051,entity_card
snap-003-001,Accenture,98c4d9e2424d7fad95bfd81caf6f42d03d6f4cec7ad8bd7be341e4ad176b6051,context_link
snap-003-002,Accenture,98c4d9e2424d7fad95bfd81caf6f42d03d6f4cec7ad8bd7be341e4ad176b6051,context_link
snap-003-003,Accenture,98c4d9e2424d7fad95bfd81caf6f42d03d6f4cec7ad8bd7be341e4ad176b6051,context_link
snap-003-004,Accenture,98c4d9e2424d7fad95bfd81caf6f42d03d6f4cec7ad8bd7be341e4ad176b6051,context_link
snap-003-005,Accenture,98c4d9e2424d7fad95bfd81caf6f42d03d6f4cec7ad8bd7be341e4ad176b6051,context_link
snap-003-006,Accenture,98c4d9e2424d7fad95bfd81caf6f42d03d6f4cec7ad8bd7be341e4ad176b6051,context_link
snap-003-007,Accenture,98c4d9e2424d7fad95bfd81caf6f42d03d6f4cec7ad8bd7be341e4ad176b6051,context_link
snap-004-000,Adam Smith,60afeb9b740d81a7841807fc913d1d6bdeb779d30ecb24a27ff94f068153a69e,entity_card
snap-004-001,Adam Smith,60afeb9b740d81a7841807fc913d1d6bdeb779d30ecb24a27ff94f068153a69e,context_link
snap-004-002,Adam Smith,60afeb9b740d81a7841807fc913d1d6bdeb779d30ecb24a27ff94f068153a69e,context_link
snap-005-000,Adposition,c518fc8c41be57eb8ae19f302259df67faedb88441f84b8781d78de5f9c6447d,entity_card
snap-005-001,Adposition,c518fc8c41be57eb8ae19f302259df67faedb88441f84b8781d78de5f9c6447d,context_link
snap-006-000,Advisory Committee,53a329ea36397b6e6f33978e252009487d96606996c0c90fd274f14d97f17869,entity_card
snap-006-001,Advisory Committee,53a329ea36397b6e6f33978e252009487d96606996c0c90fd274f14d97f17869,context_link
snap-006-002,Advisory Committee,53a329ea36397b6e6f33978e252009487d96606996c0c90fd274f14d97f17869,context_link
snap-006-003,Advisory Committee,53a329ea36397b6e6f33978e252009487d96606996c0c90fd274f14d97f17869,context_link
snap-007-000,Aerojet Rocketdyne,a48416404926d69501d79551d111fd6393393f8356fb92253f47c8ea8ad4da9b,entity_card
snap-007-001,Aerojet Rocketdyne,a48416404926d69501d79551d111fd6393393f8356fb92253f47c8ea8ad4da9b,context_link
snap-007-002,Aerojet Rocketdyne,a48416404926d69501d79551d111fd6393393f8356fb92253f47c8ea8ad4da9b,context_link
snap-007-003,Aerojet Rocketdyne,a48416404926d69501d79551d111fd6393393f8356fb92253f47c8ea8ad4da9b,context_link
snap-007-004,Aerojet Rocketdyne,a48416404926d69501d79551d111fd6393393f8356fb92253f47c8ea8ad4da9b,context_link
snap-007-005,Aerojet Rocketdyne,a48416404926d69501d79551d111fd6393393f8356fb92253f47c8ea8ad4da9b,context_link
snap-007-006,Aerojet Rocketdyne,a48416404926d69501d79551d111fd6393393f8356fb92253f47c8ea8ad4da9b,context_link
snap-007-007,Aerojet Rocketdyne,a48416404926d69501d79551d111fd6393393f8356fb92253f47c8ea8ad4da9b,context_link
snap-007-008,Aerojet Rocketdyne,a48416404926d69501d79551d111fd6393393f8356fb92253f47c8ea8ad4da9b,context_link
snap-008-000,Aerospace,e909450390f26ba68e27af6824f05b116bfef540f6217a89c969de90535f3daa,entity_card
snap-008-001,Aerospace,e909450390f26ba68e27af6824f05b116bfef540f6217a89c969de90535f3daa,definition_claim
snap-008-002,Aerospace,e909450390f26ba68e27af6824f05b116bfef540f6217a89c969de90535f3daa,context_link
snap-008-003,Aerospace,e909450390f26ba68e27af6824f05b116bfef540f6217a89c969de90535f3daa,context_link
snap-008-004,Aerospace,e909450390f26ba68e27af6824f05b116bfef540f6217a89c969de90535f3daa,context_link
snap-008-005,Aerospace,e909450390f26ba68e27af6824f05b116bfef540f6217a89c969de90535f3daa,context_link
snap-008-006,Aerospace,e909450390f26ba68e27af6824f05b116bfef540f6217a89c969de90535f3daa,context_link
snap-008-007,Aerospace,e909450390f26ba68e27af6824f05b116bfef540f6217a89c969de90535f3daa,context_link
snap-008-008,Aerospace,e909450390f26ba68e27af6824f05b116bfef540f6217a89c969de90535f3daa,context_link
snap-008-009,Aerospace,e909450390f26ba68e27af6824f05b116bfef540f6217a89c969de90535f3daa,context_link
snap-008-010,Aerospace,e909450390f26ba68e27af6824f05b116bfef540f6217a89c969de90535f3daa,context_link
snap-008-011,Aerospace,e909450390f26ba68e27af6824f05b116bfef540f6217a89c969de90535f3daa,context_link
snap-008-012,Aerospace,e909450390f26ba68e27af6824f05b116bfef540f6217a89c969de90535f3daa,context_link
snap-008-013,Aerospace,e909450390f26ba68e27af6824f05b116bfef540f6217a89c969de90535f3daa,context_link
snap-008-014,Aerospace,e909450390f26ba68e27af6824f05b116bfef540f6217a89c969de90535f3daa,context_link
snap-008-015,Aerospace,e909450390f26ba68e27af6824f05b116bfef540f6217a89c969de90535f3daa,context_link
snap-008-016,Aerospace,e909450390f26ba68e27af6824f05b116bfef540f6217a89c969de90535f3daa,context_link
snap-008-017,Aerospace,e909450390f26ba68e27af6824f05b116bfef540f6217a89c969de90535f3daa,context_link
snap-008-018,Aerospace,e909450390f26ba68e27af6824f05b116bfef540f6217a89c969de90535f3daa,context_link
snap-008-019,Aerospace,e909450390f26ba68e27af6824f05b116bfef540f6217a89c969de90535f3daa,context_link
snap-008-020,Aerospace,e909450390f26ba68e27af6824f05b116bfef540f6217a89c969de90535f3daa,context_link
snap-008-021,Aerospace,e909450390f26ba68e27af6824f05b116bfef540f6217a89c969de90535f3daa,context_link
snap-009-000,Aerospace manufacturer,4d2faea7623fa4c75c4f5d68c87ff37140e26de9ede2ce7e97ed59b9de7841fd,entity_card
snap-009-001,Aerospace manufacturer,4d2faea7623fa4c75c4f5d68c87ff37140e26de9ede2ce7e97ed59b9de7841fd,context_link
snap-009-002,Aerospace manufacturer,4d2faea7623fa4c75c4f5d68c87ff37140e26de9ede2ce7e97ed59b9de7841fd,context_link
snap-009-003,Aerospace manufacturer,4d2faea7623fa4c75c4f5d68c87ff37140e26de9ede2ce7e97ed59b9de7841fd,context_link
snap-009-004,Aerospace manufacturer,4d2faea7623fa4c75c4f5d68c87ff37140e26de9ede2ce7e97ed59b9de7841fd,context_link
snap-009-005,Aerospace manufacturer,4d2faea7623fa4c75c4f5d68c87ff37140e26de9ede2ce7e97ed59b9de7841fd,context_link
snap-009-006,Aerospace manufacturer,4d2faea7623fa4c75c4f5d68c87ff37140e26de9ede2ce7e97ed59b9de7841fd,context_link
snap-009-007,Aerospace manufacturer,4d2faea7623fa4c75c4f5d68c87ff37140e26de9ede2ce7e97ed59b9de7841fd,context_link
snap-009-008,Aerospace manufacturer,4d2faea7623fa4c75c4f5d68c87ff37140e26de9ede2ce7e97ed59b9de7841fd,context_link
snap-009-009,Aerospace manufacturer,4d2faea7623fa4c75c4f5d68c87ff37140e26de9ede2ce7e97ed59b9de7841fd,context_link
snap-009-010,Aerospace manufacturer,4d2faea7623fa4c75c4f5d68c87ff37140e26de9ede2ce7e97ed59b9de7841fd,context_link
snap-009-011,Aerospace manufacturer,4d2faea7623fa4c75c4f5d68c87ff37140e26de9ede2ce7e97ed59b9de7841fd,context_link
snap-009-012,Aerospace manufacturer,4d2faea7623fa4c75c4f5d68c87ff37140e26de9ede2ce7e97ed59b9de7841fd,context_link
snap-009-013,Aerospace manufacturer,4d2faea7623fa4c75c4f5d68c87ff37140e26de9ede2ce7e97ed59b9de7841fd,context_link
snap-009-014,Aerospace manufacturer,4d2faea7623fa4c75c4f5d68c87ff37140e26de9ede2ce7e97ed59b9de7841fd,context_link
snap-009-015,Aerospace manufacturer,4d2faea7623fa4c75c4f5d68c87ff37140e26de9ede2ce7e97ed59b9de7841fd,context_link
snap-009-016,Aerospace manufacturer,4d2faea7623fa4c75c4f5d68c87ff37140e26de9ede2ce7e97ed59b9de7841fd,context_link
snap-009-017,Aerospace manufacturer,4d2faea7623fa4c75c4f5d68c87ff37140e26de9ede2ce7e97ed59b9de7841fd,context_link
snap-009-018,Aerospace manufacturer,4d2faea7623fa4c75c4f5d68c87ff37140e26de9ede2ce7e97ed59b9de7841fd,context_link
snap-010-000,Affordable Connectivity Program,5cbea90c535e9ba541149b8dbc556475c12352dbc0ce02a16bb2835bbd3faf46,entity_card
snap-010-001,Affordable Connectivity Program,5cbea90c535e9ba541149b8dbc556475c12352dbc0ce02a16bb2835bbd3faf46,context_link
snap-010-002,Affordable Connectivity Program,5cbea90c535e9ba541149b8dbc556475c12352dbc0ce02a16bb2835bbd3faf46,context_link
snap-010-003,Affordable Connectivity Program,5cbea90c535e9ba541149b8dbc556475c12352dbc0ce02a16bb2835bbd3faf46,context_link
snap-010-004,Affordable Connectivity Program,5cbea90c535e9ba541149b8dbc556475c12352dbc0ce02a16bb2835bbd3faf46,context_link
snap-010-005,Affordable Connectivity Program,5cbea90c535e9ba541149b8dbc556475c12352dbc0ce02a16bb2835bbd3faf46,context_link
snap-010-006,Affordable Connectivity Program,5cbea90c535e9ba541149b8dbc556475c12352dbc0ce02a16bb2835bbd3faf46,context_link
snap-010-007,Affordable Connectivity Program,5cbea90c535e9ba541149b8dbc556475c12352dbc0ce02a16bb2835bbd3faf46,context_link
snap-010-008,Affordable Connectivity Program,5cbea90c535e9ba541149b8dbc556475c12352dbc0ce02a16bb2835bbd3faf46,context_link
snap-010-009,Affordable Connectivity Program,5cbea90c535e9ba541149b8dbc556475c12352dbc0ce02a16bb2835bbd3faf46,context_link
snap-010-010,Affordable Connectivity Program,5cbea90c535e9ba541149b8dbc556475c12352dbc0ce02a16bb2835bbd3faf46,context_link
snap-011-000,Air base,83404be2cf83a383480fd79d43184a0cd6684bb95a2a3c0dd0afb0532ed18751,entity_card
snap-011-001,Air base,83404be2cf83a383480fd79d43184a0cd6684bb95a2a3c0dd0afb0532ed18751,context_link
snap-011-002,Air base,83404be2cf83a383480fd79d43184a0cd6684bb95a2a3c0dd0afb0532ed18751,context_link
snap-011-003,Air base,83404be2cf83a383480fd79d43184a0cd6684bb95a2a3c0dd0afb0532ed18751,context_link
snap-011-004,Air base,83404be2cf83a383480fd79d43184a0cd6684bb95a2a3c0dd0afb0532ed18751,context_link
snap-011-005,Air base,83404be2cf83a383480fd79d43184a0cd6684bb95a2a3c0dd0afb0532ed18751,context_link
snap-011-006,Air base,83404be2cf83a383480fd79d43184a0cd6684bb95a2a3c0dd0afb0532ed18751,context_link
snap-011-007,Air base,83404be2cf83a383480fd79d43184a0cd6684bb95a2a3c0dd0afb0532ed18751,context_link
snap-011-008,Air base,83404be2cf83a383480fd79d43184a0cd6684bb95a2a3c0dd0afb0532ed18751,context_link
snap-012-000,Air command,dcebc08a41e7f9f94b4300e54a36e2f6caee5396bf39283890dfb8e2741d15ee,entity_card
snap-012-001,Air command,dcebc08a41e7f9f94b4300e54a36e2f6caee5396bf39283890dfb8e2741d15ee,context_link
snap-012-002,Air command,dcebc08a41e7f9f94b4300e54a36e2f6caee5396bf39283890dfb8e2741d15ee,context_link
snap-012-003,Air command,dcebc08a41e7f9f94b4300e54a36e2f6caee5396bf39283890dfb8e2741d15ee,context_link
snap-012-004,Air command,dcebc08a41e7f9f94b4300e54a36e2f6caee5396bf39283890dfb8e2741d15ee,context_link
snap-013-000,Air force,04e3228b2e1b1accb7650be9b353ba33ec235e8a49e71c9fea3c6aff2b929ad3,entity_card
snap-013-001,Air force,04e3228b2e1b1accb7650be9b353ba33ec235e8a49e71c9fea3c6aff2b929ad3,context_link
snap-013-002,Air force,04e3228b2e1b1accb7650be9b353ba33ec235e8a49e71c9fea3c6aff2b929ad3,context_link
snap-013-003,Air force,04e3228b2e1b1accb7650be9b353ba33ec235e8a49e71c9fea3c6aff2b929ad3,context_link
snap-013-004,Air force,04e3228b2e1b1accb7650be9b353ba33ec235e8a49e71c9fea3c6aff2b929ad3,context_link
snap-013-005,Air force,04e3228b2e1b1accb7650be9b353ba33ec235e8a49e71c9fea3c6aff2b929ad3,context_link
snap-013-006,Air force,04e3228b2e1b1accb7650be9b353ba33ec235e8a49e71c9fea3c6aff2b929ad3,context_link
snap-013-007,Air force,04e3228b2e1b1accb7650be9b353ba33ec235e8a49e71c9fea3c6aff2b929ad3,context_link
snap-013-008,Air force,04e3228b2e1b1accb7650be9b353ba33ec235e8a49e71c9fea3c6aff2b929ad3,context_link
snap-013-009,Air force,04e3228b2e1b1accb7650be9b353ba33ec235e8a49e71c9fea3c6aff2b929ad3,context_link
snap-013-010,Air force,04e3228b2e1b1accb7650be9b353ba33ec235e8a49e71c9fea3c6aff2b929ad3,context_link
snap-014-000,Airbus,938eb696536041f0ee3b5a7b778b843fc74d99fd7d37c31840810e772dc03e68,entity_card
snap-014-001,Airbus,938eb696536041f0ee3b5a7b778b843fc74d99fd7d37c31840810e772dc03e68,context_link
snap-014-002,Airbus,938eb696536041f0ee3b5a7b778b843fc74d99fd7d37c31840810e772dc03e68,context_link
snap-015-000,Akira Yoshino,86ebad275b7e0e58c7a0836174495e5024a736f70818f621095b70ac524cd208,entity_card
snap-015-001,Akira Yoshino,86ebad275b7e0e58c7a0836174495e5024a736f70818f621095b70ac524cd208,context_link
snap-015-002,Akira Yoshino,86ebad275b7e0e58c7a0836174495e5024a736f70818f621095b70ac524cd208,context_link
snap-015-003,Akira Yoshino,86ebad275b7e0e58c7a0836174495e5024a736f70818f621095b70ac524cd208,context_link
snap-015-004,Akira Yoshino,86ebad275b7e0e58c7a0836174495e5024a736f70818f621095b70ac524cd208,context_link
snap-015-005,Akira Yoshino,86ebad275b7e0e58c7a0836174495e5024a736f70818f621095b70ac524cd208,context_link
snap-015-006,Akira Yoshino,86ebad275b7e0e58c7a0836174495e5024a736f70818f621095b70ac524cd208,context_link
snap-015-007,Akira Yoshino,86ebad275b7e0e58c7a0836174495e5024a736f70818f621095b70ac524cd208,context_link
snap-015-008,Akira Yoshino,86ebad275b7e0e58c7a0836174495e5024a736f70818f621095b70ac524cd208,context_link
snap-015-009,Akira Yoshino,86ebad275b7e0e58c7a0836174495e5024a736f70818f621095b70ac524cd208,context_link
snap-015-010,Akira Yoshino,86ebad275b7e0e58c7a0836174495e5024a736f70818f621095b70ac524cd208,context_link
snap-016-000,Alan Shepard,a1d303f463adb4df4034aaca53ef590507601be23044ba0be6d36613c665621e,entity_card
snap-016-001,Alan Shepard,a1d303f463adb4df4034aaca53ef590507601be23044ba0be6d36613c665621e,context_link
snap-016-002,Alan Shepard,a1d303f463adb4df4034aaca53ef590507601be23044ba0be6d36613c665621e,context_link
snap-016-003,Alan Shepard,a1d303f463adb4df4034aaca53ef590507601be23044ba0be6d36613c665621e,context_link
snap-016-004,Alan Shepard,a1d303f463adb4df4034aaca53ef590507601be23044ba0be6d36613c665621e,context_link
snap-016-005,Alan Shepard,a1d303f463adb4df4034aaca53ef590507601be23044ba0be6d36613c665621e,context_link
snap-016-006,Alan Shepard,a1d303f463adb4df4034aaca53ef590507601be23044ba0be6d36613c665621e,context_link
snap-016-007,Alan Shepard,a1d303f463adb4df4034aaca53ef590507601be23044ba0be6d36613c665621e,context_link
snap-016-008,Alan Shepard,a1d303f463adb4df4034aaca53ef590507601be23044ba0be6d36613c665621e,context_link
snap-016-009,Alan Shepard,a1d303f463adb4df4034aaca53ef590507601be23044ba0be6d36613c665621e,context_link
snap-016-010,Alan Shepard,a1d303f463adb4df4034aaca53ef590507601be23044ba0be6d36613c665621e,context_link
snap-016-011,Alan Shepard,a1d303f463adb4df4034aaca53ef590507601be23044ba0be6d36613c665621e,source_qualified_fact
snap-017-000,Alessandro Volta,8e064113e3bd7cc50d0b86d2e76a0ba704e92a409c350aa4a0747676d1c55e0e,entity_card
snap-017-001,Alessandro Volta,8e064113e3bd7cc50d0b86d2e76a0ba704e92a409c350aa4a0747676d1c55e0e,context_link
snap-017-002,Alessandro Volta,8e064113e3bd7cc50d0b86d2e76a0ba704e92a409c350aa4a0747676d1c55e0e,context_link
snap-017-003,Alessandro Volta,8e064113e3bd7cc50d0b86d2e76a0ba704e92a409c350aa4a0747676d1c55e0e,context_link
snap-017-004,Alessandro Volta,8e064113e3bd7cc50d0b86d2e76a0ba704e92a409c350aa4a0747676d1c55e0e,context_link
snap-017-005,Alessandro Volta,8e064113e3bd7cc50d0b86d2e76a0ba704e92a409c350aa4a0747676d1c55e0e,context_link
snap-017-006,Alessandro Volta,8e064113e3bd7cc50d0b86d2e76a0ba704e92a409c350aa4a0747676d1c55e0e,context_link
snap-018-000,Alfa Romeo P2,f9584beeb651171943cd286a69475f3db6007762ff529680a508db8772be5a6a,entity_card
snap-018-001,Alfa Romeo P2,f9584beeb651171943cd286a69475f3db6007762ff529680a508db8772be5a6a,context_link
snap-019-000,Aliko Dangote,bd969b2c55e678a58b2a928fd1421f9962fbdb515fa32343a45a814a7737eadc,entity_card
snap-019-001,Aliko Dangote,bd969b2c55e678a58b2a928fd1421f9962fbdb515fa32343a45a814a7737eadc,context_link
snap-019-002,Aliko Dangote,bd969b2c55e678a58b2a928fd1421f9962fbdb515fa32343a45a814a7737eadc,context_link
snap-019-003,Aliko Dangote,bd969b2c55e678a58b2a928fd1421f9962fbdb515fa32343a45a814a7737eadc,context_link
snap-019-004,Aliko Dangote,bd969b2c55e678a58b2a928fd1421f9962fbdb515fa32343a45a814a7737eadc,context_link
snap-020-000,Allison V-1710,e84c2bd4e1cd423d2c5e0b32216bf9383ad25ba1b4eb59fc3318cecb74529561,entity_card
snap-020-001,Allison V-1710,e84c2bd4e1cd423d2c5e0b32216bf9383ad25ba1b4eb59fc3318cecb74529561,context_link
snap-020-002,Allison V-1710,e84c2bd4e1cd423d2c5e0b32216bf9383ad25ba1b4eb59fc3318cecb74529561,context_link
snap-020-003,Allison V-1710,e84c2bd4e1cd423d2c5e0b32216bf9383ad25ba1b4eb59fc3318cecb74529561,context_link
snap-020-004,Allison V-1710,e84c2bd4e1cd423d2c5e0b32216bf9383ad25ba1b4eb59fc3318cecb74529561,context_link
snap-020-005,Allison V-1710,e84c2bd4e1cd423d2c5e0b32216bf9383ad25ba1b4eb59fc3318cecb74529561,context_link
snap-020-006,Allison V-1710,e84c2bd4e1cd423d2c5e0b32216bf9383ad25ba1b4eb59fc3318cecb74529561,context_link
snap-020-007,Allison V-1710,e84c2bd4e1cd423d2c5e0b32216bf9383ad25ba1b4eb59fc3318cecb74529561,context_link
snap-021-000,Alpha Magnetic Spectrometer,d3152877f9220adaf45e7f9400cab9377a14b3478294f392d08a0f35c6e7c1c6,entity_card
snap-021-001,Alpha Magnetic Spectrometer,d3152877f9220adaf45e7f9400cab9377a14b3478294f392d08a0f35c6e7c1c6,context_link
snap-021-002,Alpha Magnetic Spectrometer,d3152877f9220adaf45e7f9400cab9377a14b3478294f392d08a0f35c6e7c1c6,context_link
snap-021-003,Alpha Magnetic Spectrometer,d3152877f9220adaf45e7f9400cab9377a14b3478294f392d08a0f35c6e7c1c6,context_link
snap-021-004,Alpha Magnetic Spectrometer,d3152877f9220adaf45e7f9400cab9377a14b3478294f392d08a0f35c6e7c1c6,context_link
snap-021-005,Alpha Magnetic Spectrometer,d3152877f9220adaf45e7f9400cab9377a14b3478294f392d08a0f35c6e7c1c6,context_link
snap-021-006,Alpha Magnetic Spectrometer,d3152877f9220adaf45e7f9400cab9377a14b3478294f392d08a0f35c6e7c1c6,context_link
snap-021-007,Alpha Magnetic Spectrometer,d3152877f9220adaf45e7f9400cab9377a14b3478294f392d08a0f35c6e7c1c6,context_link
snap-021-008,Alpha Magnetic Spectrometer,d3152877f9220adaf45e7f9400cab9377a14b3478294f392d08a0f35c6e7c1c6,context_link
snap-022-000,Alphabet Inc.,7afb5ed6455052adc4021bc8584bfdf230928db4f05c4fe20eef068e5228f29d,entity_card
snap-022-001,Alphabet Inc.,7afb5ed6455052adc4021bc8584bfdf230928db4f05c4fe20eef068e5228f29d,context_link
snap-022-002,Alphabet Inc.,7afb5ed6455052adc4021bc8584bfdf230928db4f05c4fe20eef068e5228f29d,context_link
snap-022-003,Alphabet Inc.,7afb5ed6455052adc4021bc8584bfdf230928db4f05c4fe20eef068e5228f29d,context_link
snap-022-004,Alphabet Inc.,7afb5ed6455052adc4021bc8584bfdf230928db4f05c4fe20eef068e5228f29d,context_link
snap-022-005,Alphabet Inc.,7afb5ed6455052adc4021bc8584bfdf230928db4f05c4fe20eef068e5228f29d,context_link
snap-022-006,Alphabet Inc.,7afb5ed6455052adc4021bc8584bfdf230928db4f05c4fe20eef068e5228f29d,context_link
snap-022-007,Alphabet Inc.,7afb5ed6455052adc4021bc8584bfdf230928db4f05c4fe20eef068e5228f29d,context_link
snap-022-008,Alphabet Inc.,7afb5ed6455052adc4021bc8584bfdf230928db4f05c4fe20eef068e5228f29d,context_link
snap-023-000,Amalgam Comics,110542b911d0d296306f31b840d15a8c13738f83d684748f42d6cca30229ee8a,entity_card
snap-023-001,Amalgam Comics,110542b911d0d296306f31b840d15a8c13738f83d684748f42d6cca30229ee8a,context_link
snap-023-002,Amalgam Comics,110542b911d0d296306f31b840d15a8c13738f83d684748f42d6cca30229ee8a,context_link
snap-023-003,Amalgam Comics,110542b911d0d296306f31b840d15a8c13738f83d684748f42d6cca30229ee8a,context_link
snap-023-004,Amalgam Comics,110542b911d0d296306f31b840d15a8c13738f83d684748f42d6cca30229ee8a,context_link
snap-023-005,Amalgam Comics,110542b911d0d296306f31b840d15a8c13738f83d684748f42d6cca30229ee8a,context_link
snap-023-006,Amalgam Comics,110542b911d0d296306f31b840d15a8c13738f83d684748f42d6cca30229ee8a,context_link
snap-023-007,Amalgam Comics,110542b911d0d296306f31b840d15a8c13738f83d684748f42d6cca30229ee8a,context_link
snap-024-000,Amancio Ortega,d924f42dad9adacb60e53752cd534f60c3d847f4ee62f184a52a5177a6bd40c4,entity_card
snap-024-001,Amancio Ortega,d924f42dad9adacb60e53752cd534f60c3d847f4ee62f184a52a5177a6bd40c4,context_link
snap-024-002,Amancio Ortega,d924f42dad9adacb60e53752cd534f60c3d847f4ee62f184a52a5177a6bd40c4,context_link
snap-024-003,Amancio Ortega,d924f42dad9adacb60e53752cd534f60c3d847f4ee62f184a52a5177a6bd40c4,context_link
snap-024-004,Amancio Ortega,d924f42dad9adacb60e53752cd534f60c3d847f4ee62f184a52a5177a6bd40c4,context_link
snap-025-000,Amazon Bookstore Cooperative,d2ae66abb9e04f8430cb5c046c38b319ea138ede77f2db8451c463a583133268,entity_card
snap-025-001,Amazon Bookstore Cooperative,d2ae66abb9e04f8430cb5c046c38b319ea138ede77f2db8451c463a583133268,context_link
snap-025-002,Amazon Bookstore Cooperative,d2ae66abb9e04f8430cb5c046c38b319ea138ede77f2db8451c463a583133268,context_link
snap-025-003,Amazon Bookstore Cooperative,d2ae66abb9e04f8430cb5c046c38b319ea138ede77f2db8451c463a583133268,context_link
snap-025-004,Amazon Bookstore Cooperative,d2ae66abb9e04f8430cb5c046c38b319ea138ede77f2db8451c463a583133268,context_link
snap-026-000,Amazon Creek,9c66229663947c80aedfb2fd88f6fb54a06edede6259bf43e5dc395f8c2fd29f,entity_card
snap-026-001,Amazon Creek,9c66229663947c80aedfb2fd88f6fb54a06edede6259bf43e5dc395f8c2fd29f,context_link
snap-027-000,Amazon Delta,eaeb87a4973e7f6250035011919755233ece7c1b6eee3a95a2354955f695f668,entity_card
snap-027-001,Amazon Delta,eaeb87a4973e7f6250035011919755233ece7c1b6eee3a95a2354955f695f668,context_link
snap-027-002,Amazon Delta,eaeb87a4973e7f6250035011919755233ece7c1b6eee3a95a2354955f695f668,context_link
snap-027-003,Amazon Delta,eaeb87a4973e7f6250035011919755233ece7c1b6eee3a95a2354955f695f668,context_link
snap-027-004,Amazon Delta,eaeb87a4973e7f6250035011919755233ece7c1b6eee3a95a2354955f695f668,context_link
snap-027-005,Amazon Delta,eaeb87a4973e7f6250035011919755233ece7c1b6eee3a95a2354955f695f668,context_link
snap-027-006,Amazon Delta,eaeb87a4973e7f6250035011919755233ece7c1b6eee3a95a2354955f695f668,context_link
snap-027-007,Amazon Delta,eaeb87a4973e7f6250035011919755233ece7c1b6eee3a95a2354955f695f668,context_link
snap-027-008,Amazon Delta,eaeb87a4973e7f6250035011919755233ece7c1b6eee3a95a2354955f695f668,context_link
snap-027-009,Amazon Delta,eaeb87a4973e7f6250035011919755233ece7c1b6eee3a95a2354955f695f668,context_link
snap-027-010,Amazon Delta,eaeb87a4973e7f6250035011919755233ece7c1b6eee3a95a2354955f695f668,context_link
snap-028-000,Amazon Eve,2719df73c1579454569597d4943efff53fd6eb5578c661c41d459f8c037eff1c,entity_card
snap-028-001,Amazon Eve,2719df73c1579454569597d4943efff53fd6eb5578c661c41d459f8c037eff1c,context_link
snap-028-002,Amazon Eve,2719df73c1579454569597d4943efff53fd6eb5578c661c41d459f8c037eff1c,context_link
snap-028-003,Amazon Eve,2719df73c1579454569597d4943efff53fd6eb5578c661c41d459f8c037eff1c,context_link
snap-028-004,Amazon Eve,2719df73c1579454569597d4943efff53fd6eb5578c661c41d459f8c037eff1c,context_link
snap-028-005,Amazon Eve,2719df73c1579454569597d4943efff53fd6eb5578c661c41d459f8c037eff1c,context_link
snap-028-006,Amazon Eve,2719df73c1579454569597d4943efff53fd6eb5578c661c41d459f8c037eff1c,context_link
snap-028-007,Amazon Eve,2719df73c1579454569597d4943efff53fd6eb5578c661c41d459f8c037eff1c,context_link
snap-029-000,Amazon Kindle,311a4517d13885823d9d3fe559135af421008a15bc8c8b56d594cc56dbb17178,entity_card
snap-029-001,Amazon Kindle,311a4517d13885823d9d3fe559135af421008a15bc8c8b56d594cc56dbb17178,context_link
snap-029-002,Amazon Kindle,311a4517d13885823d9d3fe559135af421008a15bc8c8b56d594cc56dbb17178,context_link
snap-029-003,Amazon Kindle,311a4517d13885823d9d3fe559135af421008a15bc8c8b56d594cc56dbb17178,context_link
snap-029-004,Amazon Kindle,311a4517d13885823d9d3fe559135af421008a15bc8c8b56d594cc56dbb17178,context_link
snap-029-005,Amazon Kindle,311a4517d13885823d9d3fe559135af421008a15bc8c8b56d594cc56dbb17178,context_link
snap-030-000,Amazon Leo,c33288403ecba633f272862895597af57ac293a1b38de088f10583259aa782bc,entity_card
snap-030-001,Amazon Leo,c33288403ecba633f272862895597af57ac293a1b38de088f10583259aa782bc,context_link
snap-030-002,Amazon Leo,c33288403ecba633f272862895597af57ac293a1b38de088f10583259aa782bc,context_link
snap-030-003,Amazon Leo,c33288403ecba633f272862895597af57ac293a1b38de088f10583259aa782bc,context_link
snap-030-004,Amazon Leo,c33288403ecba633f272862895597af57ac293a1b38de088f10583259aa782bc,context_link
snap-030-005,Amazon Leo,c33288403ecba633f272862895597af57ac293a1b38de088f10583259aa782bc,context_link
snap-030-006,Amazon Leo,c33288403ecba633f272862895597af57ac293a1b38de088f10583259aa782bc,context_link
snap-030-007,Amazon Leo,c33288403ecba633f272862895597af57ac293a1b38de088f10583259aa782bc,context_link
snap-030-008,Amazon Leo,c33288403ecba633f272862895597af57ac293a1b38de088f10583259aa782bc,context_link
snap-030-009,Amazon Leo,c33288403ecba633f272862895597af57ac293a1b38de088f10583259aa782bc,context_link
snap-030-010,Amazon Leo,c33288403ecba633f272862895597af57ac293a1b38de088f10583259aa782bc,context_link
snap-030-011,Amazon Leo,c33288403ecba633f272862895597af57ac293a1b38de088f10583259aa782bc,context_link
snap-030-012,Amazon Leo,c33288403ecba633f272862895597af57ac293a1b38de088f10583259aa782bc,context_link
snap-031-000,Amazon Reef,8ac5375105e0d477c17774318db7195e959d16294078a16fec1c2bc444c03512,entity_card
snap-031-001,Amazon Reef,8ac5375105e0d477c17774318db7195e959d16294078a16fec1c2bc444c03512,context_link
snap-031-002,Amazon Reef,8ac5375105e0d477c17774318db7195e959d16294078a16fec1c2bc444c03512,context_link
snap-031-003,Amazon Reef,8ac5375105e0d477c17774318db7195e959d16294078a16fec1c2bc444c03512,context_link
snap-032-000,Amazon River,412c620bb75c3330249c7d8fa34827adb095c95156bf4944aad37b3d1f3f20fe,entity_card
snap-032-001,Amazon River,412c620bb75c3330249c7d8fa34827adb095c95156bf4944aad37b3d1f3f20fe,context_link
snap-032-002,Amazon River,412c620bb75c3330249c7d8fa34827adb095c95156bf4944aad37b3d1f3f20fe,context_link
snap-032-003,Amazon River,412c620bb75c3330249c7d8fa34827adb095c95156bf4944aad37b3d1f3f20fe,context_link
snap-032-004,Amazon River,412c620bb75c3330249c7d8fa34827adb095c95156bf4944aad37b3d1f3f20fe,context_link
snap-033-000,Amazon Web Services,49734bd457dc9eac4a4d0fff10b8308eff1ac5ec2fc041e950c41e04bfda92e7,entity_card
snap-033-001,Amazon Web Services,49734bd457dc9eac4a4d0fff10b8308eff1ac5ec2fc041e950c41e04bfda92e7,context_link
snap-033-002,Amazon Web Services,49734bd457dc9eac4a4d0fff10b8308eff1ac5ec2fc041e950c41e04bfda92e7,context_link
snap-033-003,Amazon Web Services,49734bd457dc9eac4a4d0fff10b8308eff1ac5ec2fc041e950c41e04bfda92e7,context_link
snap-033-004,Amazon Web Services,49734bd457dc9eac4a4d0fff10b8308eff1ac5ec2fc041e950c41e04bfda92e7,context_link
snap-034-000,Amazon basin,a59c0fefa2b6a9fad09eb1e9eb50e5407075a98892929467f95dbde901ccf25e,entity_card
snap-034-001,Amazon basin,a59c0fefa2b6a9fad09eb1e9eb50e5407075a98892929467f95dbde901ccf25e,context_link
snap-034-002,Amazon basin,a59c0fefa2b6a9fad09eb1e9eb50e5407075a98892929467f95dbde901ccf25e,context_link
snap-034-003,Amazon basin,a59c0fefa2b6a9fad09eb1e9eb50e5407075a98892929467f95dbde901ccf25e,context_link
snap-034-004,Amazon basin,a59c0fefa2b6a9fad09eb1e9eb50e5407075a98892929467f95dbde901ccf25e,context_link
snap-034-005,Amazon basin,a59c0fefa2b6a9fad09eb1e9eb50e5407075a98892929467f95dbde901ccf25e,context_link
snap-035-000,Amazonian Guard,9d42ff38943686323b405597a38b7431b1a5d1da4b7a1043118855026203eaf8,entity_card
snap-035-001,Amazonian Guard,9d42ff38943686323b405597a38b7431b1a5d1da4b7a1043118855026203eaf8,context_link
snap-035-002,Amazonian Guard,9d42ff38943686323b405597a38b7431b1a5d1da4b7a1043118855026203eaf8,context_link
snap-035-003,Amazonian Guard,9d42ff38943686323b405597a38b7431b1a5d1da4b7a1043118855026203eaf8,context_link
snap-035-004,Amazonian Guard,9d42ff38943686323b405597a38b7431b1a5d1da4b7a1043118855026203eaf8,context_link
snap-036-000,Amazonis Planitia,020760d6ab48c287b10ba735853d7d94630bea29a8f23e6762b6ff4fdb2981e5,entity_card
snap-036-001,Amazonis Planitia,020760d6ab48c287b10ba735853d7d94630bea29a8f23e6762b6ff4fdb2981e5,context_link
snap-037-000,Amdahl Corporation,516460f5a14f0216c672a54f10ed098b3df484e0eff66158d12cf1fb2fe1d12c,entity_card
snap-037-001,Amdahl Corporation,516460f5a14f0216c672a54f10ed098b3df484e0eff66158d12cf1fb2fe1d12c,context_link
snap-037-002,Amdahl Corporation,516460f5a14f0216c672a54f10ed098b3df484e0eff66158d12cf1fb2fe1d12c,context_link
snap-037-003,Amdahl Corporation,516460f5a14f0216c672a54f10ed098b3df484e0eff66158d12cf1fb2fe1d12c,context_link
snap-037-004,Amdahl Corporation,516460f5a14f0216c672a54f10ed098b3df484e0eff66158d12cf1fb2fe1d12c,context_link
snap-037-005,Amdahl Corporation,516460f5a14f0216c672a54f10ed098b3df484e0eff66158d12cf1fb2fe1d12c,context_link
snap-038-000,Amit Agarwal,41a19bf2b16018c312cd6787e5b17c638b774131de4b9784c6a1d264c8983579,entity_card
snap-038-001,Amit Agarwal,41a19bf2b16018c312cd6787e5b17c638b774131de4b9784c6a1d264c8983579,context_link
snap-039-000,Ampex,1de3ee640f33aaea0b83b624ecbd2fdea20eae4bf86390bd8c27530f7796f507,entity_card
snap-039-001,Ampex,1de3ee640f33aaea0b83b624ecbd2fdea20eae4bf86390bd8c27530f7796f507,context_link
snap-039-002,Ampex,1de3ee640f33aaea0b83b624ecbd2fdea20eae4bf86390bd8c27530f7796f507,context_link
snap-039-003,Ampex,1de3ee640f33aaea0b83b624ecbd2fdea20eae4bf86390bd8c27530f7796f507,context_link
snap-039-004,Ampex,1de3ee640f33aaea0b83b624ecbd2fdea20eae4bf86390bd8c27530f7796f507,context_link
snap-039-005,Ampex,1de3ee640f33aaea0b83b624ecbd2fdea20eae4bf86390bd8c27530f7796f507,context_link
snap-039-006,Ampex,1de3ee640f33aaea0b83b624ecbd2fdea20eae4bf86390bd8c27530f7796f507,context_link
snap-039-007,Ampex,1de3ee640f33aaea0b83b624ecbd2fdea20eae4bf86390bd8c27530f7796f507,context_link
snap-039-008,Ampex,1de3ee640f33aaea0b83b624ecbd2fdea20eae4bf86390bd8c27530f7796f507,context_link
snap-039-009,Ampex,1de3ee640f33aaea0b83b624ecbd2fdea20eae4bf86390bd8c27530f7796f507,context_link
snap-039-010,Ampex,1de3ee640f33aaea0b83b624ecbd2fdea20eae4bf86390bd8c27530f7796f507,context_link
snap-039-011,Ampex,1de3ee640f33aaea0b83b624ecbd2fdea20eae4bf86390bd8c27530f7796f507,context_link
snap-039-012,Ampex,1de3ee640f33aaea0b83b624ecbd2fdea20eae4bf86390bd8c27530f7796f507,context_link
snap-039-013,Ampex,1de3ee640f33aaea0b83b624ecbd2fdea20eae4bf86390bd8c27530f7796f507,context_link
snap-039-014,Ampex,1de3ee640f33aaea0b83b624ecbd2fdea20eae4bf86390bd8c27530f7796f507,context_link
snap-040-000,Analytics,3577bb29007499d64876c1e064dfd3f1fa09039d7dca0da22bdb711a2c53fd0c,entity_card
snap-040-001,Analytics,3577bb29007499d64876c1e064dfd3f1fa09039d7dca0da22bdb711a2c53fd0c,context_link
snap-041-000,Anderson-Prichard Oil Corporation,4ea87926ff5e690bf5c70c85400569dde793cb86777ea67e9f4a05a3674a5cfb,entity_card
snap-041-001,Anderson-Prichard Oil Corporation,4ea87926ff5e690bf5c70c85400569dde793cb86777ea67e9f4a05a3674a5cfb,context_link
snap-041-002,Anderson-Prichard Oil Corporation,4ea87926ff5e690bf5c70c85400569dde793cb86777ea67e9f4a05a3674a5cfb,context_link
snap-041-003,Anderson-Prichard Oil Corporation,4ea87926ff5e690bf5c70c85400569dde793cb86777ea67e9f4a05a3674a5cfb,context_link
snap-041-004,Anderson-Prichard Oil Corporation,4ea87926ff5e690bf5c70c85400569dde793cb86777ea67e9f4a05a3674a5cfb,context_link
snap-041-005,Anderson-Prichard Oil Corporation,4ea87926ff5e690bf5c70c85400569dde793cb86777ea67e9f4a05a3674a5cfb,context_link
snap-041-006,Anderson-Prichard Oil Corporation,4ea87926ff5e690bf5c70c85400569dde793cb86777ea67e9f4a05a3674a5cfb,context_link
snap-041-007,Anderson-Prichard Oil Corporation,4ea87926ff5e690bf5c70c85400569dde793cb86777ea67e9f4a05a3674a5cfb,context_link
snap-041-008,Anderson-Prichard Oil Corporation,4ea87926ff5e690bf5c70c85400569dde793cb86777ea67e9f4a05a3674a5cfb,context_link
snap-041-009,Anderson-Prichard Oil Corporation,4ea87926ff5e690bf5c70c85400569dde793cb86777ea67e9f4a05a3674a5cfb,context_link
snap-041-010,Anderson-Prichard Oil Corporation,4ea87926ff5e690bf5c70c85400569dde793cb86777ea67e9f4a05a3674a5cfb,context_link
snap-042-000,Andreas Flocken,147a379e185aaebc882a2266bf491c8390a7f2739d501f0e3cb1f84a4f011c89,entity_card
snap-042-001,Andreas Flocken,147a379e185aaebc882a2266bf491c8390a7f2739d501f0e3cb1f84a4f011c89,context_link
snap-042-002,Andreas Flocken,147a379e185aaebc882a2266bf491c8390a7f2739d501f0e3cb1f84a4f011c89,context_link
snap-042-003,Andreas Flocken,147a379e185aaebc882a2266bf491c8390a7f2739d501f0e3cb1f84a4f011c89,context_link
snap-043-000,Andreas Kaplan,5c6b25918eea56aaf183254da11e1ccf8a051e455ff38e785208cd6845b59dea,entity_card
snap-043-001,Andreas Kaplan,5c6b25918eea56aaf183254da11e1ccf8a051e455ff38e785208cd6845b59dea,context_link
snap-043-002,Andreas Kaplan,5c6b25918eea56aaf183254da11e1ccf8a051e455ff38e785208cd6845b59dea,context_link
snap-043-003,Andreas Kaplan,5c6b25918eea56aaf183254da11e1ccf8a051e455ff38e785208cd6845b59dea,context_link
snap-043-004,Andreas Kaplan,5c6b25918eea56aaf183254da11e1ccf8a051e455ff38e785208cd6845b59dea,context_link
snap-043-005,Andreas Kaplan,5c6b25918eea56aaf183254da11e1ccf8a051e455ff38e785208cd6845b59dea,context_link
snap-043-006,Andreas Kaplan,5c6b25918eea56aaf183254da11e1ccf8a051e455ff38e785208cd6845b59dea,context_link
snap-044-000,Andrew Carnegie,6e910a7d09b6101070296ea229f73887c9d08fd999735f9bc3a9c6b97b380d51,entity_card
snap-044-001,Andrew Carnegie,6e910a7d09b6101070296ea229f73887c9d08fd999735f9bc3a9c6b97b380d51,context_link
snap-044-002,Andrew Carnegie,6e910a7d09b6101070296ea229f73887c9d08fd999735f9bc3a9c6b97b380d51,context_link
snap-044-003,Andrew Carnegie,6e910a7d09b6101070296ea229f73887c9d08fd999735f9bc3a9c6b97b380d51,context_link
snap-044-004,Andrew Carnegie,6e910a7d09b6101070296ea229f73887c9d08fd999735f9bc3a9c6b97b380d51,context_link
snap-044-005,Andrew Carnegie,6e910a7d09b6101070296ea229f73887c9d08fd999735f9bc3a9c6b97b380d51,context_link
snap-045-000,Anousheh Ansari,76d54c9287497bab65f59740ade5c8225c9642e632da66948175dab9e8e2ffe4,entity_card
snap-045-001,Anousheh Ansari,76d54c9287497bab65f59740ade5c8225c9642e632da66948175dab9e8e2ffe4,context_link
snap-045-002,Anousheh Ansari,76d54c9287497bab65f59740ade5c8225c9642e632da66948175dab9e8e2ffe4,context_link
snap-045-003,Anousheh Ansari,76d54c9287497bab65f59740ade5c8225c9642e632da66948175dab9e8e2ffe4,context_link
snap-045-004,Anousheh Ansari,76d54c9287497bab65f59740ade5c8225c9642e632da66948175dab9e8e2ffe4,context_link
snap-045-005,Anousheh Ansari,76d54c9287497bab65f59740ade5c8225c9642e632da66948175dab9e8e2ffe4,context_link
snap-045-006,Anousheh Ansari,76d54c9287497bab65f59740ade5c8225c9642e632da66948175dab9e8e2ffe4,context_link
snap-045-007,Anousheh Ansari,76d54c9287497bab65f59740ade5c8225c9642e632da66948175dab9e8e2ffe4,context_link
snap-045-008,Anousheh Ansari,76d54c9287497bab65f59740ade5c8225c9642e632da66948175dab9e8e2ffe4,context_link
snap-045-009,Anousheh Ansari,76d54c9287497bab65f59740ade5c8225c9642e632da66948175dab9e8e2ffe4,context_link
snap-046-000,Antonio Gracias,10a6b76fe9ee6cc7c022cbb35c2f2a9f8c9ef767eb20c379da4363c6720017a1,entity_card
snap-046-001,Antonio Gracias,10a6b76fe9ee6cc7c022cbb35c2f2a9f8c9ef767eb20c379da4363c6720017a1,context_link
snap-046-002,Antonio Gracias,10a6b76fe9ee6cc7c022cbb35c2f2a9f8c9ef767eb20c379da4363c6720017a1,context_link
snap-046-003,Antonio Gracias,10a6b76fe9ee6cc7c022cbb35c2f2a9f8c9ef767eb20c379da4363c6720017a1,context_link
snap-046-004,Antonio Gracias,10a6b76fe9ee6cc7c022cbb35c2f2a9f8c9ef767eb20c379da4363c6720017a1,context_link
snap-046-005,Antonio Gracias,10a6b76fe9ee6cc7c022cbb35c2f2a9f8c9ef767eb20c379da4363c6720017a1,context_link
snap-046-006,Antonio Gracias,10a6b76fe9ee6cc7c022cbb35c2f2a9f8c9ef767eb20c379da4363c6720017a1,context_link
snap-046-007,Antonio Gracias,10a6b76fe9ee6cc7c022cbb35c2f2a9f8c9ef767eb20c379da4363c6720017a1,context_link
snap-046-008,Antonio Gracias,10a6b76fe9ee6cc7c022cbb35c2f2a9f8c9ef767eb20c379da4363c6720017a1,context_link
snap-046-009,Antonio Gracias,10a6b76fe9ee6cc7c022cbb35c2f2a9f8c9ef767eb20c379da4363c6720017a1,context_link
snap-047-000,Apollo,0b6733c78ad259dc101b7cf9033651e4f95bd72f34087d032f20abb752910c5f,entity_card
snap-048-000,Apollo Applications Program,ea0dd5f7bbae8f2149df4430e22f8f696e8c43b6e8e4f8cac2d239064a4e5c4d,entity_card
snap-048-001,Apollo Applications Program,ea0dd5f7bbae8f2149df4430e22f8f696e8c43b6e8e4f8cac2d239064a4e5c4d,context_link
snap-048-002,Apollo Applications Program,ea0dd5f7bbae8f2149df4430e22f8f696e8c43b6e8e4f8cac2d239064a4e5c4d,context_link
snap-048-003,Apollo Applications Program,ea0dd5f7bbae8f2149df4430e22f8f696e8c43b6e8e4f8cac2d239064a4e5c4d,context_link
snap-048-004,Apollo Applications Program,ea0dd5f7bbae8f2149df4430e22f8f696e8c43b6e8e4f8cac2d239064a4e5c4d,context_link
snap-048-005,Apollo Applications Program,ea0dd5f7bbae8f2149df4430e22f8f696e8c43b6e8e4f8cac2d239064a4e5c4d,context_link
snap-048-006,Apollo Applications Program,ea0dd5f7bbae8f2149df4430e22f8f696e8c43b6e8e4f8cac2d239064a4e5c4d,context_link
snap-048-007,Apollo Applications Program,ea0dd5f7bbae8f2149df4430e22f8f696e8c43b6e8e4f8cac2d239064a4e5c4d,context_link
snap-048-008,Apollo Applications Program,ea0dd5f7bbae8f2149df4430e22f8f696e8c43b6e8e4f8cac2d239064a4e5c4d,context_link
snap-048-009,Apollo Applications Program,ea0dd5f7bbae8f2149df4430e22f8f696e8c43b6e8e4f8cac2d239064a4e5c4d,context_link
snap-048-010,Apollo Applications Program,ea0dd5f7bbae8f2149df4430e22f8f696e8c43b6e8e4f8cac2d239064a4e5c4d,context_link
snap-048-011,Apollo Applications Program,ea0dd5f7bbae8f2149df4430e22f8f696e8c43b6e8e4f8cac2d239064a4e5c4d,context_link
snap-048-012,Apollo Applications Program,ea0dd5f7bbae8f2149df4430e22f8f696e8c43b6e8e4f8cac2d239064a4e5c4d,context_link
snap-049-000,Apollo Lunar Module,a946f327971512a1385063c310918a03612e3d87751d855e48f4a90a54b5e749,entity_card
snap-049-001,Apollo Lunar Module,a946f327971512a1385063c310918a03612e3d87751d855e48f4a90a54b5e749,context_link
snap-049-002,Apollo Lunar Module,a946f327971512a1385063c310918a03612e3d87751d855e48f4a90a54b5e749,context_link
snap-049-003,Apollo Lunar Module,a946f327971512a1385063c310918a03612e3d87751d855e48f4a90a54b5e749,context_link
snap-049-004,Apollo Lunar Module,a946f327971512a1385063c310918a03612e3d87751d855e48f4a90a54b5e749,context_link
snap-049-005,Apollo Lunar Module,a946f327971512a1385063c310918a03612e3d87751d855e48f4a90a54b5e749,context_link
snap-049-006,Apollo Lunar Module,a946f327971512a1385063c310918a03612e3d87751d855e48f4a90a54b5e749,context_link
snap-049-007,Apollo Lunar Module,a946f327971512a1385063c310918a03612e3d87751d855e48f4a90a54b5e749,context_link
snap-050-000,Apple II,eb6b3a1b70861edc409fccc097ed06d847692318435790cefe77bc0c0e942572,entity_card
snap-050-001,Apple II,eb6b3a1b70861edc409fccc097ed06d847692318435790cefe77bc0c0e942572,context_link
snap-051-000,Apple Inc.,4ffb4005c8f8fcfebf8b2b0b2c204109d05a16cbe2dac7c87c370806fac94668,entity_card
snap-051-001,Apple Inc.,4ffb4005c8f8fcfebf8b2b0b2c204109d05a16cbe2dac7c87c370806fac94668,context_link
snap-051-002,Apple Inc.,4ffb4005c8f8fcfebf8b2b0b2c204109d05a16cbe2dac7c87c370806fac94668,context_link
snap-051-003,Apple Inc.,4ffb4005c8f8fcfebf8b2b0b2c204109d05a16cbe2dac7c87c370806fac94668,context_link
snap-051-004,Apple Inc.,4ffb4005c8f8fcfebf8b2b0b2c204109d05a16cbe2dac7c87c370806fac94668,context_link
snap-051-005,Apple Inc.,4ffb4005c8f8fcfebf8b2b0b2c204109d05a16cbe2dac7c87c370806fac94668,context_link
snap-051-006,Apple Inc.,4ffb4005c8f8fcfebf8b2b0b2c204109d05a16cbe2dac7c87c370806fac94668,context_link
snap-051-007,Apple Inc.,4ffb4005c8f8fcfebf8b2b0b2c204109d05a16cbe2dac7c87c370806fac94668,context_link
snap-051-008,Apple Inc.,4ffb4005c8f8fcfebf8b2b0b2c204109d05a16cbe2dac7c87c370806fac94668,context_link
snap-051-009,Apple Inc.,4ffb4005c8f8fcfebf8b2b0b2c204109d05a16cbe2dac7c87c370806fac94668,context_link
snap-051-010,Apple Inc.,4ffb4005c8f8fcfebf8b2b0b2c204109d05a16cbe2dac7c87c370806fac94668,context_link
snap-052-000,April,c5f2f12cb96b731cd2535f05c840941329d33f2803c712422eb7487848c15fc1,entity_card
snap-052-001,April,c5f2f12cb96b731cd2535f05c840941329d33f2803c712422eb7487848c15fc1,context_link
snap-052-002,April,c5f2f12cb96b731cd2535f05c840941329d33f2803c712422eb7487848c15fc1,context_link
snap-052-003,April,c5f2f12cb96b731cd2535f05c840941329d33f2803c712422eb7487848c15fc1,context_link
snap-053-000,Ares Management,b1d79fc15a32165ae48b06d0a66967f06d9b287891baa8f4cba2526e87583c6c,entity_card
snap-053-001,Ares Management,b1d79fc15a32165ae48b06d0a66967f06d9b287891baa8f4cba2526e87583c6c,context_link
snap-053-002,Ares Management,b1d79fc15a32165ae48b06d0a66967f06d9b287891baa8f4cba2526e87583c6c,context_link
snap-053-003,Ares Management,b1d79fc15a32165ae48b06d0a66967f06d9b287891baa8f4cba2526e87583c6c,context_link
snap-053-004,Ares Management,b1d79fc15a32165ae48b06d0a66967f06d9b287891baa8f4cba2526e87583c6c,context_link
snap-053-005,Ares Management,b1d79fc15a32165ae48b06d0a66967f06d9b287891baa8f4cba2526e87583c6c,context_link
snap-053-006,Ares Management,b1d79fc15a32165ae48b06d0a66967f06d9b287891baa8f4cba2526e87583c6c,context_link
snap-053-007,Ares Management,b1d79fc15a32165ae48b06d0a66967f06d9b287891baa8f4cba2526e87583c6c,context_link
snap-053-008,Ares Management,b1d79fc15a32165ae48b06d0a66967f06d9b287891baa8f4cba2526e87583c6c,context_link
snap-053-009,Ares Management,b1d79fc15a32165ae48b06d0a66967f06d9b287891baa8f4cba2526e87583c6c,context_link
snap-053-010,Ares Management,b1d79fc15a32165ae48b06d0a66967f06d9b287891baa8f4cba2526e87583c6c,context_link
snap-053-011,Ares Management,b1d79fc15a32165ae48b06d0a66967f06d9b287891baa8f4cba2526e87583c6c,context_link
snap-053-012,Ares Management,b1d79fc15a32165ae48b06d0a66967f06d9b287891baa8f4cba2526e87583c6c,context_link
snap-054-000,Arianespace,7b8e57e195cb80a7e163666922f54daa495a12fd4cf4728f9b1602680bf5d5a9,entity_card
snap-054-001,Arianespace,7b8e57e195cb80a7e163666922f54daa495a12fd4cf4728f9b1602680bf5d5a9,context_link
snap-054-002,Arianespace,7b8e57e195cb80a7e163666922f54daa495a12fd4cf4728f9b1602680bf5d5a9,context_link
snap-054-003,Arianespace,7b8e57e195cb80a7e163666922f54daa495a12fd4cf4728f9b1602680bf5d5a9,context_link
snap-054-004,Arianespace,7b8e57e195cb80a7e163666922f54daa495a12fd4cf4728f9b1602680bf5d5a9,context_link
snap-054-005,Arianespace,7b8e57e195cb80a7e163666922f54daa495a12fd4cf4728f9b1602680bf5d5a9,context_link
snap-054-006,Arianespace,7b8e57e195cb80a7e163666922f54daa495a12fd4cf4728f9b1602680bf5d5a9,context_link
snap-054-007,Arianespace,7b8e57e195cb80a7e163666922f54daa495a12fd4cf4728f9b1602680bf5d5a9,context_link
snap-054-008,Arianespace,7b8e57e195cb80a7e163666922f54daa495a12fd4cf4728f9b1602680bf5d5a9,context_link
snap-054-009,Arianespace,7b8e57e195cb80a7e163666922f54daa495a12fd4cf4728f9b1602680bf5d5a9,context_link
snap-054-010,Arianespace,7b8e57e195cb80a7e163666922f54daa495a12fd4cf4728f9b1602680bf5d5a9,context_link
snap-054-011,Arianespace,7b8e57e195cb80a7e163666922f54daa495a12fd4cf4728f9b1602680bf5d5a9,context_link
snap-054-012,Arianespace,7b8e57e195cb80a7e163666922f54daa495a12fd4cf4728f9b1602680bf5d5a9,context_link
snap-055-000,Aristotle Onassis,237a8fd71f10ae0b2137c3cf934265d6ebaefcd58caf84d206d48ee24558ad12,entity_card
snap-055-001,Aristotle Onassis,237a8fd71f10ae0b2137c3cf934265d6ebaefcd58caf84d206d48ee24558ad12,context_link
snap-055-002,Aristotle Onassis,237a8fd71f10ae0b2137c3cf934265d6ebaefcd58caf84d206d48ee24558ad12,context_link
snap-055-003,Aristotle Onassis,237a8fd71f10ae0b2137c3cf934265d6ebaefcd58caf84d206d48ee24558ad12,context_link
snap-055-004,Aristotle Onassis,237a8fd71f10ae0b2137c3cf934265d6ebaefcd58caf84d206d48ee24558ad12,context_link
snap-055-005,Aristotle Onassis,237a8fd71f10ae0b2137c3cf934265d6ebaefcd58caf84d206d48ee24558ad12,context_link
snap-055-006,Aristotle Onassis,237a8fd71f10ae0b2137c3cf934265d6ebaefcd58caf84d206d48ee24558ad12,context_link
snap-055-007,Aristotle Onassis,237a8fd71f10ae0b2137c3cf934265d6ebaefcd58caf84d206d48ee24558ad12,context_link
snap-055-008,Aristotle Onassis,237a8fd71f10ae0b2137c3cf934265d6ebaefcd58caf84d206d48ee24558ad12,context_link
snap-056-000,Armadillo Aerospace,17b2adcc001cdd4ba6e0e2571613557d4c0cf062e78c1543e7fd76a1a77c9433,entity_card
snap-056-001,Armadillo Aerospace,17b2adcc001cdd4ba6e0e2571613557d4c0cf062e78c1543e7fd76a1a77c9433,context_link
snap-056-002,Armadillo Aerospace,17b2adcc001cdd4ba6e0e2571613557d4c0cf062e78c1543e7fd76a1a77c9433,context_link
snap-056-003,Armadillo Aerospace,17b2adcc001cdd4ba6e0e2571613557d4c0cf062e78c1543e7fd76a1a77c9433,context_link
snap-056-004,Armadillo Aerospace,17b2adcc001cdd4ba6e0e2571613557d4c0cf062e78c1543e7fd76a1a77c9433,context_link
snap-057-000,Army Ballistic Missile Agency,35d2d74f5c8fb36fb09448ad616327788e42d3c31954f0df9fe53bf44223f064,entity_card
snap-057-001,Army Ballistic Missile Agency,35d2d74f5c8fb36fb09448ad616327788e42d3c31954f0df9fe53bf44223f064,definition_claim
snap-057-002,Army Ballistic Missile Agency,35d2d74f5c8fb36fb09448ad616327788e42d3c31954f0df9fe53bf44223f064,context_link
snap-057-003,Army Ballistic Missile Agency,35d2d74f5c8fb36fb09448ad616327788e42d3c31954f0df9fe53bf44223f064,context_link
snap-057-004,Army Ballistic Missile Agency,35d2d74f5c8fb36fb09448ad616327788e42d3c31954f0df9fe53bf44223f064,context_link
snap-057-005,Army Ballistic Missile Agency,35d2d74f5c8fb36fb09448ad616327788e42d3c31954f0df9fe53bf44223f064,context_link
snap-057-006,Army Ballistic Missile Agency,35d2d74f5c8fb36fb09448ad616327788e42d3c31954f0df9fe53bf44223f064,context_link
snap-057-007,Army Ballistic Missile Agency,35d2d74f5c8fb36fb09448ad616327788e42d3c31954f0df9fe53bf44223f064,context_link
snap-057-008,Army Ballistic Missile Agency,35d2d74f5c8fb36fb09448ad616327788e42d3c31954f0df9fe53bf44223f064,context_link
snap-057-009,Army Ballistic Missile Agency,35d2d74f5c8fb36fb09448ad616327788e42d3c31954f0df9fe53bf44223f064,context_link
snap-057-010,Army Ballistic Missile Agency,35d2d74f5c8fb36fb09448ad616327788e42d3c31954f0df9fe53bf44223f064,context_link
snap-057-011,Army Ballistic Missile Agency,35d2d74f5c8fb36fb09448ad616327788e42d3c31954f0df9fe53bf44223f064,context_link
snap-057-012,Army Ballistic Missile Agency,35d2d74f5c8fb36fb09448ad616327788e42d3c31954f0df9fe53bf44223f064,context_link
snap-057-013,Army Ballistic Missile Agency,35d2d74f5c8fb36fb09448ad616327788e42d3c31954f0df9fe53bf44223f064,context_link
snap-057-014,Army Ballistic Missile Agency,35d2d74f5c8fb36fb09448ad616327788e42d3c31954f0df9fe53bf44223f064,context_link
snap-057-015,Army Ballistic Missile Agency,35d2d74f5c8fb36fb09448ad616327788e42d3c31954f0df9fe53bf44223f064,context_link
snap-057-016,Army Ballistic Missile Agency,35d2d74f5c8fb36fb09448ad616327788e42d3c31954f0df9fe53bf44223f064,context_link
snap-057-017,Army Ballistic Missile Agency,35d2d74f5c8fb36fb09448ad616327788e42d3c31954f0df9fe53bf44223f064,context_link
snap-057-018,Army Ballistic Missile Agency,35d2d74f5c8fb36fb09448ad616327788e42d3c31954f0df9fe53bf44223f064,context_link
snap-057-019,Army Ballistic Missile Agency,35d2d74f5c8fb36fb09448ad616327788e42d3c31954f0df9fe53bf44223f064,context_link
snap-057-020,Army Ballistic Missile Agency,35d2d74f5c8fb36fb09448ad616327788e42d3c31954f0df9fe53bf44223f064,context_link
snap-058-000,Artemis Accords,e968a8179d8a333a3922c5d4ac43c9c63ca6692c9e2377cdad46da73bd38b69e,entity_card
snap-058-001,Artemis Accords,e968a8179d8a333a3922c5d4ac43c9c63ca6692c9e2377cdad46da73bd38b69e,context_link
snap-058-002,Artemis Accords,e968a8179d8a333a3922c5d4ac43c9c63ca6692c9e2377cdad46da73bd38b69e,context_link
snap-058-003,Artemis Accords,e968a8179d8a333a3922c5d4ac43c9c63ca6692c9e2377cdad46da73bd38b69e,context_link
snap-058-004,Artemis Accords,e968a8179d8a333a3922c5d4ac43c9c63ca6692c9e2377cdad46da73bd38b69e,context_link
snap-058-005,Artemis Accords,e968a8179d8a333a3922c5d4ac43c9c63ca6692c9e2377cdad46da73bd38b69e,context_link
snap-058-006,Artemis Accords,e968a8179d8a333a3922c5d4ac43c9c63ca6692c9e2377cdad46da73bd38b69e,context_link
snap-058-007,Artemis Accords,e968a8179d8a333a3922c5d4ac43c9c63ca6692c9e2377cdad46da73bd38b69e,context_link
snap-058-008,Artemis Accords,e968a8179d8a333a3922c5d4ac43c9c63ca6692c9e2377cdad46da73bd38b69e,context_link
snap-058-009,Artemis Accords,e968a8179d8a333a3922c5d4ac43c9c63ca6692c9e2377cdad46da73bd38b69e,context_link
snap-058-010,Artemis Accords,e968a8179d8a333a3922c5d4ac43c9c63ca6692c9e2377cdad46da73bd38b69e,context_link
snap-058-011,Artemis Accords,e968a8179d8a333a3922c5d4ac43c9c63ca6692c9e2377cdad46da73bd38b69e,context_link
snap-058-012,Artemis Accords,e968a8179d8a333a3922c5d4ac43c9c63ca6692c9e2377cdad46da73bd38b69e,context_link
snap-058-013,Artemis Accords,e968a8179d8a333a3922c5d4ac43c9c63ca6692c9e2377cdad46da73bd38b69e,context_link
snap-058-014,Artemis Accords,e968a8179d8a333a3922c5d4ac43c9c63ca6692c9e2377cdad46da73bd38b69e,context_link
snap-058-015,Artemis Accords,e968a8179d8a333a3922c5d4ac43c9c63ca6692c9e2377cdad46da73bd38b69e,context_link
snap-058-016,Artemis Accords,e968a8179d8a333a3922c5d4ac43c9c63ca6692c9e2377cdad46da73bd38b69e,context_link
snap-058-017,Artemis Accords,e968a8179d8a333a3922c5d4ac43c9c63ca6692c9e2377cdad46da73bd38b69e,context_link
snap-059-000,Artemis II,06bd2c0cf96c76dda9b613166760b6a1b2dc530126e9499fb7eabec94a22eb47,entity_card
snap-059-001,Artemis II,06bd2c0cf96c76dda9b613166760b6a1b2dc530126e9499fb7eabec94a22eb47,context_link
snap-059-002,Artemis II,06bd2c0cf96c76dda9b613166760b6a1b2dc530126e9499fb7eabec94a22eb47,context_link
snap-059-003,Artemis II,06bd2c0cf96c76dda9b613166760b6a1b2dc530126e9499fb7eabec94a22eb47,context_link
snap-059-004,Artemis II,06bd2c0cf96c76dda9b613166760b6a1b2dc530126e9499fb7eabec94a22eb47,context_link
snap-059-005,Artemis II,06bd2c0cf96c76dda9b613166760b6a1b2dc530126e9499fb7eabec94a22eb47,context_link
snap-059-006,Artemis II,06bd2c0cf96c76dda9b613166760b6a1b2dc530126e9499fb7eabec94a22eb47,context_link
snap-059-007,Artemis II,06bd2c0cf96c76dda9b613166760b6a1b2dc530126e9499fb7eabec94a22eb47,context_link
snap-059-008,Artemis II,06bd2c0cf96c76dda9b613166760b6a1b2dc530126e9499fb7eabec94a22eb47,context_link
snap-059-009,Artemis II,06bd2c0cf96c76dda9b613166760b6a1b2dc530126e9499fb7eabec94a22eb47,context_link
snap-059-010,Artemis II,06bd2c0cf96c76dda9b613166760b6a1b2dc530126e9499fb7eabec94a22eb47,context_link
snap-059-011,Artemis II,06bd2c0cf96c76dda9b613166760b6a1b2dc530126e9499fb7eabec94a22eb47,context_link
snap-059-012,Artemis II,06bd2c0cf96c76dda9b613166760b6a1b2dc530126e9499fb7eabec94a22eb47,context_link
snap-059-013,Artemis II,06bd2c0cf96c76dda9b613166760b6a1b2dc530126e9499fb7eabec94a22eb47,context_link
snap-059-014,Artemis II,06bd2c0cf96c76dda9b613166760b6a1b2dc530126e9499fb7eabec94a22eb47,context_link
snap-060-000,Artemis III,3934725303eb85d08e3fc0c7f327321534797045b9919c9af54db95236b34744,entity_card
snap-060-001,Artemis III,3934725303eb85d08e3fc0c7f327321534797045b9919c9af54db95236b34744,context_link
snap-060-002,Artemis III,3934725303eb85d08e3fc0c7f327321534797045b9919c9af54db95236b34744,context_link
snap-060-003,Artemis III,3934725303eb85d08e3fc0c7f327321534797045b9919c9af54db95236b34744,context_link
snap-060-004,Artemis III,3934725303eb85d08e3fc0c7f327321534797045b9919c9af54db95236b34744,context_link
snap-060-005,Artemis III,3934725303eb85d08e3fc0c7f327321534797045b9919c9af54db95236b34744,context_link
snap-060-006,Artemis III,3934725303eb85d08e3fc0c7f327321534797045b9919c9af54db95236b34744,context_link
snap-060-007,Artemis III,3934725303eb85d08e3fc0c7f327321534797045b9919c9af54db95236b34744,context_link
snap-060-008,Artemis III,3934725303eb85d08e3fc0c7f327321534797045b9919c9af54db95236b34744,context_link
snap-060-009,Artemis III,3934725303eb85d08e3fc0c7f327321534797045b9919c9af54db95236b34744,context_link
snap-060-010,Artemis III,3934725303eb85d08e3fc0c7f327321534797045b9919c9af54db95236b34744,context_link
snap-060-011,Artemis III,3934725303eb85d08e3fc0c7f327321534797045b9919c9af54db95236b34744,context_link
snap-061-000,Arthur Perdue,521ca6c2fa74bbc366f555c555d1288a69c0fdcf6522567094ed07f68a6d16c8,entity_card
snap-061-001,Arthur Perdue,521ca6c2fa74bbc366f555c555d1288a69c0fdcf6522567094ed07f68a6d16c8,context_link
snap-061-002,Arthur Perdue,521ca6c2fa74bbc366f555c555d1288a69c0fdcf6522567094ed07f68a6d16c8,context_link
snap-061-003,Arthur Perdue,521ca6c2fa74bbc366f555c555d1288a69c0fdcf6522567094ed07f68a6d16c8,context_link
snap-062-000,Arthur Ransome,5e110a5e06a58b31e8f696fb97e3643c5cfbb8ddbf696863bb7ba6c44ed51e26,entity_card
snap-062-001,Arthur Ransome,5e110a5e06a58b31e8f696fb97e3643c5cfbb8ddbf696863bb7ba6c44ed51e26,definition_claim
snap-062-002,Arthur Ransome,5e110a5e06a58b31e8f696fb97e3643c5cfbb8ddbf696863bb7ba6c44ed51e26,context_link
snap-062-003,Arthur Ransome,5e110a5e06a58b31e8f696fb97e3643c5cfbb8ddbf696863bb7ba6c44ed51e26,context_link
snap-062-004,Arthur Ransome,5e110a5e06a58b31e8f696fb97e3643c5cfbb8ddbf696863bb7ba6c44ed51e26,context_link
snap-062-005,Arthur Ransome,5e110a5e06a58b31e8f696fb97e3643c5cfbb8ddbf696863bb7ba6c44ed51e26,context_link
snap-063-000,Arthur Wing Pinero,eeb11691076a8f20afb17941cb209f005d048042b44ee6b327d775d9b5c37444,entity_card
snap-063-001,Arthur Wing Pinero,eeb11691076a8f20afb17941cb209f005d048042b44ee6b327d775d9b5c37444,context_link
snap-063-002,Arthur Wing Pinero,eeb11691076a8f20afb17941cb209f005d048042b44ee6b327d775d9b5c37444,context_link
snap-064-000,Asahi Kasei,7746f827530d47876e293f2bc4a158e7f5366b8edbfc0b0856fd8cd76e357235,entity_card
snap-064-001,Asahi Kasei,7746f827530d47876e293f2bc4a158e7f5366b8edbfc0b0856fd8cd76e357235,context_link
snap-064-002,Asahi Kasei,7746f827530d47876e293f2bc4a158e7f5366b8edbfc0b0856fd8cd76e357235,context_link
snap-064-003,Asahi Kasei,7746f827530d47876e293f2bc4a158e7f5366b8edbfc0b0856fd8cd76e357235,context_link
snap-064-004,Asahi Kasei,7746f827530d47876e293f2bc4a158e7f5366b8edbfc0b0856fd8cd76e357235,context_link
snap-064-005,Asahi Kasei,7746f827530d47876e293f2bc4a158e7f5366b8edbfc0b0856fd8cd76e357235,context_link
snap-064-006,Asahi Kasei,7746f827530d47876e293f2bc4a158e7f5366b8edbfc0b0856fd8cd76e357235,context_link
snap-064-007,Asahi Kasei,7746f827530d47876e293f2bc4a158e7f5366b8edbfc0b0856fd8cd76e357235,context_link
snap-064-008,Asahi Kasei,7746f827530d47876e293f2bc4a158e7f5366b8edbfc0b0856fd8cd76e357235,context_link
snap-064-009,Asahi Kasei,7746f827530d47876e293f2bc4a158e7f5366b8edbfc0b0856fd8cd76e357235,context_link
snap-064-010,Asahi Kasei,7746f827530d47876e293f2bc4a158e7f5366b8edbfc0b0856fd8cd76e357235,context_link
snap-064-011,Asahi Kasei,7746f827530d47876e293f2bc4a158e7f5366b8edbfc0b0856fd8cd76e357235,context_link
snap-064-012,Asahi Kasei,7746f827530d47876e293f2bc4a158e7f5366b8edbfc0b0856fd8cd76e357235,context_link
snap-064-013,Asahi Kasei,7746f827530d47876e293f2bc4a158e7f5366b8edbfc0b0856fd8cd76e357235,context_link
snap-064-014,Asahi Kasei,7746f827530d47876e293f2bc4a158e7f5366b8edbfc0b0856fd8cd76e357235,context_link
snap-064-015,Asahi Kasei,7746f827530d47876e293f2bc4a158e7f5366b8edbfc0b0856fd8cd76e357235,context_link
snap-064-016,Asahi Kasei,7746f827530d47876e293f2bc4a158e7f5366b8edbfc0b0856fd8cd76e357235,context_link
snap-065-000,Asante Empire,d48b1bf985243ba0911c5f462b66de70bfd8ee3a08f76f6168add96ac17d1a36,entity_card
snap-065-001,Asante Empire,d48b1bf985243ba0911c5f462b66de70bfd8ee3a08f76f6168add96ac17d1a36,context_link
snap-066-000,Aston Martin,d1dac6bf3629acdc754201ad6e75eb261c6d8b5feb665a1a8c131d97628998b0,entity_card
snap-066-001,Aston Martin,d1dac6bf3629acdc754201ad6e75eb261c6d8b5feb665a1a8c131d97628998b0,context_link
snap-066-002,Aston Martin,d1dac6bf3629acdc754201ad6e75eb261c6d8b5feb665a1a8c131d97628998b0,context_link
snap-066-003,Aston Martin,d1dac6bf3629acdc754201ad6e75eb261c6d8b5feb665a1a8c131d97628998b0,context_link
snap-066-004,Aston Martin,d1dac6bf3629acdc754201ad6e75eb261c6d8b5feb665a1a8c131d97628998b0,context_link
snap-066-005,Aston Martin,d1dac6bf3629acdc754201ad6e75eb261c6d8b5feb665a1a8c131d97628998b0,context_link
snap-067-000,Astrium,4b8d02f37fb1e9cff027e62793f0a00cc1278170acf27e09b32651a9cdeac396,entity_card
snap-067-001,Astrium,4b8d02f37fb1e9cff027e62793f0a00cc1278170acf27e09b32651a9cdeac396,context_link
snap-067-002,Astrium,4b8d02f37fb1e9cff027e62793f0a00cc1278170acf27e09b32651a9cdeac396,context_link
snap-067-003,Astrium,4b8d02f37fb1e9cff027e62793f0a00cc1278170acf27e09b32651a9cdeac396,context_link
snap-067-004,Astrium,4b8d02f37fb1e9cff027e62793f0a00cc1278170acf27e09b32651a9cdeac396,context_link
snap-067-005,Astrium,4b8d02f37fb1e9cff027e62793f0a00cc1278170acf27e09b32651a9cdeac396,context_link
snap-067-006,Astrium,4b8d02f37fb1e9cff027e62793f0a00cc1278170acf27e09b32651a9cdeac396,context_link
snap-067-007,Astrium,4b8d02f37fb1e9cff027e62793f0a00cc1278170acf27e09b32651a9cdeac396,context_link
snap-067-008,Astrium,4b8d02f37fb1e9cff027e62793f0a00cc1278170acf27e09b32651a9cdeac396,context_link
snap-067-009,Astrium,4b8d02f37fb1e9cff027e62793f0a00cc1278170acf27e09b32651a9cdeac396,context_link
snap-067-010,Astrium,4b8d02f37fb1e9cff027e62793f0a00cc1278170acf27e09b32651a9cdeac396,context_link
snap-067-011,Astrium,4b8d02f37fb1e9cff027e62793f0a00cc1278170acf27e09b32651a9cdeac396,context_link
snap-067-012,Astrium,4b8d02f37fb1e9cff027e62793f0a00cc1278170acf27e09b32651a9cdeac396,context_link
snap-067-013,Astrium,4b8d02f37fb1e9cff027e62793f0a00cc1278170acf27e09b32651a9cdeac396,context_link
snap-068-000,Atlantic Ocean,8446413c3fd4d8f37b8ceec74518695f6a7b8edcda06286753d6468479ef628f,entity_card
snap-068-001,Atlantic Ocean,8446413c3fd4d8f37b8ceec74518695f6a7b8edcda06286753d6468479ef628f,context_link
snap-069-000,Atlas,46bf6af4d610dd9bde3a7cc520a3ef8a881afe5269263623cb402a38145a8934,entity_card
snap-069-001,Atlas,46bf6af4d610dd9bde3a7cc520a3ef8a881afe5269263623cb402a38145a8934,context_link
snap-070-000,Atlas II,fa7b08a51cd44127fd7a9c1386fee4aacc27ac65ebd055f3739c8cfa63e17dcd,entity_card
snap-070-001,Atlas II,fa7b08a51cd44127fd7a9c1386fee4aacc27ac65ebd055f3739c8cfa63e17dcd,context_link
snap-070-002,Atlas II,fa7b08a51cd44127fd7a9c1386fee4aacc27ac65ebd055f3739c8cfa63e17dcd,context_link
snap-070-003,Atlas II,fa7b08a51cd44127fd7a9c1386fee4aacc27ac65ebd055f3739c8cfa63e17dcd,context_link
snap-070-004,Atlas II,fa7b08a51cd44127fd7a9c1386fee4aacc27ac65ebd055f3739c8cfa63e17dcd,context_link
snap-070-005,Atlas II,fa7b08a51cd44127fd7a9c1386fee4aacc27ac65ebd055f3739c8cfa63e17dcd,context_link
snap-070-006,Atlas II,fa7b08a51cd44127fd7a9c1386fee4aacc27ac65ebd055f3739c8cfa63e17dcd,context_link
snap-070-007,Atlas II,fa7b08a51cd44127fd7a9c1386fee4aacc27ac65ebd055f3739c8cfa63e17dcd,context_link
snap-070-008,Atlas II,fa7b08a51cd44127fd7a9c1386fee4aacc27ac65ebd055f3739c8cfa63e17dcd,context_link
snap-070-009,Atlas II,fa7b08a51cd44127fd7a9c1386fee4aacc27ac65ebd055f3739c8cfa63e17dcd,context_link
snap-070-010,Atlas II,fa7b08a51cd44127fd7a9c1386fee4aacc27ac65ebd055f3739c8cfa63e17dcd,context_link
snap-070-011,Atlas II,fa7b08a51cd44127fd7a9c1386fee4aacc27ac65ebd055f3739c8cfa63e17dcd,context_link
snap-070-012,Atlas II,fa7b08a51cd44127fd7a9c1386fee4aacc27ac65ebd055f3739c8cfa63e17dcd,context_link
snap-070-013,Atlas II,fa7b08a51cd44127fd7a9c1386fee4aacc27ac65ebd055f3739c8cfa63e17dcd,context_link
snap-071-000,Atomic Energy Commission,b4221b2bc4592bfb1a83c398c0180020151342885f783dc1d4b487c20bc10c3e,entity_card
snap-071-001,Atomic Energy Commission,b4221b2bc4592bfb1a83c398c0180020151342885f783dc1d4b487c20bc10c3e,context_link
snap-071-002,Atomic Energy Commission,b4221b2bc4592bfb1a83c398c0180020151342885f783dc1d4b487c20bc10c3e,context_link
snap-071-003,Atomic Energy Commission,b4221b2bc4592bfb1a83c398c0180020151342885f783dc1d4b487c20bc10c3e,context_link
snap-071-004,Atomic Energy Commission,b4221b2bc4592bfb1a83c398c0180020151342885f783dc1d4b487c20bc10c3e,context_link
snap-071-005,Atomic Energy Commission,b4221b2bc4592bfb1a83c398c0180020151342885f783dc1d4b487c20bc10c3e,context_link
snap-071-006,Atomic Energy Commission,b4221b2bc4592bfb1a83c398c0180020151342885f783dc1d4b487c20bc10c3e,context_link
snap-071-007,Atomic Energy Commission,b4221b2bc4592bfb1a83c398c0180020151342885f783dc1d4b487c20bc10c3e,context_link
snap-072-000,Atomic energy,a2e9a9629b37186a72cc56f0352901b2d4088f0ec2e388f892a59c930564c063,entity_card
snap-072-001,Atomic energy,a2e9a9629b37186a72cc56f0352901b2d4088f0ec2e388f892a59c930564c063,context_link
snap-073-000,Audi Q8,7e0fb8905dd5c1bb407adb5260e809b31f9a5342157bf729a96773500b4a3cee,entity_card
snap-073-001,Audi Q8,7e0fb8905dd5c1bb407adb5260e809b31f9a5342157bf729a96773500b4a3cee,context_link
snap-073-002,Audi Q8,7e0fb8905dd5c1bb407adb5260e809b31f9a5342157bf729a96773500b4a3cee,context_link
snap-073-003,Audi Q8,7e0fb8905dd5c1bb407adb5260e809b31f9a5342157bf729a96773500b4a3cee,context_link
snap-073-004,Audi Q8,7e0fb8905dd5c1bb407adb5260e809b31f9a5342157bf729a96773500b4a3cee,context_link
snap-073-005,Audi Q8,7e0fb8905dd5c1bb407adb5260e809b31f9a5342157bf729a96773500b4a3cee,context_link
snap-073-006,Audi Q8,7e0fb8905dd5c1bb407adb5260e809b31f9a5342157bf729a96773500b4a3cee,context_link
snap-073-007,Audi Q8,7e0fb8905dd5c1bb407adb5260e809b31f9a5342157bf729a96773500b4a3cee,context_link
snap-074-000,August,f1338f8ca902790308fa736b89a2896371eac5dcf2454f406c98d763d9ac1698,entity_card
snap-074-001,August,f1338f8ca902790308fa736b89a2896371eac5dcf2454f406c98d763d9ac1698,context_link
snap-074-002,August,f1338f8ca902790308fa736b89a2896371eac5dcf2454f406c98d763d9ac1698,context_link
snap-074-003,August,f1338f8ca902790308fa736b89a2896371eac5dcf2454f406c98d763d9ac1698,context_link
snap-074-004,August,f1338f8ca902790308fa736b89a2896371eac5dcf2454f406c98d763d9ac1698,context_link
snap-074-005,August,f1338f8ca902790308fa736b89a2896371eac5dcf2454f406c98d763d9ac1698,context_link
snap-074-006,August,f1338f8ca902790308fa736b89a2896371eac5dcf2454f406c98d763d9ac1698,context_link
snap-074-007,August,f1338f8ca902790308fa736b89a2896371eac5dcf2454f406c98d763d9ac1698,context_link
snap-075-000,Auto show,94390f8e93f9bc0418e25413fa75a7d9902a5827c3663e8a53b0ba63259ad159,entity_card
snap-075-001,Auto show,94390f8e93f9bc0418e25413fa75a7d9902a5827c3663e8a53b0ba63259ad159,context_link
snap-075-002,Auto show,94390f8e93f9bc0418e25413fa75a7d9902a5827c3663e8a53b0ba63259ad159,context_link
snap-075-003,Auto show,94390f8e93f9bc0418e25413fa75a7d9902a5827c3663e8a53b0ba63259ad159,context_link
snap-076-000,Automated Transfer Vehicle,7a0e8c103508108823a2176a2233f5c99b4c46368eba32b2d95c278bb7c1a11c,entity_card
snap-076-001,Automated Transfer Vehicle,7a0e8c103508108823a2176a2233f5c99b4c46368eba32b2d95c278bb7c1a11c,context_link
snap-076-002,Automated Transfer Vehicle,7a0e8c103508108823a2176a2233f5c99b4c46368eba32b2d95c278bb7c1a11c,context_link
snap-076-003,Automated Transfer Vehicle,7a0e8c103508108823a2176a2233f5c99b4c46368eba32b2d95c278bb7c1a11c,context_link
snap-076-004,Automated Transfer Vehicle,7a0e8c103508108823a2176a2233f5c99b4c46368eba32b2d95c278bb7c1a11c,context_link
snap-076-005,Automated Transfer Vehicle,7a0e8c103508108823a2176a2233f5c99b4c46368eba32b2d95c278bb7c1a11c,context_link
snap-076-006,Automated Transfer Vehicle,7a0e8c103508108823a2176a2233f5c99b4c46368eba32b2d95c278bb7c1a11c,context_link
snap-076-007,Automated Transfer Vehicle,7a0e8c103508108823a2176a2233f5c99b4c46368eba32b2d95c278bb7c1a11c,context_link
snap-076-008,Automated Transfer Vehicle,7a0e8c103508108823a2176a2233f5c99b4c46368eba32b2d95c278bb7c1a11c,context_link
snap-076-009,Automated Transfer Vehicle,7a0e8c103508108823a2176a2233f5c99b4c46368eba32b2d95c278bb7c1a11c,context_link
snap-076-010,Automated Transfer Vehicle,7a0e8c103508108823a2176a2233f5c99b4c46368eba32b2d95c278bb7c1a11c,context_link
snap-076-011,Automated Transfer Vehicle,7a0e8c103508108823a2176a2233f5c99b4c46368eba32b2d95c278bb7c1a11c,context_link
snap-076-012,Automated Transfer Vehicle,7a0e8c103508108823a2176a2233f5c99b4c46368eba32b2d95c278bb7c1a11c,context_link
snap-076-013,Automated Transfer Vehicle,7a0e8c103508108823a2176a2233f5c99b4c46368eba32b2d95c278bb7c1a11c,context_link
snap-076-014,Automated Transfer Vehicle,7a0e8c103508108823a2176a2233f5c99b4c46368eba32b2d95c278bb7c1a11c,context_link
snap-076-015,Automated Transfer Vehicle,7a0e8c103508108823a2176a2233f5c99b4c46368eba32b2d95c278bb7c1a11c,context_link
snap-077-000,Automotive industry,6d24a9be4d87b30a4e25e5298eea27267d5adbfa189662a7ef9090f23e11d3c7,entity_card
snap-077-001,Automotive industry,6d24a9be4d87b30a4e25e5298eea27267d5adbfa189662a7ef9090f23e11d3c7,context_link
snap-077-002,Automotive industry,6d24a9be4d87b30a4e25e5298eea27267d5adbfa189662a7ef9090f23e11d3c7,context_link
snap-077-003,Automotive industry,6d24a9be4d87b30a4e25e5298eea27267d5adbfa189662a7ef9090f23e11d3c7,context_link
snap-077-004,Automotive industry,6d24a9be4d87b30a4e25e5298eea27267d5adbfa189662a7ef9090f23e11d3c7,context_link
snap-077-005,Automotive industry,6d24a9be4d87b30a4e25e5298eea27267d5adbfa189662a7ef9090f23e11d3c7,context_link
snap-077-006,Automotive industry,6d24a9be4d87b30a4e25e5298eea27267d5adbfa189662a7ef9090f23e11d3c7,context_link
snap-077-007,Automotive industry,6d24a9be4d87b30a4e25e5298eea27267d5adbfa189662a7ef9090f23e11d3c7,context_link
snap-077-008,Automotive industry,6d24a9be4d87b30a4e25e5298eea27267d5adbfa189662a7ef9090f23e11d3c7,context_link
snap-077-009,Automotive industry,6d24a9be4d87b30a4e25e5298eea27267d5adbfa189662a7ef9090f23e11d3c7,context_link
snap-077-010,Automotive industry,6d24a9be4d87b30a4e25e5298eea27267d5adbfa189662a7ef9090f23e11d3c7,context_link
snap-078-000,Autopilot,11550916d6a93d5485711138c618ee3f612f98fe9297614ddb7614213fd19406,entity_card
snap-078-001,Autopilot,11550916d6a93d5485711138c618ee3f612f98fe9297614ddb7614213fd19406,context_link
snap-078-002,Autopilot,11550916d6a93d5485711138c618ee3f612f98fe9297614ddb7614213fd19406,context_link
snap-078-003,Autopilot,11550916d6a93d5485711138c618ee3f612f98fe9297614ddb7614213fd19406,context_link
snap-078-004,Autopilot,11550916d6a93d5485711138c618ee3f612f98fe9297614ddb7614213fd19406,context_link
snap-078-005,Autopilot,11550916d6a93d5485711138c618ee3f612f98fe9297614ddb7614213fd19406,context_link
snap-078-006,Autopilot,11550916d6a93d5485711138c618ee3f612f98fe9297614ddb7614213fd19406,context_link
snap-078-007,Autopilot,11550916d6a93d5485711138c618ee3f612f98fe9297614ddb7614213fd19406,context_link
snap-079-000,Axiom Space,48e54c0a4f52f77f0118bfeb473602ee1f5907533c392e8bc3500662615a0a02,entity_card
snap-079-001,Axiom Space,48e54c0a4f52f77f0118bfeb473602ee1f5907533c392e8bc3500662615a0a02,context_link
snap-079-002,Axiom Space,48e54c0a4f52f77f0118bfeb473602ee1f5907533c392e8bc3500662615a0a02,context_link
snap-079-003,Axiom Space,48e54c0a4f52f77f0118bfeb473602ee1f5907533c392e8bc3500662615a0a02,context_link
snap-079-004,Axiom Space,48e54c0a4f52f77f0118bfeb473602ee1f5907533c392e8bc3500662615a0a02,context_link
snap-079-005,Axiom Space,48e54c0a4f52f77f0118bfeb473602ee1f5907533c392e8bc3500662615a0a02,context_link
snap-079-006,Axiom Space,48e54c0a4f52f77f0118bfeb473602ee1f5907533c392e8bc3500662615a0a02,context_link
snap-079-007,Axiom Space,48e54c0a4f52f77f0118bfeb473602ee1f5907533c392e8bc3500662615a0a02,context_link
snap-079-008,Axiom Space,48e54c0a4f52f77f0118bfeb473602ee1f5907533c392e8bc3500662615a0a02,context_link
snap-079-009,Axiom Space,48e54c0a4f52f77f0118bfeb473602ee1f5907533c392e8bc3500662615a0a02,context_link
snap-079-010,Axiom Space,48e54c0a4f52f77f0118bfeb473602ee1f5907533c392e8bc3500662615a0a02,context_link
snap-079-011,Axiom Space,48e54c0a4f52f77f0118bfeb473602ee1f5907533c392e8bc3500662615a0a02,context_link
snap-079-012,Axiom Space,48e54c0a4f52f77f0118bfeb473602ee1f5907533c392e8bc3500662615a0a02,context_link
snap-079-013,Axiom Space,48e54c0a4f52f77f0118bfeb473602ee1f5907533c392e8bc3500662615a0a02,context_link
snap-079-014,Axiom Space,48e54c0a4f52f77f0118bfeb473602ee1f5907533c392e8bc3500662615a0a02,context_link
snap-079-015,Axiom Space,48e54c0a4f52f77f0118bfeb473602ee1f5907533c392e8bc3500662615a0a02,context_link
snap-079-016,Axiom Space,48e54c0a4f52f77f0118bfeb473602ee1f5907533c392e8bc3500662615a0a02,context_link
snap-079-017,Axiom Space,48e54c0a4f52f77f0118bfeb473602ee1f5907533c392e8bc3500662615a0a02,context_link
snap-080-000,Axiom Station,21c126a30329042e2ea075067d96daf527c4e3ed326f7379d23ff4aed5673d24,entity_card
snap-080-001,Axiom Station,21c126a30329042e2ea075067d96daf527c4e3ed326f7379d23ff4aed5673d24,context_link
snap-080-002,Axiom Station,21c126a30329042e2ea075067d96daf527c4e3ed326f7379d23ff4aed5673d24,context_link
snap-080-003,Axiom Station,21c126a30329042e2ea075067d96daf527c4e3ed326f7379d23ff4aed5673d24,context_link
snap-080-004,Axiom Station,21c126a30329042e2ea075067d96daf527c4e3ed326f7379d23ff4aed5673d24,context_link
snap-080-005,Axiom Station,21c126a30329042e2ea075067d96daf527c4e3ed326f7379d23ff4aed5673d24,context_link
snap-080-006,Axiom Station,21c126a30329042e2ea075067d96daf527c4e3ed326f7379d23ff4aed5673d24,context_link
snap-080-007,Axiom Station,21c126a30329042e2ea075067d96daf527c4e3ed326f7379d23ff4aed5673d24,context_link
snap-081-000,B. C. Forbes,bd9b85b8423e862c7251e780d1b54be1c4f7fec73b56d73233f573d4fb583c0c,entity_card
snap-081-001,B. C. Forbes,bd9b85b8423e862c7251e780d1b54be1c4f7fec73b56d73233f573d4fb583c0c,context_link
snap-081-002,B. C. Forbes,bd9b85b8423e862c7251e780d1b54be1c4f7fec73b56d73233f573d4fb583c0c,context_link
snap-081-003,B. C. Forbes,bd9b85b8423e862c7251e780d1b54be1c4f7fec73b56d73233f573d4fb583c0c,context_link
snap-081-004,B. C. Forbes,bd9b85b8423e862c7251e780d1b54be1c4f7fec73b56d73233f573d4fb583c0c,context_link
snap-081-005,B. C. Forbes,bd9b85b8423e862c7251e780d1b54be1c4f7fec73b56d73233f573d4fb583c0c,context_link
snap-081-006,B. C. Forbes,bd9b85b8423e862c7251e780d1b54be1c4f7fec73b56d73233f573d4fb583c0c,context_link
snap-081-007,B. C. Forbes,bd9b85b8423e862c7251e780d1b54be1c4f7fec73b56d73233f573d4fb583c0c,context_link
snap-081-008,B. C. Forbes,bd9b85b8423e862c7251e780d1b54be1c4f7fec73b56d73233f573d4fb583c0c,context_link
snap-081-009,B. C. Forbes,bd9b85b8423e862c7251e780d1b54be1c4f7fec73b56d73233f573d4fb583c0c,context_link
snap-081-010,B. C. Forbes,bd9b85b8423e862c7251e780d1b54be1c4f7fec73b56d73233f573d4fb583c0c,context_link
snap-082-000,BAE Systems,104342dc7ce1be19c436e73b5abcbfbdd4375bd86edec2346d4eae11d414d0b6,entity_card
snap-082-001,BAE Systems,104342dc7ce1be19c436e73b5abcbfbdd4375bd86edec2346d4eae11d414d0b6,context_link
snap-082-002,BAE Systems,104342dc7ce1be19c436e73b5abcbfbdd4375bd86edec2346d4eae11d414d0b6,context_link
snap-082-003,BAE Systems,104342dc7ce1be19c436e73b5abcbfbdd4375bd86edec2346d4eae11d414d0b6,context_link
snap-082-004,BAE Systems,104342dc7ce1be19c436e73b5abcbfbdd4375bd86edec2346d4eae11d414d0b6,context_link
snap-082-005,BAE Systems,104342dc7ce1be19c436e73b5abcbfbdd4375bd86edec2346d4eae11d414d0b6,context_link
snap-082-006,BAE Systems,104342dc7ce1be19c436e73b5abcbfbdd4375bd86edec2346d4eae11d414d0b6,context_link
snap-082-007,BAE Systems,104342dc7ce1be19c436e73b5abcbfbdd4375bd86edec2346d4eae11d414d0b6,context_link
snap-082-008,BAE Systems,104342dc7ce1be19c436e73b5abcbfbdd4375bd86edec2346d4eae11d414d0b6,context_link
snap-082-009,BAE Systems,104342dc7ce1be19c436e73b5abcbfbdd4375bd86edec2346d4eae11d414d0b6,context_link
snap-082-010,BAE Systems,104342dc7ce1be19c436e73b5abcbfbdd4375bd86edec2346d4eae11d414d0b6,context_link
snap-082-011,BAE Systems,104342dc7ce1be19c436e73b5abcbfbdd4375bd86edec2346d4eae11d414d0b6,context_link
snap-083-000,BSE SENSEX,74c102828a42f88617ca1e84422db0c493c8547647dd0ac61e958df286508c05,entity_card
snap-083-001,BSE SENSEX,74c102828a42f88617ca1e84422db0c493c8547647dd0ac61e958df286508c05,context_link
snap-083-002,BSE SENSEX,74c102828a42f88617ca1e84422db0c493c8547647dd0ac61e958df286508c05,context_link
snap-083-003,BSE SENSEX,74c102828a42f88617ca1e84422db0c493c8547647dd0ac61e958df286508c05,context_link
snap-083-004,BSE SENSEX,74c102828a42f88617ca1e84422db0c493c8547647dd0ac61e958df286508c05,context_link
snap-083-005,BSE SENSEX,74c102828a42f88617ca1e84422db0c493c8547647dd0ac61e958df286508c05,context_link
snap-083-006,BSE SENSEX,74c102828a42f88617ca1e84422db0c493c8547647dd0ac61e958df286508c05,context_link
snap-083-007,BSE SENSEX,74c102828a42f88617ca1e84422db0c493c8547647dd0ac61e958df286508c05,context_link
snap-083-008,BSE SENSEX,74c102828a42f88617ca1e84422db0c493c8547647dd0ac61e958df286508c05,context_link
snap-083-009,BSE SENSEX,74c102828a42f88617ca1e84422db0c493c8547647dd0ac61e958df286508c05,context_link
snap-083-010,BSE SENSEX,74c102828a42f88617ca1e84422db0c493c8547647dd0ac61e958df286508c05,context_link
snap-083-011,BSE SENSEX,74c102828a42f88617ca1e84422db0c493c8547647dd0ac61e958df286508c05,context_link
snap-084-000,BYD M3,2f0d5e9a8b6acb1476824ffe1e0ef08c229b5bb275e6eab87e7953e8a7c78dcb,entity_card
snap-084-001,BYD M3,2f0d5e9a8b6acb1476824ffe1e0ef08c229b5bb275e6eab87e7953e8a7c78dcb,context_link
snap-084-002,BYD M3,2f0d5e9a8b6acb1476824ffe1e0ef08c229b5bb275e6eab87e7953e8a7c78dcb,context_link
snap-084-003,BYD M3,2f0d5e9a8b6acb1476824ffe1e0ef08c229b5bb275e6eab87e7953e8a7c78dcb,context_link
snap-084-004,BYD M3,2f0d5e9a8b6acb1476824ffe1e0ef08c229b5bb275e6eab87e7953e8a7c78dcb,context_link
snap-084-005,BYD M3,2f0d5e9a8b6acb1476824ffe1e0ef08c229b5bb275e6eab87e7953e8a7c78dcb,context_link
snap-085-000,Baby boom,e8868efed4839f9e13fd4be28c0eb00298c3784e8bc946cf350bdb3a2e2daace,entity_card
snap-085-001,Baby boom,e8868efed4839f9e13fd4be28c0eb00298c3784e8bc946cf350bdb3a2e2daace,context_link
snap-085-002,Baby boom,e8868efed4839f9e13fd4be28c0eb00298c3784e8bc946cf350bdb3a2e2daace,context_link
snap-085-003,Baby boom,e8868efed4839f9e13fd4be28c0eb00298c3784e8bc946cf350bdb3a2e2daace,context_link
snap-085-004,Baby boom,e8868efed4839f9e13fd4be28c0eb00298c3784e8bc946cf350bdb3a2e2daace,source_qualified_fact
snap-086-000,Baidu Tieba,6d5cde512f639bec29db2fe6710bad3d30eac511cd93be94ef183e1f46386bee,entity_card
snap-086-001,Baidu Tieba,6d5cde512f639bec29db2fe6710bad3d30eac511cd93be94ef183e1f46386bee,context_link
snap-086-002,Baidu Tieba,6d5cde512f639bec29db2fe6710bad3d30eac511cd93be94ef183e1f46386bee,context_link
snap-086-003,Baidu Tieba,6d5cde512f639bec29db2fe6710bad3d30eac511cd93be94ef183e1f46386bee,context_link
snap-086-004,Baidu Tieba,6d5cde512f639bec29db2fe6710bad3d30eac511cd93be94ef183e1f46386bee,context_link
snap-086-005,Baidu Tieba,6d5cde512f639bec29db2fe6710bad3d30eac511cd93be94ef183e1f46386bee,context_link
snap-087-000,Baikonur Cosmodrome,a23a7490e566a21ff8a7dc0e4d33bdc98d7f79819f85bc32c64190add4433dc2,entity_card
snap-087-001,Baikonur Cosmodrome,a23a7490e566a21ff8a7dc0e4d33bdc98d7f79819f85bc32c64190add4433dc2,context_link
snap-087-002,Baikonur Cosmodrome,a23a7490e566a21ff8a7dc0e4d33bdc98d7f79819f85bc32c64190add4433dc2,context_link
snap-087-003,Baikonur Cosmodrome,a23a7490e566a21ff8a7dc0e4d33bdc98d7f79819f85bc32c64190add4433dc2,context_link
snap-087-004,Baikonur Cosmodrome,a23a7490e566a21ff8a7dc0e4d33bdc98d7f79819f85bc32c64190add4433dc2,context_link
snap-087-005,Baikonur Cosmodrome,a23a7490e566a21ff8a7dc0e4d33bdc98d7f79819f85bc32c64190add4433dc2,context_link
snap-087-006,Baikonur Cosmodrome,a23a7490e566a21ff8a7dc0e4d33bdc98d7f79819f85bc32c64190add4433dc2,context_link
snap-087-007,Baikonur Cosmodrome,a23a7490e566a21ff8a7dc0e4d33bdc98d7f79819f85bc32c64190add4433dc2,context_link
snap-087-008,Baikonur Cosmodrome,a23a7490e566a21ff8a7dc0e4d33bdc98d7f79819f85bc32c64190add4433dc2,context_link
snap-087-009,Baikonur Cosmodrome,a23a7490e566a21ff8a7dc0e4d33bdc98d7f79819f85bc32c64190add4433dc2,context_link
snap-087-010,Baikonur Cosmodrome,a23a7490e566a21ff8a7dc0e4d33bdc98d7f79819f85bc32c64190add4433dc2,context_link
snap-087-011,Baikonur Cosmodrome,a23a7490e566a21ff8a7dc0e4d33bdc98d7f79819f85bc32c64190add4433dc2,context_link
snap-087-012,Baikonur Cosmodrome,a23a7490e566a21ff8a7dc0e4d33bdc98d7f79819f85bc32c64190add4433dc2,context_link
snap-088-000,Ballistic missile,d7a7680cd7dc963439adfae96c8097abdeb6eae069d8004a70d4e4f1ee95da4b,entity_card
snap-088-001,Ballistic missile,d7a7680cd7dc963439adfae96c8097abdeb6eae069d8004a70d4e4f1ee95da4b,context_link
snap-088-002,Ballistic missile,d7a7680cd7dc963439adfae96c8097abdeb6eae069d8004a70d4e4f1ee95da4b,context_link
snap-088-003,Ballistic missile,d7a7680cd7dc963439adfae96c8097abdeb6eae069d8004a70d4e4f1ee95da4b,context_link
snap-088-004,Ballistic missile,d7a7680cd7dc963439adfae96c8097abdeb6eae069d8004a70d4e4f1ee95da4b,context_link
snap-088-005,Ballistic missile,d7a7680cd7dc963439adfae96c8097abdeb6eae069d8004a70d4e4f1ee95da4b,context_link
snap-088-006,Ballistic missile,d7a7680cd7dc963439adfae96c8097abdeb6eae069d8004a70d4e4f1ee95da4b,context_link
snap-088-007,Ballistic missile,d7a7680cd7dc963439adfae96c8097abdeb6eae069d8004a70d4e4f1ee95da4b,context_link
snap-088-008,Ballistic missile,d7a7680cd7dc963439adfae96c8097abdeb6eae069d8004a70d4e4f1ee95da4b,context_link
snap-088-009,Ballistic missile,d7a7680cd7dc963439adfae96c8097abdeb6eae069d8004a70d4e4f1ee95da4b,context_link
snap-088-010,Ballistic missile,d7a7680cd7dc963439adfae96c8097abdeb6eae069d8004a70d4e4f1ee95da4b,context_link
snap-088-011,Ballistic missile,d7a7680cd7dc963439adfae96c8097abdeb6eae069d8004a70d4e4f1ee95da4b,context_link
snap-088-012,Ballistic missile,d7a7680cd7dc963439adfae96c8097abdeb6eae069d8004a70d4e4f1ee95da4b,context_link
snap-088-013,Ballistic missile,d7a7680cd7dc963439adfae96c8097abdeb6eae069d8004a70d4e4f1ee95da4b,context_link
snap-088-014,Ballistic missile,d7a7680cd7dc963439adfae96c8097abdeb6eae069d8004a70d4e4f1ee95da4b,context_link
snap-088-015,Ballistic missile,d7a7680cd7dc963439adfae96c8097abdeb6eae069d8004a70d4e4f1ee95da4b,context_link
snap-089-000,Baltimore Orioles,6fa7298e5b7e9b4011a948cdd5974a99581e9405bbacbb3737567f01b626a061,entity_card
snap-089-001,Baltimore Orioles,6fa7298e5b7e9b4011a948cdd5974a99581e9405bbacbb3737567f01b626a061,context_link
snap-089-002,Baltimore Orioles,6fa7298e5b7e9b4011a948cdd5974a99581e9405bbacbb3737567f01b626a061,context_link
snap-090-000,Bangladesh Satellite-1,65d29d0ecc2b3bee1c13098c065dbf9caec5a0ff7ba61e495b524e708684453f,entity_card
snap-090-001,Bangladesh Satellite-1,65d29d0ecc2b3bee1c13098c065dbf9caec5a0ff7ba61e495b524e708684453f,context_link
snap-090-002,Bangladesh Satellite-1,65d29d0ecc2b3bee1c13098c065dbf9caec5a0ff7ba61e495b524e708684453f,context_link
snap-090-003,Bangladesh Satellite-1,65d29d0ecc2b3bee1c13098c065dbf9caec5a0ff7ba61e495b524e708684453f,context_link
snap-090-004,Bangladesh Satellite-1,65d29d0ecc2b3bee1c13098c065dbf9caec5a0ff7ba61e495b524e708684453f,context_link
snap-090-005,Bangladesh Satellite-1,65d29d0ecc2b3bee1c13098c065dbf9caec5a0ff7ba61e495b524e708684453f,context_link
snap-090-006,Bangladesh Satellite-1,65d29d0ecc2b3bee1c13098c065dbf9caec5a0ff7ba61e495b524e708684453f,context_link
snap-090-007,Bangladesh Satellite-1,65d29d0ecc2b3bee1c13098c065dbf9caec5a0ff7ba61e495b524e708684453f,context_link
snap-090-008,Bangladesh Satellite-1,65d29d0ecc2b3bee1c13098c065dbf9caec5a0ff7ba61e495b524e708684453f,context_link
snap-090-009,Bangladesh Satellite-1,65d29d0ecc2b3bee1c13098c065dbf9caec5a0ff7ba61e495b524e708684453f,context_link
snap-090-010,Bangladesh Satellite-1,65d29d0ecc2b3bee1c13098c065dbf9caec5a0ff7ba61e495b524e708684453f,context_link
snap-090-011,Bangladesh Satellite-1,65d29d0ecc2b3bee1c13098c065dbf9caec5a0ff7ba61e495b524e708684453f,context_link
snap-090-012,Bangladesh Satellite-1,65d29d0ecc2b3bee1c13098c065dbf9caec5a0ff7ba61e495b524e708684453f,context_link
snap-091-000,Bankers Trust,ef7d26c3a00912268f6ce1f900e9bd60251ceb85a082799f2e860609c22cea17,entity_card
snap-091-001,Bankers Trust,ef7d26c3a00912268f6ce1f900e9bd60251ceb85a082799f2e860609c22cea17,context_link
snap-091-002,Bankers Trust,ef7d26c3a00912268f6ce1f900e9bd60251ceb85a082799f2e860609c22cea17,context_link
snap-091-003,Bankers Trust,ef7d26c3a00912268f6ce1f900e9bd60251ceb85a082799f2e860609c22cea17,context_link
snap-091-004,Bankers Trust,ef7d26c3a00912268f6ce1f900e9bd60251ceb85a082799f2e860609c22cea17,context_link
snap-091-005,Bankers Trust,ef7d26c3a00912268f6ce1f900e9bd60251ceb85a082799f2e860609c22cea17,context_link
snap-092-000,Barack Obama,f3e7f3c6c16bb6f4e3db9db50e6f9a19a6eab0da1f6a90e8bfaa4ca9c8f3fa98,entity_card
snap-092-001,Barack Obama,f3e7f3c6c16bb6f4e3db9db50e6f9a19a6eab0da1f6a90e8bfaa4ca9c8f3fa98,context_link
snap-092-002,Barack Obama,f3e7f3c6c16bb6f4e3db9db50e6f9a19a6eab0da1f6a90e8bfaa4ca9c8f3fa98,context_link
snap-092-003,Barack Obama,f3e7f3c6c16bb6f4e3db9db50e6f9a19a6eab0da1f6a90e8bfaa4ca9c8f3fa98,context_link
snap-092-004,Barack Obama,f3e7f3c6c16bb6f4e3db9db50e6f9a19a6eab0da1f6a90e8bfaa4ca9c8f3fa98,context_link
snap-092-005,Barack Obama,f3e7f3c6c16bb6f4e3db9db50e6f9a19a6eab0da1f6a90e8bfaa4ca9c8f3fa98,context_link
snap-092-006,Barack Obama,f3e7f3c6c16bb6f4e3db9db50e6f9a19a6eab0da1f6a90e8bfaa4ca9c8f3fa98,context_link
snap-092-007,Barack Obama,f3e7f3c6c16bb6f4e3db9db50e6f9a19a6eab0da1f6a90e8bfaa4ca9c8f3fa98,context_link
snap-092-008,Barack Obama,f3e7f3c6c16bb6f4e3db9db50e6f9a19a6eab0da1f6a90e8bfaa4ca9c8f3fa98,context_link
snap-093-000,Barbara Morgan,a24b034a1f91ce78b62f508a29753964f96bdff91103296b7dbd36537b22c4d3,entity_card
snap-093-001,Barbara Morgan,a24b034a1f91ce78b62f508a29753964f96bdff91103296b7dbd36537b22c4d3,context_link
snap-093-002,Barbara Morgan,a24b034a1f91ce78b62f508a29753964f96bdff91103296b7dbd36537b22c4d3,context_link
snap-093-003,Barbara Morgan,a24b034a1f91ce78b62f508a29753964f96bdff91103296b7dbd36537b22c4d3,context_link
snap-093-004,Barbara Morgan,a24b034a1f91ce78b62f508a29753964f96bdff91103296b7dbd36537b22c4d3,context_link
snap-093-005,Barbara Morgan,a24b034a1f91ce78b62f508a29753964f96bdff91103296b7dbd36537b22c4d3,context_link
snap-093-006,Barbara Morgan,a24b034a1f91ce78b62f508a29753964f96bdff91103296b7dbd36537b22c4d3,context_link
snap-093-007,Barbara Morgan,a24b034a1f91ce78b62f508a29753964f96bdff91103296b7dbd36537b22c4d3,context_link
snap-093-008,Barbara Morgan,a24b034a1f91ce78b62f508a29753964f96bdff91103296b7dbd36537b22c4d3,context_link
snap-093-009,Barbara Morgan,a24b034a1f91ce78b62f508a29753964f96bdff91103296b7dbd36537b22c4d3,context_link
snap-093-010,Barbara Morgan,a24b034a1f91ce78b62f508a29753964f96bdff91103296b7dbd36537b22c4d3,context_link
snap-093-011,Barbara Morgan,a24b034a1f91ce78b62f508a29753964f96bdff91103296b7dbd36537b22c4d3,context_link
snap-093-012,Barbara Morgan,a24b034a1f91ce78b62f508a29753964f96bdff91103296b7dbd36537b22c4d3,context_link
snap-093-013,Barbara Morgan,a24b034a1f91ce78b62f508a29753964f96bdff91103296b7dbd36537b22c4d3,context_link
snap-093-014,Barbara Morgan,a24b034a1f91ce78b62f508a29753964f96bdff91103296b7dbd36537b22c4d3,context_link
snap-094-000,Barry Goldwater,d9752dc37fa698a903b63c6ce0f1ec23f6bd44c67be08ef1b4ac97142a7b2b17,entity_card
snap-094-001,Barry Goldwater,d9752dc37fa698a903b63c6ce0f1ec23f6bd44c67be08ef1b4ac97142a7b2b17,context_link
snap-094-002,Barry Goldwater,d9752dc37fa698a903b63c6ce0f1ec23f6bd44c67be08ef1b4ac97142a7b2b17,context_link
snap-094-003,Barry Goldwater,d9752dc37fa698a903b63c6ce0f1ec23f6bd44c67be08ef1b4ac97142a7b2b17,context_link
snap-094-004,Barry Goldwater,d9752dc37fa698a903b63c6ce0f1ec23f6bd44c67be08ef1b4ac97142a7b2b17,context_link
snap-094-005,Barry Goldwater,d9752dc37fa698a903b63c6ce0f1ec23f6bd44c67be08ef1b4ac97142a7b2b17,context_link
snap-094-006,Barry Goldwater,d9752dc37fa698a903b63c6ce0f1ec23f6bd44c67be08ef1b4ac97142a7b2b17,context_link
snap-094-007,Barry Goldwater,d9752dc37fa698a903b63c6ce0f1ec23f6bd44c67be08ef1b4ac97142a7b2b17,context_link
snap-094-008,Barry Goldwater,d9752dc37fa698a903b63c6ce0f1ec23f6bd44c67be08ef1b4ac97142a7b2b17,context_link
snap-094-009,Barry Goldwater,d9752dc37fa698a903b63c6ce0f1ec23f6bd44c67be08ef1b4ac97142a7b2b17,context_link
snap-094-010,Barry Goldwater,d9752dc37fa698a903b63c6ce0f1ec23f6bd44c67be08ef1b4ac97142a7b2b17,context_link
snap-094-011,Barry Goldwater,d9752dc37fa698a903b63c6ce0f1ec23f6bd44c67be08ef1b4ac97142a7b2b17,context_link
snap-095-000,Battery energy storage system,026f05e9e76aaa8e3a14b50848c8e49b4b806dbe1ed7d06d248c0b648e508b03,entity_card
snap-095-001,Battery energy storage system,026f05e9e76aaa8e3a14b50848c8e49b4b806dbe1ed7d06d248c0b648e508b03,context_link
snap-095-002,Battery energy storage system,026f05e9e76aaa8e3a14b50848c8e49b4b806dbe1ed7d06d248c0b648e508b03,context_link
snap-095-003,Battery energy storage system,026f05e9e76aaa8e3a14b50848c8e49b4b806dbe1ed7d06d248c0b648e508b03,context_link
snap-095-004,Battery energy storage system,026f05e9e76aaa8e3a14b50848c8e49b4b806dbe1ed7d06d248c0b648e508b03,context_link
snap-095-005,Battery energy storage system,026f05e9e76aaa8e3a14b50848c8e49b4b806dbe1ed7d06d248c0b648e508b03,context_link
snap-096-000,Bell Labs,d0f7d57b9ce274db779b2424ac57639c01e8b552c19abe7954a3316f9a8897d3,entity_card
snap-096-001,Bell Labs,d0f7d57b9ce274db779b2424ac57639c01e8b552c19abe7954a3316f9a8897d3,context_link
snap-096-002,Bell Labs,d0f7d57b9ce274db779b2424ac57639c01e8b552c19abe7954a3316f9a8897d3,context_link
snap-097-000,Bell X-1,d805b518e91f16d4b5a4ed69abc0d897d5dd4b3b225f7f36c68d163707ff91c3,entity_card
snap-097-001,Bell X-1,d805b518e91f16d4b5a4ed69abc0d897d5dd4b3b225f7f36c68d163707ff91c3,context_link
snap-097-002,Bell X-1,d805b518e91f16d4b5a4ed69abc0d897d5dd4b3b225f7f36c68d163707ff91c3,context_link
snap-097-003,Bell X-1,d805b518e91f16d4b5a4ed69abc0d897d5dd4b3b225f7f36c68d163707ff91c3,context_link
snap-097-004,Bell X-1,d805b518e91f16d4b5a4ed69abc0d897d5dd4b3b225f7f36c68d163707ff91c3,context_link
snap-097-005,Bell X-1,d805b518e91f16d4b5a4ed69abc0d897d5dd4b3b225f7f36c68d163707ff91c3,context_link
snap-097-006,Bell X-1,d805b518e91f16d4b5a4ed69abc0d897d5dd4b3b225f7f36c68d163707ff91c3,context_link
snap-097-007,Bell X-1,d805b518e91f16d4b5a4ed69abc0d897d5dd4b3b225f7f36c68d163707ff91c3,context_link
snap-098-000,Benjamin Franklin,497d5ba7d5d7bf95ebaae19cd053a34f19b5ccc2a4026a6c0fe5a395dc45a5f3,entity_card
snap-098-001,Benjamin Franklin,497d5ba7d5d7bf95ebaae19cd053a34f19b5ccc2a4026a6c0fe5a395dc45a5f3,definition_claim
snap-098-002,Benjamin Franklin,497d5ba7d5d7bf95ebaae19cd053a34f19b5ccc2a4026a6c0fe5a395dc45a5f3,context_link
snap-098-003,Benjamin Franklin,497d5ba7d5d7bf95ebaae19cd053a34f19b5ccc2a4026a6c0fe5a395dc45a5f3,context_link
snap-098-004,Benjamin Franklin,497d5ba7d5d7bf95ebaae19cd053a34f19b5ccc2a4026a6c0fe5a395dc45a5f3,context_link
snap-098-005,Benjamin Franklin,497d5ba7d5d7bf95ebaae19cd053a34f19b5ccc2a4026a6c0fe5a395dc45a5f3,context_link
snap-098-006,Benjamin Franklin,497d5ba7d5d7bf95ebaae19cd053a34f19b5ccc2a4026a6c0fe5a395dc45a5f3,context_link
snap-098-007,Benjamin Franklin,497d5ba7d5d7bf95ebaae19cd053a34f19b5ccc2a4026a6c0fe5a395dc45a5f3,context_link
snap-098-008,Benjamin Franklin,497d5ba7d5d7bf95ebaae19cd053a34f19b5ccc2a4026a6c0fe5a395dc45a5f3,context_link
snap-099-000,Bentley,b2918c852a1a96e9b4366404c584f44535a9c9ab2c4ea1e3d2f6d0c355617652,entity_card
snap-099-001,Bentley,b2918c852a1a96e9b4366404c584f44535a9c9ab2c4ea1e3d2f6d0c355617652,context_link
snap-099-002,Bentley,b2918c852a1a96e9b4366404c584f44535a9c9ab2c4ea1e3d2f6d0c355617652,context_link
snap-099-003,Bentley,b2918c852a1a96e9b4366404c584f44535a9c9ab2c4ea1e3d2f6d0c355617652,context_link
snap-099-004,Bentley,b2918c852a1a96e9b4366404c584f44535a9c9ab2c4ea1e3d2f6d0c355617652,context_link
snap-099-005,Bentley,b2918c852a1a96e9b4366404c584f44535a9c9ab2c4ea1e3d2f6d0c355617652,context_link
snap-099-006,Bentley,b2918c852a1a96e9b4366404c584f44535a9c9ab2c4ea1e3d2f6d0c355617652,context_link
snap-099-007,Bentley,b2918c852a1a96e9b4366404c584f44535a9c9ab2c4ea1e3d2f6d0c355617652,context_link
snap-099-008,Bentley,b2918c852a1a96e9b4366404c584f44535a9c9ab2c4ea1e3d2f6d0c355617652,context_link
snap-099-009,Bentley,b2918c852a1a96e9b4366404c584f44535a9c9ab2c4ea1e3d2f6d0c355617652,context_link
snap-099-010,Bentley,b2918c852a1a96e9b4366404c584f44535a9c9ab2c4ea1e3d2f6d0c355617652,context_link
snap-100-000,Berkeley DB,079106421005811aea717c2a3def6999d0c59bdd2ef5e709f1bff96fd2fd601b,entity_card
snap-100-001,Berkeley DB,079106421005811aea717c2a3def6999d0c59bdd2ef5e709f1bff96fd2fd601b,context_link
snap-100-002,Berkeley DB,079106421005811aea717c2a3def6999d0c59bdd2ef5e709f1bff96fd2fd601b,context_link
snap-100-003,Berkeley DB,079106421005811aea717c2a3def6999d0c59bdd2ef5e709f1bff96fd2fd601b,context_link
snap-100-004,Berkeley DB,079106421005811aea717c2a3def6999d0c59bdd2ef5e709f1bff96fd2fd601b,context_link
snap-100-005,Berkeley DB,079106421005811aea717c2a3def6999d0c59bdd2ef5e709f1bff96fd2fd601b,context_link
snap-100-006,Berkeley DB,079106421005811aea717c2a3def6999d0c59bdd2ef5e709f1bff96fd2fd601b,context_link
snap-100-007,Berkeley DB,079106421005811aea717c2a3def6999d0c59bdd2ef5e709f1bff96fd2fd601b,context_link
snap-100-008,Berkeley DB,079106421005811aea717c2a3def6999d0c59bdd2ef5e709f1bff96fd2fd601b,context_link
snap-101-000,Berkshire Hathaway,f63567ba321043412645754a55a0af1169a6b8a6c19760f954c75adbf80471f3,entity_card
snap-101-001,Berkshire Hathaway,f63567ba321043412645754a55a0af1169a6b8a6c19760f954c75adbf80471f3,context_link
snap-101-002,Berkshire Hathaway,f63567ba321043412645754a55a0af1169a6b8a6c19760f954c75adbf80471f3,context_link
snap-101-003,Berkshire Hathaway,f63567ba321043412645754a55a0af1169a6b8a6c19760f954c75adbf80471f3,context_link
snap-102-000,Berlin Model,bb1544e860d06b6dd4432a14ce32234a799a3cf9c70e7fb2a5bc98e89537a138,entity_card
snap-102-001,Berlin Model,bb1544e860d06b6dd4432a14ce32234a799a3cf9c70e7fb2a5bc98e89537a138,context_link
snap-102-002,Berlin Model,bb1544e860d06b6dd4432a14ce32234a799a3cf9c70e7fb2a5bc98e89537a138,context_link
snap-102-003,Berlin Model,bb1544e860d06b6dd4432a14ce32234a799a3cf9c70e7fb2a5bc98e89537a138,context_link
snap-103-000,Bernard Jean,fa1f2f8f04ffd48a2c5100005c8d603a190cc848e1d913e612f14078eb413c22,entity_card
snap-104-000,Bernie Ecclestone,1de6290c5d876d4e276170b92c713650b329fd7d278d8e3455d671f77aa60ea7,entity_card
snap-104-001,Bernie Ecclestone,1de6290c5d876d4e276170b92c713650b329fd7d278d8e3455d671f77aa60ea7,context_link
snap-104-002,Bernie Ecclestone,1de6290c5d876d4e276170b92c713650b329fd7d278d8e3455d671f77aa60ea7,context_link
snap-104-003,Bernie Ecclestone,1de6290c5d876d4e276170b92c713650b329fd7d278d8e3455d671f77aa60ea7,context_link
snap-104-004,Bernie Ecclestone,1de6290c5d876d4e276170b92c713650b329fd7d278d8e3455d671f77aa60ea7,context_link
snap-104-005,Bernie Ecclestone,1de6290c5d876d4e276170b92c713650b329fd7d278d8e3455d671f77aa60ea7,context_link
snap-105-000,Bezos Expeditions,23fa4c8b00440c96581eb86ea9a217fb16317b65e5c7cc7473f631af218f8856,entity_card
snap-105-001,Bezos Expeditions,23fa4c8b00440c96581eb86ea9a217fb16317b65e5c7cc7473f631af218f8856,context_link
snap-105-002,Bezos Expeditions,23fa4c8b00440c96581eb86ea9a217fb16317b65e5c7cc7473f631af218f8856,context_link
snap-105-003,Bezos Expeditions,23fa4c8b00440c96581eb86ea9a217fb16317b65e5c7cc7473f631af218f8856,context_link
snap-105-004,Bezos Expeditions,23fa4c8b00440c96581eb86ea9a217fb16317b65e5c7cc7473f631af218f8856,context_link
snap-105-005,Bezos Expeditions,23fa4c8b00440c96581eb86ea9a217fb16317b65e5c7cc7473f631af218f8856,context_link
snap-105-006,Bezos Expeditions,23fa4c8b00440c96581eb86ea9a217fb16317b65e5c7cc7473f631af218f8856,context_link
snap-105-007,Bezos Expeditions,23fa4c8b00440c96581eb86ea9a217fb16317b65e5c7cc7473f631af218f8856,context_link
snap-105-008,Bezos Expeditions,23fa4c8b00440c96581eb86ea9a217fb16317b65e5c7cc7473f631af218f8856,context_link
snap-105-009,Bezos Expeditions,23fa4c8b00440c96581eb86ea9a217fb16317b65e5c7cc7473f631af218f8856,context_link
snap-105-010,Bezos Expeditions,23fa4c8b00440c96581eb86ea9a217fb16317b65e5c7cc7473f631af218f8856,context_link
snap-106-000,Big Tech,a35e5898ffcbe902911ee2724348267fa6240e5ca53bbbcb14ca80491c28ab41,entity_card
snap-106-001,Big Tech,a35e5898ffcbe902911ee2724348267fa6240e5ca53bbbcb14ca80491c28ab41,context_link
snap-106-002,Big Tech,a35e5898ffcbe902911ee2724348267fa6240e5ca53bbbcb14ca80491c28ab41,context_link
snap-106-003,Big Tech,a35e5898ffcbe902911ee2724348267fa6240e5ca53bbbcb14ca80491c28ab41,context_link
snap-106-004,Big Tech,a35e5898ffcbe902911ee2724348267fa6240e5ca53bbbcb14ca80491c28ab41,context_link
snap-106-005,Big Tech,a35e5898ffcbe902911ee2724348267fa6240e5ca53bbbcb14ca80491c28ab41,context_link
snap-106-006,Big Tech,a35e5898ffcbe902911ee2724348267fa6240e5ca53bbbcb14ca80491c28ab41,context_link
snap-106-007,Big Tech,a35e5898ffcbe902911ee2724348267fa6240e5ca53bbbcb14ca80491c28ab41,context_link
snap-106-008,Big Tech,a35e5898ffcbe902911ee2724348267fa6240e5ca53bbbcb14ca80491c28ab41,context_link
snap-106-009,Big Tech,a35e5898ffcbe902911ee2724348267fa6240e5ca53bbbcb14ca80491c28ab41,context_link
snap-106-010,Big Tech,a35e5898ffcbe902911ee2724348267fa6240e5ca53bbbcb14ca80491c28ab41,context_link
snap-106-011,Big Tech,a35e5898ffcbe902911ee2724348267fa6240e5ca53bbbcb14ca80491c28ab41,context_link
snap-106-012,Big Tech,a35e5898ffcbe902911ee2724348267fa6240e5ca53bbbcb14ca80491c28ab41,context_link
snap-106-013,Big Tech,a35e5898ffcbe902911ee2724348267fa6240e5ca53bbbcb14ca80491c28ab41,context_link
snap-107-000,Bigelow Aerospace,75147204762b6e9722e46955ff07052abc155272db87625906b0d508d3c75582,entity_card
snap-107-001,Bigelow Aerospace,75147204762b6e9722e46955ff07052abc155272db87625906b0d508d3c75582,context_link
snap-107-002,Bigelow Aerospace,75147204762b6e9722e46955ff07052abc155272db87625906b0d508d3c75582,context_link
snap-107-003,Bigelow Aerospace,75147204762b6e9722e46955ff07052abc155272db87625906b0d508d3c75582,context_link
snap-107-004,Bigelow Aerospace,75147204762b6e9722e46955ff07052abc155272db87625906b0d508d3c75582,context_link
snap-107-005,Bigelow Aerospace,75147204762b6e9722e46955ff07052abc155272db87625906b0d508d3c75582,context_link
snap-107-006,Bigelow Aerospace,75147204762b6e9722e46955ff07052abc155272db87625906b0d508d3c75582,context_link
snap-107-007,Bigelow Aerospace,75147204762b6e9722e46955ff07052abc155272db87625906b0d508d3c75582,context_link
snap-107-008,Bigelow Aerospace,75147204762b6e9722e46955ff07052abc155272db87625906b0d508d3c75582,context_link
snap-107-009,Bigelow Aerospace,75147204762b6e9722e46955ff07052abc155272db87625906b0d508d3c75582,context_link
snap-107-010,Bigelow Aerospace,75147204762b6e9722e46955ff07052abc155272db87625906b0d508d3c75582,context_link
snap-107-011,Bigelow Aerospace,75147204762b6e9722e46955ff07052abc155272db87625906b0d508d3c75582,context_link
snap-108-000,Bill Gates,e6b233d9e4f8d83ab808186177cc5c30ccc7374f029f32d1b3e48e1e2bcad2b9,entity_card
snap-108-001,Bill Gates,e6b233d9e4f8d83ab808186177cc5c30ccc7374f029f32d1b3e48e1e2bcad2b9,context_link
snap-108-002,Bill Gates,e6b233d9e4f8d83ab808186177cc5c30ccc7374f029f32d1b3e48e1e2bcad2b9,context_link
snap-108-003,Bill Gates,e6b233d9e4f8d83ab808186177cc5c30ccc7374f029f32d1b3e48e1e2bcad2b9,context_link
snap-108-004,Bill Gates,e6b233d9e4f8d83ab808186177cc5c30ccc7374f029f32d1b3e48e1e2bcad2b9,context_link
snap-109-000,Biz Stone,417a3e69fb539a8baa41817355f76d5264f730875532e375735f3d80fb9ee736,entity_card
snap-109-001,Biz Stone,417a3e69fb539a8baa41817355f76d5264f730875532e375735f3d80fb9ee736,context_link
snap-109-002,Biz Stone,417a3e69fb539a8baa41817355f76d5264f730875532e375735f3d80fb9ee736,context_link
snap-109-003,Biz Stone,417a3e69fb539a8baa41817355f76d5264f730875532e375735f3d80fb9ee736,context_link
snap-109-004,Biz Stone,417a3e69fb539a8baa41817355f76d5264f730875532e375735f3d80fb9ee736,context_link
snap-110-000,Blade Runner,5419da1dfd7fa359a4912f7b22821da668bb4f8d095a1c6c1cdc2ac00b5a3df2,entity_card
snap-110-001,Blade Runner,5419da1dfd7fa359a4912f7b22821da668bb4f8d095a1c6c1cdc2ac00b5a3df2,context_link
snap-110-002,Blade Runner,5419da1dfd7fa359a4912f7b22821da668bb4f8d095a1c6c1cdc2ac00b5a3df2,context_link
snap-110-003,Blade Runner,5419da1dfd7fa359a4912f7b22821da668bb4f8d095a1c6c1cdc2ac00b5a3df2,context_link
snap-110-004,Blade Runner,5419da1dfd7fa359a4912f7b22821da668bb4f8d095a1c6c1cdc2ac00b5a3df2,context_link
snap-110-005,Blade Runner,5419da1dfd7fa359a4912f7b22821da668bb4f8d095a1c6c1cdc2ac00b5a3df2,context_link
snap-110-006,Blade Runner,5419da1dfd7fa359a4912f7b22821da668bb4f8d095a1c6c1cdc2ac00b5a3df2,context_link
snap-111-000,Bloomberg Billionaires Index,8360c3e4ea58823f7704878bebaecb4eabbdc5e3b01425ff6754e4dcf9eb2115,entity_card
snap-111-001,Bloomberg Billionaires Index,8360c3e4ea58823f7704878bebaecb4eabbdc5e3b01425ff6754e4dcf9eb2115,context_link
snap-111-002,Bloomberg Billionaires Index,8360c3e4ea58823f7704878bebaecb4eabbdc5e3b01425ff6754e4dcf9eb2115,context_link
snap-111-003,Bloomberg Billionaires Index,8360c3e4ea58823f7704878bebaecb4eabbdc5e3b01425ff6754e4dcf9eb2115,context_link
snap-111-004,Bloomberg Billionaires Index,8360c3e4ea58823f7704878bebaecb4eabbdc5e3b01425ff6754e4dcf9eb2115,context_link
snap-111-005,Bloomberg Billionaires Index,8360c3e4ea58823f7704878bebaecb4eabbdc5e3b01425ff6754e4dcf9eb2115,context_link
snap-111-006,Bloomberg Billionaires Index,8360c3e4ea58823f7704878bebaecb4eabbdc5e3b01425ff6754e4dcf9eb2115,context_link
snap-111-007,Bloomberg Billionaires Index,8360c3e4ea58823f7704878bebaecb4eabbdc5e3b01425ff6754e4dcf9eb2115,context_link
snap-111-008,Bloomberg Billionaires Index,8360c3e4ea58823f7704878bebaecb4eabbdc5e3b01425ff6754e4dcf9eb2115,context_link
snap-111-009,Bloomberg Billionaires Index,8360c3e4ea58823f7704878bebaecb4eabbdc5e3b01425ff6754e4dcf9eb2115,context_link
snap-111-010,Bloomberg Billionaires Index,8360c3e4ea58823f7704878bebaecb4eabbdc5e3b01425ff6754e4dcf9eb2115,context_link
snap-111-011,Bloomberg Billionaires Index,8360c3e4ea58823f7704878bebaecb4eabbdc5e3b01425ff6754e4dcf9eb2115,context_link
snap-111-012,Bloomberg Billionaires Index,8360c3e4ea58823f7704878bebaecb4eabbdc5e3b01425ff6754e4dcf9eb2115,context_link
snap-111-013,Bloomberg Billionaires Index,8360c3e4ea58823f7704878bebaecb4eabbdc5e3b01425ff6754e4dcf9eb2115,context_link
snap-111-014,Bloomberg Billionaires Index,8360c3e4ea58823f7704878bebaecb4eabbdc5e3b01425ff6754e4dcf9eb2115,context_link
snap-111-015,Bloomberg Billionaires Index,8360c3e4ea58823f7704878bebaecb4eabbdc5e3b01425ff6754e4dcf9eb2115,context_link
snap-111-016,Bloomberg Billionaires Index,8360c3e4ea58823f7704878bebaecb4eabbdc5e3b01425ff6754e4dcf9eb2115,context_link
snap-111-017,Bloomberg Billionaires Index,8360c3e4ea58823f7704878bebaecb4eabbdc5e3b01425ff6754e4dcf9eb2115,context_link
snap-111-018,Bloomberg Billionaires Index,8360c3e4ea58823f7704878bebaecb4eabbdc5e3b01425ff6754e4dcf9eb2115,context_link
snap-111-019,Bloomberg Billionaires Index,8360c3e4ea58823f7704878bebaecb4eabbdc5e3b01425ff6754e4dcf9eb2115,context_link
snap-111-020,Bloomberg Billionaires Index,8360c3e4ea58823f7704878bebaecb4eabbdc5e3b01425ff6754e4dcf9eb2115,context_link
snap-112-000,Bloomberg Businessweek,9590692239c626ae702a5f10336bd325d922e4b47f6b5804933ec9970ed90166,entity_card
snap-112-001,Bloomberg Businessweek,9590692239c626ae702a5f10336bd325d922e4b47f6b5804933ec9970ed90166,context_link
snap-112-002,Bloomberg Businessweek,9590692239c626ae702a5f10336bd325d922e4b47f6b5804933ec9970ed90166,context_link
snap-112-003,Bloomberg Businessweek,9590692239c626ae702a5f10336bd325d922e4b47f6b5804933ec9970ed90166,context_link
snap-112-004,Bloomberg Businessweek,9590692239c626ae702a5f10336bd325d922e4b47f6b5804933ec9970ed90166,context_link
snap-112-005,Bloomberg Businessweek,9590692239c626ae702a5f10336bd325d922e4b47f6b5804933ec9970ed90166,context_link
snap-112-006,Bloomberg Businessweek,9590692239c626ae702a5f10336bd325d922e4b47f6b5804933ec9970ed90166,context_link
snap-112-007,Bloomberg Businessweek,9590692239c626ae702a5f10336bd325d922e4b47f6b5804933ec9970ed90166,context_link
snap-112-008,Bloomberg Businessweek,9590692239c626ae702a5f10336bd325d922e4b47f6b5804933ec9970ed90166,context_link
snap-112-009,Bloomberg Businessweek,9590692239c626ae702a5f10336bd325d922e4b47f6b5804933ec9970ed90166,context_link
snap-112-010,Bloomberg Businessweek,9590692239c626ae702a5f10336bd325d922e4b47f6b5804933ec9970ed90166,context_link
snap-113-000,Bloomberg Government,0ebe190cba83e8f07e239bb025d7b56270b77cb78e6456f69ad177878db07625,entity_card
snap-113-001,Bloomberg Government,0ebe190cba83e8f07e239bb025d7b56270b77cb78e6456f69ad177878db07625,context_link
snap-113-002,Bloomberg Government,0ebe190cba83e8f07e239bb025d7b56270b77cb78e6456f69ad177878db07625,context_link
snap-113-003,Bloomberg Government,0ebe190cba83e8f07e239bb025d7b56270b77cb78e6456f69ad177878db07625,context_link
snap-113-004,Bloomberg Government,0ebe190cba83e8f07e239bb025d7b56270b77cb78e6456f69ad177878db07625,context_link
snap-113-005,Bloomberg Government,0ebe190cba83e8f07e239bb025d7b56270b77cb78e6456f69ad177878db07625,context_link
snap-113-006,Bloomberg Government,0ebe190cba83e8f07e239bb025d7b56270b77cb78e6456f69ad177878db07625,context_link
snap-114-000,Bloomberg L.P.,f900dae8ba9d94db71701590f6e71ff9e242fefca2bf921ae4932caf6a406f54,entity_card
snap-114-001,Bloomberg L.P.,f900dae8ba9d94db71701590f6e71ff9e242fefca2bf921ae4932caf6a406f54,context_link
snap-114-002,Bloomberg L.P.,f900dae8ba9d94db71701590f6e71ff9e242fefca2bf921ae4932caf6a406f54,context_link
snap-114-003,Bloomberg L.P.,f900dae8ba9d94db71701590f6e71ff9e242fefca2bf921ae4932caf6a406f54,context_link
snap-114-004,Bloomberg L.P.,f900dae8ba9d94db71701590f6e71ff9e242fefca2bf921ae4932caf6a406f54,context_link
snap-114-005,Bloomberg L.P.,f900dae8ba9d94db71701590f6e71ff9e242fefca2bf921ae4932caf6a406f54,context_link
snap-114-006,Bloomberg L.P.,f900dae8ba9d94db71701590f6e71ff9e242fefca2bf921ae4932caf6a406f54,context_link
snap-114-007,Bloomberg L.P.,f900dae8ba9d94db71701590f6e71ff9e242fefca2bf921ae4932caf6a406f54,context_link
snap-114-008,Bloomberg L.P.,f900dae8ba9d94db71701590f6e71ff9e242fefca2bf921ae4932caf6a406f54,context_link
snap-114-009,Bloomberg L.P.,f900dae8ba9d94db71701590f6e71ff9e242fefca2bf921ae4932caf6a406f54,context_link
snap-114-010,Bloomberg L.P.,f900dae8ba9d94db71701590f6e71ff9e242fefca2bf921ae4932caf6a406f54,context_link
snap-114-011,Bloomberg L.P.,f900dae8ba9d94db71701590f6e71ff9e242fefca2bf921ae4932caf6a406f54,context_link
snap-115-000,Bloomberg Law,ec07de8d016ad1db6c344376d4cef6d6e30a42646ce8344a4900a1614425cdf8,entity_card
snap-115-001,Bloomberg Law,ec07de8d016ad1db6c344376d4cef6d6e30a42646ce8344a4900a1614425cdf8,context_link
snap-115-002,Bloomberg Law,ec07de8d016ad1db6c344376d4cef6d6e30a42646ce8344a4900a1614425cdf8,context_link
snap-115-003,Bloomberg Law,ec07de8d016ad1db6c344376d4cef6d6e30a42646ce8344a4900a1614425cdf8,context_link
snap-115-004,Bloomberg Law,ec07de8d016ad1db6c344376d4cef6d6e30a42646ce8344a4900a1614425cdf8,context_link
snap-115-005,Bloomberg Law,ec07de8d016ad1db6c344376d4cef6d6e30a42646ce8344a4900a1614425cdf8,context_link
snap-115-006,Bloomberg Law,ec07de8d016ad1db6c344376d4cef6d6e30a42646ce8344a4900a1614425cdf8,context_link
snap-115-007,Bloomberg Law,ec07de8d016ad1db6c344376d4cef6d6e30a42646ce8344a4900a1614425cdf8,context_link
snap-115-008,Bloomberg Law,ec07de8d016ad1db6c344376d4cef6d6e30a42646ce8344a4900a1614425cdf8,context_link
snap-115-009,Bloomberg Law,ec07de8d016ad1db6c344376d4cef6d6e30a42646ce8344a4900a1614425cdf8,context_link
snap-116-000,Bloomberg Markets,3a8ed2e6d9d4e3bcffb43beb6ac9519265b1a7a2fb9224e2d952122601d89e26,entity_card
snap-116-001,Bloomberg Markets,3a8ed2e6d9d4e3bcffb43beb6ac9519265b1a7a2fb9224e2d952122601d89e26,context_link
snap-116-002,Bloomberg Markets,3a8ed2e6d9d4e3bcffb43beb6ac9519265b1a7a2fb9224e2d952122601d89e26,context_link
snap-116-003,Bloomberg Markets,3a8ed2e6d9d4e3bcffb43beb6ac9519265b1a7a2fb9224e2d952122601d89e26,context_link
snap-116-004,Bloomberg Markets,3a8ed2e6d9d4e3bcffb43beb6ac9519265b1a7a2fb9224e2d952122601d89e26,context_link
snap-116-005,Bloomberg Markets,3a8ed2e6d9d4e3bcffb43beb6ac9519265b1a7a2fb9224e2d952122601d89e26,context_link
snap-116-006,Bloomberg Markets,3a8ed2e6d9d4e3bcffb43beb6ac9519265b1a7a2fb9224e2d952122601d89e26,context_link
snap-117-000,Bloomberg News,5f2b497b36057e3b5acf921c6c81b728f76f31ec3e4cb28a98a76e41e5446986,entity_card
snap-117-001,Bloomberg News,5f2b497b36057e3b5acf921c6c81b728f76f31ec3e4cb28a98a76e41e5446986,context_link
snap-117-002,Bloomberg News,5f2b497b36057e3b5acf921c6c81b728f76f31ec3e4cb28a98a76e41e5446986,context_link
snap-117-003,Bloomberg News,5f2b497b36057e3b5acf921c6c81b728f76f31ec3e4cb28a98a76e41e5446986,context_link
snap-117-004,Bloomberg News,5f2b497b36057e3b5acf921c6c81b728f76f31ec3e4cb28a98a76e41e5446986,context_link
snap-117-005,Bloomberg News,5f2b497b36057e3b5acf921c6c81b728f76f31ec3e4cb28a98a76e41e5446986,context_link
snap-117-006,Bloomberg News,5f2b497b36057e3b5acf921c6c81b728f76f31ec3e4cb28a98a76e41e5446986,context_link
snap-117-007,Bloomberg News,5f2b497b36057e3b5acf921c6c81b728f76f31ec3e4cb28a98a76e41e5446986,context_link
snap-117-008,Bloomberg News,5f2b497b36057e3b5acf921c6c81b728f76f31ec3e4cb28a98a76e41e5446986,context_link
snap-118-000,Bloomberg Radio,0da158393a5e81d2699e97fbd510a8c854049d13a0e9b3014d1d0da891bde425,entity_card
snap-118-001,Bloomberg Radio,0da158393a5e81d2699e97fbd510a8c854049d13a0e9b3014d1d0da891bde425,context_link
snap-118-002,Bloomberg Radio,0da158393a5e81d2699e97fbd510a8c854049d13a0e9b3014d1d0da891bde425,context_link
snap-118-003,Bloomberg Radio,0da158393a5e81d2699e97fbd510a8c854049d13a0e9b3014d1d0da891bde425,context_link
snap-118-004,Bloomberg Radio,0da158393a5e81d2699e97fbd510a8c854049d13a0e9b3014d1d0da891bde425,context_link
snap-118-005,Bloomberg Radio,0da158393a5e81d2699e97fbd510a8c854049d13a0e9b3014d1d0da891bde425,context_link
snap-118-006,Bloomberg Radio,0da158393a5e81d2699e97fbd510a8c854049d13a0e9b3014d1d0da891bde425,context_link
snap-118-007,Bloomberg Radio,0da158393a5e81d2699e97fbd510a8c854049d13a0e9b3014d1d0da891bde425,context_link
snap-118-008,Bloomberg Radio,0da158393a5e81d2699e97fbd510a8c854049d13a0e9b3014d1d0da891bde425,context_link
snap-118-009,Bloomberg Radio,0da158393a5e81d2699e97fbd510a8c854049d13a0e9b3014d1d0da891bde425,context_link
snap-118-010,Bloomberg Radio,0da158393a5e81d2699e97fbd510a8c854049d13a0e9b3014d1d0da891bde425,context_link
snap-118-011,Bloomberg Radio,0da158393a5e81d2699e97fbd510a8c854049d13a0e9b3014d1d0da891bde425,context_link
snap-118-012,Bloomberg Radio,0da158393a5e81d2699e97fbd510a8c854049d13a0e9b3014d1d0da891bde425,context_link
snap-118-013,Bloomberg Radio,0da158393a5e81d2699e97fbd510a8c854049d13a0e9b3014d1d0da891bde425,context_link
snap-118-014,Bloomberg Radio,0da158393a5e81d2699e97fbd510a8c854049d13a0e9b3014d1d0da891bde425,context_link
snap-119-000,Bloomberg Television,2132e9131619aaff9da992f1a2189c0f8ffa19bca3e026b687481e70d831f677,entity_card
snap-119-001,Bloomberg Television,2132e9131619aaff9da992f1a2189c0f8ffa19bca3e026b687481e70d831f677,context_link
snap-119-002,Bloomberg Television,2132e9131619aaff9da992f1a2189c0f8ffa19bca3e026b687481e70d831f677,context_link
snap-119-003,Bloomberg Television,2132e9131619aaff9da992f1a2189c0f8ffa19bca3e026b687481e70d831f677,context_link
snap-119-004,Bloomberg Television,2132e9131619aaff9da992f1a2189c0f8ffa19bca3e026b687481e70d831f677,context_link
snap-119-005,Bloomberg Television,2132e9131619aaff9da992f1a2189c0f8ffa19bca3e026b687481e70d831f677,context_link
snap-119-006,Bloomberg Television,2132e9131619aaff9da992f1a2189c0f8ffa19bca3e026b687481e70d831f677,context_link
snap-119-007,Bloomberg Television,2132e9131619aaff9da992f1a2189c0f8ffa19bca3e026b687481e70d831f677,context_link
snap-119-008,Bloomberg Television,2132e9131619aaff9da992f1a2189c0f8ffa19bca3e026b687481e70d831f677,context_link
snap-119-009,Bloomberg Television,2132e9131619aaff9da992f1a2189c0f8ffa19bca3e026b687481e70d831f677,context_link
snap-119-010,Bloomberg Television,2132e9131619aaff9da992f1a2189c0f8ffa19bca3e026b687481e70d831f677,context_link
snap-120-000,Bloomberg Terminal,182ad2a9d79886741ccca8ec5bd389aaae100d46a2942aab9823efb006afced5,entity_card
snap-120-001,Bloomberg Terminal,182ad2a9d79886741ccca8ec5bd389aaae100d46a2942aab9823efb006afced5,context_link
snap-120-002,Bloomberg Terminal,182ad2a9d79886741ccca8ec5bd389aaae100d46a2942aab9823efb006afced5,context_link
snap-120-003,Bloomberg Terminal,182ad2a9d79886741ccca8ec5bd389aaae100d46a2942aab9823efb006afced5,context_link
snap-120-004,Bloomberg Terminal,182ad2a9d79886741ccca8ec5bd389aaae100d46a2942aab9823efb006afced5,context_link
snap-120-005,Bloomberg Terminal,182ad2a9d79886741ccca8ec5bd389aaae100d46a2942aab9823efb006afced5,context_link
snap-120-006,Bloomberg Terminal,182ad2a9d79886741ccca8ec5bd389aaae100d46a2942aab9823efb006afced5,context_link
snap-120-007,Bloomberg Terminal,182ad2a9d79886741ccca8ec5bd389aaae100d46a2942aab9823efb006afced5,context_link
snap-120-008,Bloomberg Terminal,182ad2a9d79886741ccca8ec5bd389aaae100d46a2942aab9823efb006afced5,context_link
snap-120-009,Bloomberg Terminal,182ad2a9d79886741ccca8ec5bd389aaae100d46a2942aab9823efb006afced5,context_link
snap-120-010,Bloomberg Terminal,182ad2a9d79886741ccca8ec5bd389aaae100d46a2942aab9823efb006afced5,context_link
snap-121-000,Blue Origin NS-16,a2f9a676c1f55938672c32a906e3b1148dfe2b5be7bf97d5a659322579a61ab5,entity_card
snap-121-001,Blue Origin NS-16,a2f9a676c1f55938672c32a906e3b1148dfe2b5be7bf97d5a659322579a61ab5,context_link
snap-121-002,Blue Origin NS-16,a2f9a676c1f55938672c32a906e3b1148dfe2b5be7bf97d5a659322579a61ab5,context_link
snap-122-000,Blue Origin NS-17,cad0e4b2efb238edacec8271ba82fb42a0a5530aaf4b98703b0ee35919901e7a,entity_card
snap-122-001,Blue Origin NS-17,cad0e4b2efb238edacec8271ba82fb42a0a5530aaf4b98703b0ee35919901e7a,context_link
snap-122-002,Blue Origin NS-17,cad0e4b2efb238edacec8271ba82fb42a0a5530aaf4b98703b0ee35919901e7a,context_link
snap-122-003,Blue Origin NS-17,cad0e4b2efb238edacec8271ba82fb42a0a5530aaf4b98703b0ee35919901e7a,context_link
snap-122-004,Blue Origin NS-17,cad0e4b2efb238edacec8271ba82fb42a0a5530aaf4b98703b0ee35919901e7a,context_link
snap-122-005,Blue Origin NS-17,cad0e4b2efb238edacec8271ba82fb42a0a5530aaf4b98703b0ee35919901e7a,context_link
snap-122-006,Blue Origin NS-17,cad0e4b2efb238edacec8271ba82fb42a0a5530aaf4b98703b0ee35919901e7a,context_link
snap-122-007,Blue Origin NS-17,cad0e4b2efb238edacec8271ba82fb42a0a5530aaf4b98703b0ee35919901e7a,context_link
snap-122-008,Blue Origin NS-17,cad0e4b2efb238edacec8271ba82fb42a0a5530aaf4b98703b0ee35919901e7a,context_link
snap-122-009,Blue Origin NS-17,cad0e4b2efb238edacec8271ba82fb42a0a5530aaf4b98703b0ee35919901e7a,context_link
snap-123-000,Blue Origin NS-18,a2da74b35a1dc9d512519b60ea943316f71d2d27aa6d48688b8a43470723a106,entity_card
snap-123-001,Blue Origin NS-18,a2da74b35a1dc9d512519b60ea943316f71d2d27aa6d48688b8a43470723a106,context_link
snap-123-002,Blue Origin NS-18,a2da74b35a1dc9d512519b60ea943316f71d2d27aa6d48688b8a43470723a106,context_link
snap-123-003,Blue Origin NS-18,a2da74b35a1dc9d512519b60ea943316f71d2d27aa6d48688b8a43470723a106,context_link
snap-123-004,Blue Origin NS-18,a2da74b35a1dc9d512519b60ea943316f71d2d27aa6d48688b8a43470723a106,context_link
snap-123-005,Blue Origin NS-18,a2da74b35a1dc9d512519b60ea943316f71d2d27aa6d48688b8a43470723a106,context_link
snap-123-006,Blue Origin NS-18,a2da74b35a1dc9d512519b60ea943316f71d2d27aa6d48688b8a43470723a106,context_link
snap-123-007,Blue Origin NS-18,a2da74b35a1dc9d512519b60ea943316f71d2d27aa6d48688b8a43470723a106,context_link
snap-123-008,Blue Origin NS-18,a2da74b35a1dc9d512519b60ea943316f71d2d27aa6d48688b8a43470723a106,context_link
snap-124-000,Blue Origin NS-19,7c9ed1a014dc557eb9be1adab6184f1942cc5fb0b40319dc7e57e79034861ede,entity_card
snap-124-001,Blue Origin NS-19,7c9ed1a014dc557eb9be1adab6184f1942cc5fb0b40319dc7e57e79034861ede,context_link
snap-124-002,Blue Origin NS-19,7c9ed1a014dc557eb9be1adab6184f1942cc5fb0b40319dc7e57e79034861ede,context_link
snap-124-003,Blue Origin NS-19,7c9ed1a014dc557eb9be1adab6184f1942cc5fb0b40319dc7e57e79034861ede,context_link
snap-124-004,Blue Origin NS-19,7c9ed1a014dc557eb9be1adab6184f1942cc5fb0b40319dc7e57e79034861ede,context_link
snap-124-005,Blue Origin NS-19,7c9ed1a014dc557eb9be1adab6184f1942cc5fb0b40319dc7e57e79034861ede,context_link
snap-124-006,Blue Origin NS-19,7c9ed1a014dc557eb9be1adab6184f1942cc5fb0b40319dc7e57e79034861ede,context_link
snap-125-000,Blue Origin NS-20,e5ab42abc8a3cbee2a22fcb16f7f35eaae0da1a5bd040d9a5371bacd9d3ecb84,entity_card
snap-126-000,Blue Origin NS-21,bbfb3d389c03a7247342f6defa179b540ebb7f23f2aa729b8a8bbbd50f558a98,entity_card
snap-126-001,Blue Origin NS-21,bbfb3d389c03a7247342f6defa179b540ebb7f23f2aa729b8a8bbbd50f558a98,context_link
snap-126-002,Blue Origin NS-21,bbfb3d389c03a7247342f6defa179b540ebb7f23f2aa729b8a8bbbd50f558a98,context_link
snap-126-003,Blue Origin NS-21,bbfb3d389c03a7247342f6defa179b540ebb7f23f2aa729b8a8bbbd50f558a98,context_link
snap-126-004,Blue Origin NS-21,bbfb3d389c03a7247342f6defa179b540ebb7f23f2aa729b8a8bbbd50f558a98,context_link
snap-126-005,Blue Origin NS-21,bbfb3d389c03a7247342f6defa179b540ebb7f23f2aa729b8a8bbbd50f558a98,context_link
snap-126-006,Blue Origin NS-21,bbfb3d389c03a7247342f6defa179b540ebb7f23f2aa729b8a8bbbd50f558a98,context_link
snap-126-007,Blue Origin NS-21,bbfb3d389c03a7247342f6defa179b540ebb7f23f2aa729b8a8bbbd50f558a98,context_link
snap-126-008,Blue Origin NS-21,bbfb3d389c03a7247342f6defa179b540ebb7f23f2aa729b8a8bbbd50f558a98,context_link
snap-127-000,Blue Origin NS-23,12a9123a376fa13a9715c3992b778e8ead47b56f728719740cc5b833dc912d39,entity_card
snap-127-001,Blue Origin NS-23,12a9123a376fa13a9715c3992b778e8ead47b56f728719740cc5b833dc912d39,context_link
snap-127-002,Blue Origin NS-23,12a9123a376fa13a9715c3992b778e8ead47b56f728719740cc5b833dc912d39,context_link
snap-127-003,Blue Origin NS-23,12a9123a376fa13a9715c3992b778e8ead47b56f728719740cc5b833dc912d39,context_link
snap-127-004,Blue Origin NS-23,12a9123a376fa13a9715c3992b778e8ead47b56f728719740cc5b833dc912d39,context_link
snap-127-005,Blue Origin NS-23,12a9123a376fa13a9715c3992b778e8ead47b56f728719740cc5b833dc912d39,context_link
snap-127-006,Blue Origin NS-23,12a9123a376fa13a9715c3992b778e8ead47b56f728719740cc5b833dc912d39,context_link
snap-127-007,Blue Origin NS-23,12a9123a376fa13a9715c3992b778e8ead47b56f728719740cc5b833dc912d39,context_link
snap-127-008,Blue Origin NS-23,12a9123a376fa13a9715c3992b778e8ead47b56f728719740cc5b833dc912d39,context_link
snap-127-009,Blue Origin NS-23,12a9123a376fa13a9715c3992b778e8ead47b56f728719740cc5b833dc912d39,context_link
snap-128-000,Blue Ring,c7fb3d30cd84899329ed2590cc6a5da5653e7e96c1179050d56a6299d7a52470,entity_card
snap-128-001,Blue Ring,c7fb3d30cd84899329ed2590cc6a5da5653e7e96c1179050d56a6299d7a52470,context_link
snap-128-002,Blue Ring,c7fb3d30cd84899329ed2590cc6a5da5653e7e96c1179050d56a6299d7a52470,context_link
snap-128-003,Blue Ring,c7fb3d30cd84899329ed2590cc6a5da5653e7e96c1179050d56a6299d7a52470,context_link
snap-128-004,Blue Ring,c7fb3d30cd84899329ed2590cc6a5da5653e7e96c1179050d56a6299d7a52470,context_link
snap-128-005,Blue Ring,c7fb3d30cd84899329ed2590cc6a5da5653e7e96c1179050d56a6299d7a52470,context_link
snap-128-006,Blue Ring,c7fb3d30cd84899329ed2590cc6a5da5653e7e96c1179050d56a6299d7a52470,context_link
snap-128-007,Blue Ring,c7fb3d30cd84899329ed2590cc6a5da5653e7e96c1179050d56a6299d7a52470,context_link
snap-129-000,Blue moon,458f4546b7f8e7aff250fa18f85c820f65c9a1c41132b05a5fb8175327aa65b9,entity_card
snap-129-001,Blue moon,458f4546b7f8e7aff250fa18f85c820f65c9a1c41132b05a5fb8175327aa65b9,context_link
snap-129-002,Blue moon,458f4546b7f8e7aff250fa18f85c820f65c9a1c41132b05a5fb8175327aa65b9,context_link
snap-130-000,Bob Miner,7484ff7b99c4ecab67b4071f55f066d8ecdd76b9dca29f00215260296fedf9d0,entity_card
snap-130-001,Bob Miner,7484ff7b99c4ecab67b4071f55f066d8ecdd76b9dca29f00215260296fedf9d0,context_link
snap-130-002,Bob Miner,7484ff7b99c4ecab67b4071f55f066d8ecdd76b9dca29f00215260296fedf9d0,context_link
snap-130-003,Bob Miner,7484ff7b99c4ecab67b4071f55f066d8ecdd76b9dca29f00215260296fedf9d0,context_link
snap-130-004,Bob Miner,7484ff7b99c4ecab67b4071f55f066d8ecdd76b9dca29f00215260296fedf9d0,context_link
snap-130-005,Bob Miner,7484ff7b99c4ecab67b4071f55f066d8ecdd76b9dca29f00215260296fedf9d0,context_link
snap-130-006,Bob Miner,7484ff7b99c4ecab67b4071f55f066d8ecdd76b9dca29f00215260296fedf9d0,context_link
snap-130-007,Bob Miner,7484ff7b99c4ecab67b4071f55f066d8ecdd76b9dca29f00215260296fedf9d0,context_link
snap-130-008,Bob Miner,7484ff7b99c4ecab67b4071f55f066d8ecdd76b9dca29f00215260296fedf9d0,context_link
snap-130-009,Bob Miner,7484ff7b99c4ecab67b4071f55f066d8ecdd76b9dca29f00215260296fedf9d0,context_link
snap-130-010,Bob Miner,7484ff7b99c4ecab67b4071f55f066d8ecdd76b9dca29f00215260296fedf9d0,context_link
snap-130-011,Bob Miner,7484ff7b99c4ecab67b4071f55f066d8ecdd76b9dca29f00215260296fedf9d0,context_link
snap-130-012,Bob Miner,7484ff7b99c4ecab67b4071f55f066d8ecdd76b9dca29f00215260296fedf9d0,context_link
snap-130-013,Bob Miner,7484ff7b99c4ecab67b4071f55f066d8ecdd76b9dca29f00215260296fedf9d0,context_link
snap-130-014,Bob Miner,7484ff7b99c4ecab67b4071f55f066d8ecdd76b9dca29f00215260296fedf9d0,context_link
snap-130-015,Bob Miner,7484ff7b99c4ecab67b4071f55f066d8ecdd76b9dca29f00215260296fedf9d0,context_link
snap-131-000,Boeing,d4e85bb92d6aa592554321b2133e7e0b523c5bc0ac2f978bd4635ebf8d1d31d9,entity_card
snap-131-001,Boeing,d4e85bb92d6aa592554321b2133e7e0b523c5bc0ac2f978bd4635ebf8d1d31d9,context_link
snap-131-002,Boeing,d4e85bb92d6aa592554321b2133e7e0b523c5bc0ac2f978bd4635ebf8d1d31d9,context_link
snap-131-003,Boeing,d4e85bb92d6aa592554321b2133e7e0b523c5bc0ac2f978bd4635ebf8d1d31d9,context_link
snap-131-004,Boeing,d4e85bb92d6aa592554321b2133e7e0b523c5bc0ac2f978bd4635ebf8d1d31d9,context_link
snap-131-005,Boeing,d4e85bb92d6aa592554321b2133e7e0b523c5bc0ac2f978bd4635ebf8d1d31d9,context_link
snap-131-006,Boeing,d4e85bb92d6aa592554321b2133e7e0b523c5bc0ac2f978bd4635ebf8d1d31d9,context_link
snap-131-007,Boeing,d4e85bb92d6aa592554321b2133e7e0b523c5bc0ac2f978bd4635ebf8d1d31d9,context_link
snap-131-008,Boeing,d4e85bb92d6aa592554321b2133e7e0b523c5bc0ac2f978bd4635ebf8d1d31d9,context_link
snap-131-009,Boeing,d4e85bb92d6aa592554321b2133e7e0b523c5bc0ac2f978bd4635ebf8d1d31d9,context_link
snap-131-010,Boeing,d4e85bb92d6aa592554321b2133e7e0b523c5bc0ac2f978bd4635ebf8d1d31d9,context_link
snap-131-011,Boeing,d4e85bb92d6aa592554321b2133e7e0b523c5bc0ac2f978bd4635ebf8d1d31d9,context_link
snap-131-012,Boeing,d4e85bb92d6aa592554321b2133e7e0b523c5bc0ac2f978bd4635ebf8d1d31d9,context_link
snap-132-000,Boeing B-50 Superfortress,8e3c927effd2695aa73281a6f16b99dd1fcce8a30b9e63bbd9af18852300a311,entity_card
snap-132-001,Boeing B-50 Superfortress,8e3c927effd2695aa73281a6f16b99dd1fcce8a30b9e63bbd9af18852300a311,context_link
snap-132-002,Boeing B-50 Superfortress,8e3c927effd2695aa73281a6f16b99dd1fcce8a30b9e63bbd9af18852300a311,context_link
snap-132-003,Boeing B-50 Superfortress,8e3c927effd2695aa73281a6f16b99dd1fcce8a30b9e63bbd9af18852300a311,context_link
snap-132-004,Boeing B-50 Superfortress,8e3c927effd2695aa73281a6f16b99dd1fcce8a30b9e63bbd9af18852300a311,context_link
snap-132-005,Boeing B-50 Superfortress,8e3c927effd2695aa73281a6f16b99dd1fcce8a30b9e63bbd9af18852300a311,context_link
snap-132-006,Boeing B-50 Superfortress,8e3c927effd2695aa73281a6f16b99dd1fcce8a30b9e63bbd9af18852300a311,context_link
snap-132-007,Boeing B-50 Superfortress,8e3c927effd2695aa73281a6f16b99dd1fcce8a30b9e63bbd9af18852300a311,context_link
snap-133-000,Boeing Starliner,d2036a52b70bf91dae85144561f41600712ed4af0dbd7db601c91e56016dd188,entity_card
snap-133-001,Boeing Starliner,d2036a52b70bf91dae85144561f41600712ed4af0dbd7db601c91e56016dd188,context_link
snap-133-002,Boeing Starliner,d2036a52b70bf91dae85144561f41600712ed4af0dbd7db601c91e56016dd188,context_link
snap-133-003,Boeing Starliner,d2036a52b70bf91dae85144561f41600712ed4af0dbd7db601c91e56016dd188,context_link
snap-133-004,Boeing Starliner,d2036a52b70bf91dae85144561f41600712ed4af0dbd7db601c91e56016dd188,context_link
snap-133-005,Boeing Starliner,d2036a52b70bf91dae85144561f41600712ed4af0dbd7db601c91e56016dd188,context_link
snap-133-006,Boeing Starliner,d2036a52b70bf91dae85144561f41600712ed4af0dbd7db601c91e56016dd188,context_link
snap-133-007,Boeing Starliner,d2036a52b70bf91dae85144561f41600712ed4af0dbd7db601c91e56016dd188,context_link
snap-133-008,Boeing Starliner,d2036a52b70bf91dae85144561f41600712ed4af0dbd7db601c91e56016dd188,context_link
snap-133-009,Boeing Starliner,d2036a52b70bf91dae85144561f41600712ed4af0dbd7db601c91e56016dd188,context_link
snap-133-010,Boeing Starliner,d2036a52b70bf91dae85144561f41600712ed4af0dbd7db601c91e56016dd188,context_link
snap-133-011,Boeing Starliner,d2036a52b70bf91dae85144561f41600712ed4af0dbd7db601c91e56016dd188,context_link
snap-133-012,Boeing Starliner,d2036a52b70bf91dae85144561f41600712ed4af0dbd7db601c91e56016dd188,context_link
snap-133-013,Boeing Starliner,d2036a52b70bf91dae85144561f41600712ed4af0dbd7db601c91e56016dd188,context_link
snap-133-014,Boeing Starliner,d2036a52b70bf91dae85144561f41600712ed4af0dbd7db601c91e56016dd188,context_link
snap-133-015,Boeing Starliner,d2036a52b70bf91dae85144561f41600712ed4af0dbd7db601c91e56016dd188,context_link
snap-133-016,Boeing Starliner,d2036a52b70bf91dae85144561f41600712ed4af0dbd7db601c91e56016dd188,context_link
snap-133-017,Boeing Starliner,d2036a52b70bf91dae85144561f41600712ed4af0dbd7db601c91e56016dd188,context_link
snap-134-000,Boeing X-37,76c9a66acc2e9fffb92841f34ee829beb87f4d3b7b35bf0d80300aa6b00beded,entity_card
snap-134-001,Boeing X-37,76c9a66acc2e9fffb92841f34ee829beb87f4d3b7b35bf0d80300aa6b00beded,context_link
snap-134-002,Boeing X-37,76c9a66acc2e9fffb92841f34ee829beb87f4d3b7b35bf0d80300aa6b00beded,context_link
snap-134-003,Boeing X-37,76c9a66acc2e9fffb92841f34ee829beb87f4d3b7b35bf0d80300aa6b00beded,context_link
snap-134-004,Boeing X-37,76c9a66acc2e9fffb92841f34ee829beb87f4d3b7b35bf0d80300aa6b00beded,context_link
snap-134-005,Boeing X-37,76c9a66acc2e9fffb92841f34ee829beb87f4d3b7b35bf0d80300aa6b00beded,context_link
snap-134-006,Boeing X-37,76c9a66acc2e9fffb92841f34ee829beb87f4d3b7b35bf0d80300aa6b00beded,context_link
snap-134-007,Boeing X-37,76c9a66acc2e9fffb92841f34ee829beb87f4d3b7b35bf0d80300aa6b00beded,context_link
snap-134-008,Boeing X-37,76c9a66acc2e9fffb92841f34ee829beb87f4d3b7b35bf0d80300aa6b00beded,context_link
snap-134-009,Boeing X-37,76c9a66acc2e9fffb92841f34ee829beb87f4d3b7b35bf0d80300aa6b00beded,context_link
snap-134-010,Boeing X-37,76c9a66acc2e9fffb92841f34ee829beb87f4d3b7b35bf0d80300aa6b00beded,context_link
snap-134-011,Boeing X-37,76c9a66acc2e9fffb92841f34ee829beb87f4d3b7b35bf0d80300aa6b00beded,context_link
snap-134-012,Boeing X-37,76c9a66acc2e9fffb92841f34ee829beb87f4d3b7b35bf0d80300aa6b00beded,context_link
snap-134-013,Boeing X-37,76c9a66acc2e9fffb92841f34ee829beb87f4d3b7b35bf0d80300aa6b00beded,context_link
snap-134-014,Boeing X-37,76c9a66acc2e9fffb92841f34ee829beb87f4d3b7b35bf0d80300aa6b00beded,context_link
snap-134-015,Boeing X-37,76c9a66acc2e9fffb92841f34ee829beb87f4d3b7b35bf0d80300aa6b00beded,context_link
snap-135-000,Boing Boing,44341664f15c8804d8161b0061eface8ec6fc3e89d9918865cfc0df1d76b1a24,entity_card
snap-135-001,Boing Boing,44341664f15c8804d8161b0061eface8ec6fc3e89d9918865cfc0df1d76b1a24,context_link
snap-135-002,Boing Boing,44341664f15c8804d8161b0061eface8ec6fc3e89d9918865cfc0df1d76b1a24,context_link
snap-135-003,Boing Boing,44341664f15c8804d8161b0061eface8ec6fc3e89d9918865cfc0df1d76b1a24,context_link
snap-135-004,Boing Boing,44341664f15c8804d8161b0061eface8ec6fc3e89d9918865cfc0df1d76b1a24,context_link
snap-135-005,Boing Boing,44341664f15c8804d8161b0061eface8ec6fc3e89d9918865cfc0df1d76b1a24,context_link
snap-135-006,Boing Boing,44341664f15c8804d8161b0061eface8ec6fc3e89d9918865cfc0df1d76b1a24,context_link
snap-135-007,Boing Boing,44341664f15c8804d8161b0061eface8ec6fc3e89d9918865cfc0df1d76b1a24,context_link
snap-135-008,Boing Boing,44341664f15c8804d8161b0061eface8ec6fc3e89d9918865cfc0df1d76b1a24,context_link
snap-135-009,Boing Boing,44341664f15c8804d8161b0061eface8ec6fc3e89d9918865cfc0df1d76b1a24,context_link
snap-135-010,Boing Boing,44341664f15c8804d8161b0061eface8ec6fc3e89d9918865cfc0df1d76b1a24,context_link
snap-135-011,Boing Boing,44341664f15c8804d8161b0061eface8ec6fc3e89d9918865cfc0df1d76b1a24,context_link
snap-135-012,Boing Boing,44341664f15c8804d8161b0061eface8ec6fc3e89d9918865cfc0df1d76b1a24,context_link
snap-135-013,Boing Boing,44341664f15c8804d8161b0061eface8ec6fc3e89d9918865cfc0df1d76b1a24,context_link
snap-135-014,Boing Boing,44341664f15c8804d8161b0061eface8ec6fc3e89d9918865cfc0df1d76b1a24,context_link
snap-135-015,Boing Boing,44341664f15c8804d8161b0061eface8ec6fc3e89d9918865cfc0df1d76b1a24,context_link
snap-136-000,Bombardier Aviation,8e6ffb94e19f3c8024ce033fde3f7ce3e68a8c6043ebfb8ed5a2b40ed00ec186,entity_card
snap-136-001,Bombardier Aviation,8e6ffb94e19f3c8024ce033fde3f7ce3e68a8c6043ebfb8ed5a2b40ed00ec186,context_link
snap-136-002,Bombardier Aviation,8e6ffb94e19f3c8024ce033fde3f7ce3e68a8c6043ebfb8ed5a2b40ed00ec186,context_link
snap-136-003,Bombardier Aviation,8e6ffb94e19f3c8024ce033fde3f7ce3e68a8c6043ebfb8ed5a2b40ed00ec186,context_link
snap-136-004,Bombardier Aviation,8e6ffb94e19f3c8024ce033fde3f7ce3e68a8c6043ebfb8ed5a2b40ed00ec186,context_link
snap-136-005,Bombardier Aviation,8e6ffb94e19f3c8024ce033fde3f7ce3e68a8c6043ebfb8ed5a2b40ed00ec186,context_link
snap-136-006,Bombardier Aviation,8e6ffb94e19f3c8024ce033fde3f7ce3e68a8c6043ebfb8ed5a2b40ed00ec186,context_link
snap-137-000,Bombay Stock Exchange,b16689aaaefd56c33911eb45e18ec4c1c5cb6ec6e09ab4e5d0d38d7019a776b9,entity_card
snap-137-001,Bombay Stock Exchange,b16689aaaefd56c33911eb45e18ec4c1c5cb6ec6e09ab4e5d0d38d7019a776b9,context_link
snap-137-002,Bombay Stock Exchange,b16689aaaefd56c33911eb45e18ec4c1c5cb6ec6e09ab4e5d0d38d7019a776b9,context_link
snap-137-003,Bombay Stock Exchange,b16689aaaefd56c33911eb45e18ec4c1c5cb6ec6e09ab4e5d0d38d7019a776b9,context_link
snap-137-004,Bombay Stock Exchange,b16689aaaefd56c33911eb45e18ec4c1c5cb6ec6e09ab4e5d0d38d7019a776b9,context_link
snap-137-005,Bombay Stock Exchange,b16689aaaefd56c33911eb45e18ec4c1c5cb6ec6e09ab4e5d0d38d7019a776b9,context_link
snap-137-006,Bombay Stock Exchange,b16689aaaefd56c33911eb45e18ec4c1c5cb6ec6e09ab4e5d0d38d7019a776b9,context_link
snap-137-007,Bombay Stock Exchange,b16689aaaefd56c33911eb45e18ec4c1c5cb6ec6e09ab4e5d0d38d7019a776b9,context_link
snap-137-008,Bombay Stock Exchange,b16689aaaefd56c33911eb45e18ec4c1c5cb6ec6e09ab4e5d0d38d7019a776b9,context_link
snap-137-009,Bombay Stock Exchange,b16689aaaefd56c33911eb45e18ec4c1c5cb6ec6e09ab4e5d0d38d7019a776b9,context_link
snap-137-010,Bombay Stock Exchange,b16689aaaefd56c33911eb45e18ec4c1c5cb6ec6e09ab4e5d0d38d7019a776b9,context_link
snap-137-011,Bombay Stock Exchange,b16689aaaefd56c33911eb45e18ec4c1c5cb6ec6e09ab4e5d0d38d7019a776b9,context_link
snap-137-012,Bombay Stock Exchange,b16689aaaefd56c33911eb45e18ec4c1c5cb6ec6e09ab4e5d0d38d7019a776b9,context_link
snap-138-000,Brain–computer interface,58d75a095df0f561448cdf9c5e18290c0c29a9469e10d90a1a992248ba09845d,entity_card
snap-138-001,Brain–computer interface,58d75a095df0f561448cdf9c5e18290c0c29a9469e10d90a1a992248ba09845d,context_link
snap-139-000,Brian Binnie,998d057c9a2bd5d14e89c4e79f714150262d02d5b6698aabcd55d1ef83329cd0,entity_card
snap-139-001,Brian Binnie,998d057c9a2bd5d14e89c4e79f714150262d02d5b6698aabcd55d1ef83329cd0,context_link
snap-139-002,Brian Binnie,998d057c9a2bd5d14e89c4e79f714150262d02d5b6698aabcd55d1ef83329cd0,context_link
snap-139-003,Brian Binnie,998d057c9a2bd5d14e89c4e79f714150262d02d5b6698aabcd55d1ef83329cd0,context_link
snap-139-004,Brian Binnie,998d057c9a2bd5d14e89c4e79f714150262d02d5b6698aabcd55d1ef83329cd0,context_link
snap-139-005,Brian Binnie,998d057c9a2bd5d14e89c4e79f714150262d02d5b6698aabcd55d1ef83329cd0,context_link
snap-139-006,Brian Binnie,998d057c9a2bd5d14e89c4e79f714150262d02d5b6698aabcd55d1ef83329cd0,context_link
snap-139-007,Brian Binnie,998d057c9a2bd5d14e89c4e79f714150262d02d5b6698aabcd55d1ef83329cd0,context_link
snap-139-008,Brian Binnie,998d057c9a2bd5d14e89c4e79f714150262d02d5b6698aabcd55d1ef83329cd0,context_link
snap-139-009,Brian Binnie,998d057c9a2bd5d14e89c4e79f714150262d02d5b6698aabcd55d1ef83329cd0,context_link
snap-139-010,Brian Binnie,998d057c9a2bd5d14e89c4e79f714150262d02d5b6698aabcd55d1ef83329cd0,context_link
snap-139-011,Brian Binnie,998d057c9a2bd5d14e89c4e79f714150262d02d5b6698aabcd55d1ef83329cd0,context_link
snap-139-012,Brian Binnie,998d057c9a2bd5d14e89c4e79f714150262d02d5b6698aabcd55d1ef83329cd0,context_link
snap-139-013,Brian Binnie,998d057c9a2bd5d14e89c4e79f714150262d02d5b6698aabcd55d1ef83329cd0,context_link
snap-139-014,Brian Binnie,998d057c9a2bd5d14e89c4e79f714150262d02d5b6698aabcd55d1ef83329cd0,context_link
snap-139-015,Brian Binnie,998d057c9a2bd5d14e89c4e79f714150262d02d5b6698aabcd55d1ef83329cd0,context_link
snap-139-016,Brian Binnie,998d057c9a2bd5d14e89c4e79f714150262d02d5b6698aabcd55d1ef83329cd0,context_link
snap-139-017,Brian Binnie,998d057c9a2bd5d14e89c4e79f714150262d02d5b6698aabcd55d1ef83329cd0,context_link
snap-139-018,Brian Binnie,998d057c9a2bd5d14e89c4e79f714150262d02d5b6698aabcd55d1ef83329cd0,context_link
snap-140-000,Bubble Act,7fc812f30f058b3761b91e99f925d27b10cc034a81ee532c96983a6f59bd7f99,entity_card
snap-140-001,Bubble Act,7fc812f30f058b3761b91e99f925d27b10cc034a81ee532c96983a6f59bd7f99,context_link
snap-140-002,Bubble Act,7fc812f30f058b3761b91e99f925d27b10cc034a81ee532c96983a6f59bd7f99,context_link
snap-140-003,Bubble Act,7fc812f30f058b3761b91e99f925d27b10cc034a81ee532c96983a6f59bd7f99,context_link
snap-140-004,Bubble Act,7fc812f30f058b3761b91e99f925d27b10cc034a81ee532c96983a6f59bd7f99,context_link
snap-140-005,Bubble Act,7fc812f30f058b3761b91e99f925d27b10cc034a81ee532c96983a6f59bd7f99,context_link
snap-140-006,Bubble Act,7fc812f30f058b3761b91e99f925d27b10cc034a81ee532c96983a6f59bd7f99,context_link
snap-140-007,Bubble Act,7fc812f30f058b3761b91e99f925d27b10cc034a81ee532c96983a6f59bd7f99,context_link
snap-141-000,Business,2905947e1c45827f8fb5b2c6a7fde16a97129cbb13e3e2bd78c284089b4ab34d,entity_card
snap-141-001,Business,2905947e1c45827f8fb5b2c6a7fde16a97129cbb13e3e2bd78c284089b4ab34d,context_link
snap-141-002,Business,2905947e1c45827f8fb5b2c6a7fde16a97129cbb13e3e2bd78c284089b4ab34d,context_link
snap-142-000,Business journalism,534cf014213e1dfc0b86001507ba199526c9b140434a58aa4baef5872278c0b3,entity_card
snap-142-001,Business journalism,534cf014213e1dfc0b86001507ba199526c9b140434a58aa4baef5872278c0b3,relation_claim
snap-142-002,Business journalism,534cf014213e1dfc0b86001507ba199526c9b140434a58aa4baef5872278c0b3,relation_claim
snap-142-003,Business journalism,534cf014213e1dfc0b86001507ba199526c9b140434a58aa4baef5872278c0b3,relation_claim
snap-142-004,Business journalism,534cf014213e1dfc0b86001507ba199526c9b140434a58aa4baef5872278c0b3,relation_claim
snap-142-005,Business journalism,534cf014213e1dfc0b86001507ba199526c9b140434a58aa4baef5872278c0b3,context_link
snap-142-006,Business journalism,534cf014213e1dfc0b86001507ba199526c9b140434a58aa4baef5872278c0b3,context_link
snap-142-007,Business journalism,534cf014213e1dfc0b86001507ba199526c9b140434a58aa4baef5872278c0b3,context_link
snap-142-008,Business journalism,534cf014213e1dfc0b86001507ba199526c9b140434a58aa4baef5872278c0b3,context_link
snap-142-009,Business journalism,534cf014213e1dfc0b86001507ba199526c9b140434a58aa4baef5872278c0b3,context_link
snap-142-010,Business journalism,534cf014213e1dfc0b86001507ba199526c9b140434a58aa4baef5872278c0b3,context_link
snap-142-011,Business journalism,534cf014213e1dfc0b86001507ba199526c9b140434a58aa4baef5872278c0b3,context_link
snap-142-012,Business journalism,534cf014213e1dfc0b86001507ba199526c9b140434a58aa4baef5872278c0b3,context_link
snap-142-013,Business journalism,534cf014213e1dfc0b86001507ba199526c9b140434a58aa4baef5872278c0b3,context_link
snap-142-014,Business journalism,534cf014213e1dfc0b86001507ba199526c9b140434a58aa4baef5872278c0b3,context_link
snap-142-015,Business journalism,534cf014213e1dfc0b86001507ba199526c9b140434a58aa4baef5872278c0b3,context_link
snap-143-000,Businessperson,65198e7fc9a8ae717ab2afbc12b88cb00e0e02ea9f9c621a06915bc488bb450b,entity_card
snap-143-001,Businessperson,65198e7fc9a8ae717ab2afbc12b88cb00e0e02ea9f9c621a06915bc488bb450b,context_link
snap-143-002,Businessperson,65198e7fc9a8ae717ab2afbc12b88cb00e0e02ea9f9c621a06915bc488bb450b,context_link
snap-143-003,Businessperson,65198e7fc9a8ae717ab2afbc12b88cb00e0e02ea9f9c621a06915bc488bb450b,context_link
snap-143-004,Businessperson,65198e7fc9a8ae717ab2afbc12b88cb00e0e02ea9f9c621a06915bc488bb450b,context_link
snap-143-005,Businessperson,65198e7fc9a8ae717ab2afbc12b88cb00e0e02ea9f9c621a06915bc488bb450b,context_link
snap-144-000,Buttonwood Agreement,5bc87f666a450e7a9d89487d50b8e77a6d5a0be5d3252bc24349387dd7111d92,entity_card
snap-144-001,Buttonwood Agreement,5bc87f666a450e7a9d89487d50b8e77a6d5a0be5d3252bc24349387dd7111d92,context_link
snap-144-002,Buttonwood Agreement,5bc87f666a450e7a9d89487d50b8e77a6d5a0be5d3252bc24349387dd7111d92,context_link
snap-144-003,Buttonwood Agreement,5bc87f666a450e7a9d89487d50b8e77a6d5a0be5d3252bc24349387dd7111d92,context_link
snap-144-004,Buttonwood Agreement,5bc87f666a450e7a9d89487d50b8e77a6d5a0be5d3252bc24349387dd7111d92,context_link
snap-144-005,Buttonwood Agreement,5bc87f666a450e7a9d89487d50b8e77a6d5a0be5d3252bc24349387dd7111d92,context_link
snap-145-000,Buzz Aldrin,1a432e1ef6114bd3cf7e2d032cdf8af686df65e6a7dc44487e011d6ea3670709,entity_card
snap-145-001,Buzz Aldrin,1a432e1ef6114bd3cf7e2d032cdf8af686df65e6a7dc44487e011d6ea3670709,context_link
snap-145-002,Buzz Aldrin,1a432e1ef6114bd3cf7e2d032cdf8af686df65e6a7dc44487e011d6ea3670709,context_link
snap-145-003,Buzz Aldrin,1a432e1ef6114bd3cf7e2d032cdf8af686df65e6a7dc44487e011d6ea3670709,context_link
snap-145-004,Buzz Aldrin,1a432e1ef6114bd3cf7e2d032cdf8af686df65e6a7dc44487e011d6ea3670709,context_link
snap-145-005,Buzz Aldrin,1a432e1ef6114bd3cf7e2d032cdf8af686df65e6a7dc44487e011d6ea3670709,context_link
snap-145-006,Buzz Aldrin,1a432e1ef6114bd3cf7e2d032cdf8af686df65e6a7dc44487e011d6ea3670709,context_link
snap-145-007,Buzz Aldrin,1a432e1ef6114bd3cf7e2d032cdf8af686df65e6a7dc44487e011d6ea3670709,context_link
snap-145-008,Buzz Aldrin,1a432e1ef6114bd3cf7e2d032cdf8af686df65e6a7dc44487e011d6ea3670709,context_link
snap-145-009,Buzz Aldrin,1a432e1ef6114bd3cf7e2d032cdf8af686df65e6a7dc44487e011d6ea3670709,context_link
snap-146-000,Byron K. Lichtenberg,1cc74dccbd16692ea9b4dc1eeb10a4dcf2aa0e7cd34b5c3a0e9c38c77bea8530,entity_card
snap-146-001,Byron K. Lichtenberg,1cc74dccbd16692ea9b4dc1eeb10a4dcf2aa0e7cd34b5c3a0e9c38c77bea8530,context_link
snap-146-002,Byron K. Lichtenberg,1cc74dccbd16692ea9b4dc1eeb10a4dcf2aa0e7cd34b5c3a0e9c38c77bea8530,context_link
snap-146-003,Byron K. Lichtenberg,1cc74dccbd16692ea9b4dc1eeb10a4dcf2aa0e7cd34b5c3a0e9c38c77bea8530,context_link
snap-146-004,Byron K. Lichtenberg,1cc74dccbd16692ea9b4dc1eeb10a4dcf2aa0e7cd34b5c3a0e9c38c77bea8530,context_link
snap-146-005,Byron K. Lichtenberg,1cc74dccbd16692ea9b4dc1eeb10a4dcf2aa0e7cd34b5c3a0e9c38c77bea8530,context_link
snap-146-006,Byron K. Lichtenberg,1cc74dccbd16692ea9b4dc1eeb10a4dcf2aa0e7cd34b5c3a0e9c38c77bea8530,context_link
snap-146-007,Byron K. Lichtenberg,1cc74dccbd16692ea9b4dc1eeb10a4dcf2aa0e7cd34b5c3a0e9c38c77bea8530,context_link
snap-146-008,Byron K. Lichtenberg,1cc74dccbd16692ea9b4dc1eeb10a4dcf2aa0e7cd34b5c3a0e9c38c77bea8530,context_link
snap-146-009,Byron K. Lichtenberg,1cc74dccbd16692ea9b4dc1eeb10a4dcf2aa0e7cd34b5c3a0e9c38c77bea8530,context_link
snap-146-010,Byron K. Lichtenberg,1cc74dccbd16692ea9b4dc1eeb10a4dcf2aa0e7cd34b5c3a0e9c38c77bea8530,context_link
snap-146-011,Byron K. Lichtenberg,1cc74dccbd16692ea9b4dc1eeb10a4dcf2aa0e7cd34b5c3a0e9c38c77bea8530,context_link
snap-146-012,Byron K. Lichtenberg,1cc74dccbd16692ea9b4dc1eeb10a4dcf2aa0e7cd34b5c3a0e9c38c77bea8530,context_link
snap-146-013,Byron K. Lichtenberg,1cc74dccbd16692ea9b4dc1eeb10a4dcf2aa0e7cd34b5c3a0e9c38c77bea8530,context_link
snap-146-014,Byron K. Lichtenberg,1cc74dccbd16692ea9b4dc1eeb10a4dcf2aa0e7cd34b5c3a0e9c38c77bea8530,context_link
snap-146-015,Byron K. Lichtenberg,1cc74dccbd16692ea9b4dc1eeb10a4dcf2aa0e7cd34b5c3a0e9c38c77bea8530,context_link
snap-146-016,Byron K. Lichtenberg,1cc74dccbd16692ea9b4dc1eeb10a4dcf2aa0e7cd34b5c3a0e9c38c77bea8530,context_link
snap-146-017,Byron K. Lichtenberg,1cc74dccbd16692ea9b4dc1eeb10a4dcf2aa0e7cd34b5c3a0e9c38c77bea8530,context_link
snap-146-018,Byron K. Lichtenberg,1cc74dccbd16692ea9b4dc1eeb10a4dcf2aa0e7cd34b5c3a0e9c38c77bea8530,context_link
snap-146-019,Byron K. Lichtenberg,1cc74dccbd16692ea9b4dc1eeb10a4dcf2aa0e7cd34b5c3a0e9c38c77bea8530,context_link
snap-146-020,Byron K. Lichtenberg,1cc74dccbd16692ea9b4dc1eeb10a4dcf2aa0e7cd34b5c3a0e9c38c77bea8530,context_link
snap-147-000,CBS News,2f5f7a781350bc904875a6145b07688d4c352c1f4ba0a86659e5b0705c5e3bc9,entity_card
snap-147-001,CBS News,2f5f7a781350bc904875a6145b07688d4c352c1f4ba0a86659e5b0705c5e3bc9,context_link
snap-147-002,CBS News,2f5f7a781350bc904875a6145b07688d4c352c1f4ba0a86659e5b0705c5e3bc9,context_link
snap-147-003,CBS News,2f5f7a781350bc904875a6145b07688d4c352c1f4ba0a86659e5b0705c5e3bc9,context_link
snap-147-004,CBS News,2f5f7a781350bc904875a6145b07688d4c352c1f4ba0a86659e5b0705c5e3bc9,context_link
snap-147-005,CBS News,2f5f7a781350bc904875a6145b07688d4c352c1f4ba0a86659e5b0705c5e3bc9,context_link
snap-148-000,CNBC,8ae2bc124ad41952a6d07a80b9335299882a7ae90ba8f0ef6cd5fe16c0b2d6a0,entity_card
snap-148-001,CNBC,8ae2bc124ad41952a6d07a80b9335299882a7ae90ba8f0ef6cd5fe16c0b2d6a0,context_link
snap-148-002,CNBC,8ae2bc124ad41952a6d07a80b9335299882a7ae90ba8f0ef6cd5fe16c0b2d6a0,context_link
snap-148-003,CNBC,8ae2bc124ad41952a6d07a80b9335299882a7ae90ba8f0ef6cd5fe16c0b2d6a0,context_link
snap-148-004,CNBC,8ae2bc124ad41952a6d07a80b9335299882a7ae90ba8f0ef6cd5fe16c0b2d6a0,context_link
snap-148-005,CNBC,8ae2bc124ad41952a6d07a80b9335299882a7ae90ba8f0ef6cd5fe16c0b2d6a0,context_link
snap-148-006,CNBC,8ae2bc124ad41952a6d07a80b9335299882a7ae90ba8f0ef6cd5fe16c0b2d6a0,context_link
snap-148-007,CNBC,8ae2bc124ad41952a6d07a80b9335299882a7ae90ba8f0ef6cd5fe16c0b2d6a0,context_link
snap-148-008,CNBC,8ae2bc124ad41952a6d07a80b9335299882a7ae90ba8f0ef6cd5fe16c0b2d6a0,context_link
snap-148-009,CNBC,8ae2bc124ad41952a6d07a80b9335299882a7ae90ba8f0ef6cd5fe16c0b2d6a0,context_link
snap-148-010,CNBC,8ae2bc124ad41952a6d07a80b9335299882a7ae90ba8f0ef6cd5fe16c0b2d6a0,context_link
snap-148-011,CNBC,8ae2bc124ad41952a6d07a80b9335299882a7ae90ba8f0ef6cd5fe16c0b2d6a0,context_link
snap-148-012,CNBC,8ae2bc124ad41952a6d07a80b9335299882a7ae90ba8f0ef6cd5fe16c0b2d6a0,context_link
snap-149-000,CT Corporation,9697b3dd800d109d8c5b16e3dc18f683c3518d585134961feaed28b874e52be1,entity_card
snap-149-001,CT Corporation,9697b3dd800d109d8c5b16e3dc18f683c3518d585134961feaed28b874e52be1,context_link
snap-149-002,CT Corporation,9697b3dd800d109d8c5b16e3dc18f683c3518d585134961feaed28b874e52be1,context_link
snap-149-003,CT Corporation,9697b3dd800d109d8c5b16e3dc18f683c3518d585134961feaed28b874e52be1,context_link
snap-149-004,CT Corporation,9697b3dd800d109d8c5b16e3dc18f683c3518d585134961feaed28b874e52be1,context_link
snap-149-005,CT Corporation,9697b3dd800d109d8c5b16e3dc18f683c3518d585134961feaed28b874e52be1,context_link
snap-149-006,CT Corporation,9697b3dd800d109d8c5b16e3dc18f683c3518d585134961feaed28b874e52be1,context_link
snap-149-007,CT Corporation,9697b3dd800d109d8c5b16e3dc18f683c3518d585134961feaed28b874e52be1,context_link
snap-149-008,CT Corporation,9697b3dd800d109d8c5b16e3dc18f683c3518d585134961feaed28b874e52be1,context_link
snap-149-009,CT Corporation,9697b3dd800d109d8c5b16e3dc18f683c3518d585134961feaed28b874e52be1,context_link
snap-149-010,CT Corporation,9697b3dd800d109d8c5b16e3dc18f683c3518d585134961feaed28b874e52be1,context_link
snap-150-000,Cagiva Roadster,7b308c1ee8deb8252b7983f5245bc40e401c2d8f582a6b5568104221db4c171f,entity_card
snap-150-001,Cagiva Roadster,7b308c1ee8deb8252b7983f5245bc40e401c2d8f582a6b5568104221db4c171f,context_link
snap-151-000,Cal Ripken Jr.,9a9010304a161ca065baf520a570d90b4a4a98496dbae627fd1f3a15dc12bff6,entity_card
snap-151-001,Cal Ripken Jr.,9a9010304a161ca065baf520a570d90b4a4a98496dbae627fd1f3a15dc12bff6,context_link
snap-151-002,Cal Ripken Jr.,9a9010304a161ca065baf520a570d90b4a4a98496dbae627fd1f3a15dc12bff6,context_link
snap-151-003,Cal Ripken Jr.,9a9010304a161ca065baf520a570d90b4a4a98496dbae627fd1f3a15dc12bff6,context_link
snap-151-004,Cal Ripken Jr.,9a9010304a161ca065baf520a570d90b4a4a98496dbae627fd1f3a15dc12bff6,context_link
snap-152-000,California,bf9a2cdfaa26f386138ad0f1c5fd8adfb6d9fbe4f5322fd0f54a79320ed62d8f,entity_card
snap-152-001,California,bf9a2cdfaa26f386138ad0f1c5fd8adfb6d9fbe4f5322fd0f54a79320ed62d8f,definition_claim
snap-152-002,California,bf9a2cdfaa26f386138ad0f1c5fd8adfb6d9fbe4f5322fd0f54a79320ed62d8f,context_link
snap-152-003,California,bf9a2cdfaa26f386138ad0f1c5fd8adfb6d9fbe4f5322fd0f54a79320ed62d8f,context_link
snap-152-004,California,bf9a2cdfaa26f386138ad0f1c5fd8adfb6d9fbe4f5322fd0f54a79320ed62d8f,context_link
snap-152-005,California,bf9a2cdfaa26f386138ad0f1c5fd8adfb6d9fbe4f5322fd0f54a79320ed62d8f,context_link
snap-152-006,California,bf9a2cdfaa26f386138ad0f1c5fd8adfb6d9fbe4f5322fd0f54a79320ed62d8f,context_link
snap-152-007,California,bf9a2cdfaa26f386138ad0f1c5fd8adfb6d9fbe4f5322fd0f54a79320ed62d8f,context_link
snap-152-008,California,bf9a2cdfaa26f386138ad0f1c5fd8adfb6d9fbe4f5322fd0f54a79320ed62d8f,context_link
snap-152-009,California,bf9a2cdfaa26f386138ad0f1c5fd8adfb6d9fbe4f5322fd0f54a79320ed62d8f,context_link
snap-153-000,Calvin Souther Fuller,533506cb43d667d036c0a8d16ee16be61887532be4c5148242982f29863461f7,entity_card
snap-153-001,Calvin Souther Fuller,533506cb43d667d036c0a8d16ee16be61887532be4c5148242982f29863461f7,context_link
snap-153-002,Calvin Souther Fuller,533506cb43d667d036c0a8d16ee16be61887532be4c5148242982f29863461f7,context_link
snap-153-003,Calvin Souther Fuller,533506cb43d667d036c0a8d16ee16be61887532be4c5148242982f29863461f7,context_link
snap-153-004,Calvin Souther Fuller,533506cb43d667d036c0a8d16ee16be61887532be4c5148242982f29863461f7,context_link
snap-153-005,Calvin Souther Fuller,533506cb43d667d036c0a8d16ee16be61887532be4c5148242982f29863461f7,context_link
snap-153-006,Calvin Souther Fuller,533506cb43d667d036c0a8d16ee16be61887532be4c5148242982f29863461f7,context_link
snap-153-007,Calvin Souther Fuller,533506cb43d667d036c0a8d16ee16be61887532be4c5148242982f29863461f7,context_link
snap-153-008,Calvin Souther Fuller,533506cb43d667d036c0a8d16ee16be61887532be4c5148242982f29863461f7,context_link
snap-153-009,Calvin Souther Fuller,533506cb43d667d036c0a8d16ee16be61887532be4c5148242982f29863461f7,context_link
snap-153-010,Calvin Souther Fuller,533506cb43d667d036c0a8d16ee16be61887532be4c5148242982f29863461f7,context_link
snap-153-011,Calvin Souther Fuller,533506cb43d667d036c0a8d16ee16be61887532be4c5148242982f29863461f7,context_link
snap-153-012,Calvin Souther Fuller,533506cb43d667d036c0a8d16ee16be61887532be4c5148242982f29863461f7,context_link
snap-154-000,Canada,9565adfc25cf832044ec0996698a6c8a661a623cdb49de56684a3b3173dadeff,entity_card
snap-154-001,Canada,9565adfc25cf832044ec0996698a6c8a661a623cdb49de56684a3b3173dadeff,context_link
snap-154-002,Canada,9565adfc25cf832044ec0996698a6c8a661a623cdb49de56684a3b3173dadeff,context_link
snap-154-003,Canada,9565adfc25cf832044ec0996698a6c8a661a623cdb49de56684a3b3173dadeff,context_link
snap-154-004,Canada,9565adfc25cf832044ec0996698a6c8a661a623cdb49de56684a3b3173dadeff,context_link
snap-154-005,Canada,9565adfc25cf832044ec0996698a6c8a661a623cdb49de56684a3b3173dadeff,context_link
snap-155-000,Canadian International Council,7550cbc6f85668ccfceee34da3dd4dbabbdf2f6c121e61bac916f098c170ea0c,entity_card
snap-155-001,Canadian International Council,7550cbc6f85668ccfceee34da3dd4dbabbdf2f6c121e61bac916f098c170ea0c,context_link
snap-155-002,Canadian International Council,7550cbc6f85668ccfceee34da3dd4dbabbdf2f6c121e61bac916f098c170ea0c,context_link
snap-155-003,Canadian International Council,7550cbc6f85668ccfceee34da3dd4dbabbdf2f6c121e61bac916f098c170ea0c,context_link
snap-155-004,Canadian International Council,7550cbc6f85668ccfceee34da3dd4dbabbdf2f6c121e61bac916f098c170ea0c,context_link
snap-155-005,Canadian International Council,7550cbc6f85668ccfceee34da3dd4dbabbdf2f6c121e61bac916f098c170ea0c,context_link
snap-156-000,Cape Canaveral,895382ae92b82d753f5100bf797004151a45926cbe48a008341405f9b3b7acaf,entity_card
snap-156-001,Cape Canaveral,895382ae92b82d753f5100bf797004151a45926cbe48a008341405f9b3b7acaf,context_link
snap-156-002,Cape Canaveral,895382ae92b82d753f5100bf797004151a45926cbe48a008341405f9b3b7acaf,context_link
snap-156-003,Cape Canaveral,895382ae92b82d753f5100bf797004151a45926cbe48a008341405f9b3b7acaf,context_link
snap-156-004,Cape Canaveral,895382ae92b82d753f5100bf797004151a45926cbe48a008341405f9b3b7acaf,context_link
snap-157-000,Cape Canaveral Space Force Station,2be05b72903ea47c0b5739fa3a3d4612a5d1c2d60362a4a5169eca8a7dd4ae87,entity_card
snap-157-001,Cape Canaveral Space Force Station,2be05b72903ea47c0b5739fa3a3d4612a5d1c2d60362a4a5169eca8a7dd4ae87,context_link
snap-157-002,Cape Canaveral Space Force Station,2be05b72903ea47c0b5739fa3a3d4612a5d1c2d60362a4a5169eca8a7dd4ae87,context_link
snap-157-003,Cape Canaveral Space Force Station,2be05b72903ea47c0b5739fa3a3d4612a5d1c2d60362a4a5169eca8a7dd4ae87,context_link
snap-157-004,Cape Canaveral Space Force Station,2be05b72903ea47c0b5739fa3a3d4612a5d1c2d60362a4a5169eca8a7dd4ae87,context_link
snap-157-005,Cape Canaveral Space Force Station,2be05b72903ea47c0b5739fa3a3d4612a5d1c2d60362a4a5169eca8a7dd4ae87,context_link
snap-157-006,Cape Canaveral Space Force Station,2be05b72903ea47c0b5739fa3a3d4612a5d1c2d60362a4a5169eca8a7dd4ae87,context_link
snap-157-007,Cape Canaveral Space Force Station,2be05b72903ea47c0b5739fa3a3d4612a5d1c2d60362a4a5169eca8a7dd4ae87,context_link
snap-157-008,Cape Canaveral Space Force Station,2be05b72903ea47c0b5739fa3a3d4612a5d1c2d60362a4a5169eca8a7dd4ae87,context_link
snap-157-009,Cape Canaveral Space Force Station,2be05b72903ea47c0b5739fa3a3d4612a5d1c2d60362a4a5169eca8a7dd4ae87,context_link
snap-157-010,Cape Canaveral Space Force Station,2be05b72903ea47c0b5739fa3a3d4612a5d1c2d60362a4a5169eca8a7dd4ae87,context_link
snap-157-011,Cape Canaveral Space Force Station,2be05b72903ea47c0b5739fa3a3d4612a5d1c2d60362a4a5169eca8a7dd4ae87,context_link
snap-157-012,Cape Canaveral Space Force Station,2be05b72903ea47c0b5739fa3a3d4612a5d1c2d60362a4a5169eca8a7dd4ae87,context_link
snap-157-013,Cape Canaveral Space Force Station,2be05b72903ea47c0b5739fa3a3d4612a5d1c2d60362a4a5169eca8a7dd4ae87,context_link
snap-157-014,Cape Canaveral Space Force Station,2be05b72903ea47c0b5739fa3a3d4612a5d1c2d60362a4a5169eca8a7dd4ae87,context_link
snap-157-015,Cape Canaveral Space Force Station,2be05b72903ea47c0b5739fa3a3d4612a5d1c2d60362a4a5169eca8a7dd4ae87,context_link
snap-157-016,Cape Canaveral Space Force Station,2be05b72903ea47c0b5739fa3a3d4612a5d1c2d60362a4a5169eca8a7dd4ae87,context_link
snap-157-017,Cape Canaveral Space Force Station,2be05b72903ea47c0b5739fa3a3d4612a5d1c2d60362a4a5169eca8a7dd4ae87,context_link
snap-157-018,Cape Canaveral Space Force Station,2be05b72903ea47c0b5739fa3a3d4612a5d1c2d60362a4a5169eca8a7dd4ae87,context_link
snap-158-000,Capital market,d1b8e0b4a3c004e5b60d5a237bf0c61d2259b62a869e21c3cd5c76522716f870,entity_card
snap-158-001,Capital market,d1b8e0b4a3c004e5b60d5a237bf0c61d2259b62a869e21c3cd5c76522716f870,context_link
snap-158-002,Capital market,d1b8e0b4a3c004e5b60d5a237bf0c61d2259b62a869e21c3cd5c76522716f870,context_link
snap-158-003,Capital market,d1b8e0b4a3c004e5b60d5a237bf0c61d2259b62a869e21c3cd5c76522716f870,context_link
snap-159-000,Capitoline Hill,f4476ba05cf496415e57376318e62efed614702540f8d931c80466ec846758ec,entity_card
snap-159-001,Capitoline Hill,f4476ba05cf496415e57376318e62efed614702540f8d931c80466ec846758ec,context_link
snap-159-002,Capitoline Hill,f4476ba05cf496415e57376318e62efed614702540f8d931c80466ec846758ec,context_link
snap-160-000,Carl Menger,bd83556a7e7664b8c72c552ebdf1f9587f6b5e39d904f71349e2878351a40867,entity_card
snap-160-001,Carl Menger,bd83556a7e7664b8c72c552ebdf1f9587f6b5e39d904f71349e2878351a40867,context_link
snap-160-002,Carl Menger,bd83556a7e7664b8c72c552ebdf1f9587f6b5e39d904f71349e2878351a40867,context_link
snap-160-003,Carl Menger,bd83556a7e7664b8c72c552ebdf1f9587f6b5e39d904f71349e2878351a40867,context_link
snap-161-000,Carl Sagan,b188dc3b6c4feac6f162a2485ca9d798a36214a8d0d7f93441277cf66323e7b7,entity_card
snap-161-001,Carl Sagan,b188dc3b6c4feac6f162a2485ca9d798a36214a8d0d7f93441277cf66323e7b7,context_link
snap-161-002,Carl Sagan,b188dc3b6c4feac6f162a2485ca9d798a36214a8d0d7f93441277cf66323e7b7,context_link
snap-161-003,Carl Sagan,b188dc3b6c4feac6f162a2485ca9d798a36214a8d0d7f93441277cf66323e7b7,context_link
snap-161-004,Carl Sagan,b188dc3b6c4feac6f162a2485ca9d798a36214a8d0d7f93441277cf66323e7b7,context_link
snap-161-005,Carl Sagan,b188dc3b6c4feac6f162a2485ca9d798a36214a8d0d7f93441277cf66323e7b7,context_link
snap-161-006,Carl Sagan,b188dc3b6c4feac6f162a2485ca9d798a36214a8d0d7f93441277cf66323e7b7,context_link
snap-162-000,Carlos Slim,661e2c9403eb02bdfa87f0320ba24e9f5f2b00034b81f7c793863ed81590eb33,entity_card
snap-162-001,Carlos Slim,661e2c9403eb02bdfa87f0320ba24e9f5f2b00034b81f7c793863ed81590eb33,context_link
snap-162-002,Carlos Slim,661e2c9403eb02bdfa87f0320ba24e9f5f2b00034b81f7c793863ed81590eb33,context_link
snap-162-003,Carlos Slim,661e2c9403eb02bdfa87f0320ba24e9f5f2b00034b81f7c793863ed81590eb33,context_link
snap-162-004,Carlos Slim,661e2c9403eb02bdfa87f0320ba24e9f5f2b00034b81f7c793863ed81590eb33,context_link
snap-162-005,Carlos Slim,661e2c9403eb02bdfa87f0320ba24e9f5f2b00034b81f7c793863ed81590eb33,context_link
snap-162-006,Carlos Slim,661e2c9403eb02bdfa87f0320ba24e9f5f2b00034b81f7c793863ed81590eb33,context_link
snap-163-000,"Carson City, Nevada",e514e5aa5e8e767add3958733eee62832f967e57b286d98ccb3847517b815277,entity_card
snap-163-001,"Carson City, Nevada",e514e5aa5e8e767add3958733eee62832f967e57b286d98ccb3847517b815277,context_link
snap-163-002,"Carson City, Nevada",e514e5aa5e8e767add3958733eee62832f967e57b286d98ccb3847517b815277,context_link
snap-164-000,Caterham Cars,f3fa439cd596eddf58fa5984fdd95f64a2c451227c11cbc0c7eff077eeaff6c3,entity_card
snap-164-001,Caterham Cars,f3fa439cd596eddf58fa5984fdd95f64a2c451227c11cbc0c7eff077eeaff6c3,context_link
snap-164-002,Caterham Cars,f3fa439cd596eddf58fa5984fdd95f64a2c451227c11cbc0c7eff077eeaff6c3,context_link
snap-164-003,Caterham Cars,f3fa439cd596eddf58fa5984fdd95f64a2c451227c11cbc0c7eff077eeaff6c3,context_link
snap-164-004,Caterham Cars,f3fa439cd596eddf58fa5984fdd95f64a2c451227c11cbc0c7eff077eeaff6c3,context_link
snap-164-005,Caterham Cars,f3fa439cd596eddf58fa5984fdd95f64a2c451227c11cbc0c7eff077eeaff6c3,context_link
snap-165-000,Cecil Rhodes,59be580daa36d59892943460faba235983c8cedd6eceabb38ca6767d904999fb,entity_card
snap-165-001,Cecil Rhodes,59be580daa36d59892943460faba235983c8cedd6eceabb38ca6767d904999fb,definition_claim
snap-165-002,Cecil Rhodes,59be580daa36d59892943460faba235983c8cedd6eceabb38ca6767d904999fb,context_link
snap-166-000,Central Intelligence,c349ebaebe8cf48a6fc1ac9592c3fb93d47c383b55e24f14a04a8b993a594b44,entity_card
snap-166-001,Central Intelligence,c349ebaebe8cf48a6fc1ac9592c3fb93d47c383b55e24f14a04a8b993a594b44,context_link
snap-166-002,Central Intelligence,c349ebaebe8cf48a6fc1ac9592c3fb93d47c383b55e24f14a04a8b993a594b44,context_link
snap-166-003,Central Intelligence,c349ebaebe8cf48a6fc1ac9592c3fb93d47c383b55e24f14a04a8b993a594b44,context_link
snap-166-004,Central Intelligence,c349ebaebe8cf48a6fc1ac9592c3fb93d47c383b55e24f14a04a8b993a594b44,context_link
snap-167-000,Central Intelligence Agency,d6b5d9d82b08c7179d9f312fd2a3f051e719728c99d0010d703e540fa2098fc0,entity_card
snap-167-001,Central Intelligence Agency,d6b5d9d82b08c7179d9f312fd2a3f051e719728c99d0010d703e540fa2098fc0,context_link
snap-167-002,Central Intelligence Agency,d6b5d9d82b08c7179d9f312fd2a3f051e719728c99d0010d703e540fa2098fc0,context_link
snap-167-003,Central Intelligence Agency,d6b5d9d82b08c7179d9f312fd2a3f051e719728c99d0010d703e540fa2098fc0,context_link
snap-167-004,Central Intelligence Agency,d6b5d9d82b08c7179d9f312fd2a3f051e719728c99d0010d703e540fa2098fc0,context_link
snap-168-000,Cerberus Fossae,d5618b34421ab66fd5f34438bf745e39f03216e79279a4594ad44513b7115d84,entity_card
snap-169-000,Charles D. Walker,4846376077e69f8e4f3289fcad19268dc47ce873bd8c2fcb484db36650c129a9,entity_card
snap-169-001,Charles D. Walker,4846376077e69f8e4f3289fcad19268dc47ce873bd8c2fcb484db36650c129a9,context_link
snap-169-002,Charles D. Walker,4846376077e69f8e4f3289fcad19268dc47ce873bd8c2fcb484db36650c129a9,context_link
snap-169-003,Charles D. Walker,4846376077e69f8e4f3289fcad19268dc47ce873bd8c2fcb484db36650c129a9,context_link
snap-169-004,Charles D. Walker,4846376077e69f8e4f3289fcad19268dc47ce873bd8c2fcb484db36650c129a9,context_link
snap-169-005,Charles D. Walker,4846376077e69f8e4f3289fcad19268dc47ce873bd8c2fcb484db36650c129a9,context_link
snap-169-006,Charles D. Walker,4846376077e69f8e4f3289fcad19268dc47ce873bd8c2fcb484db36650c129a9,context_link
snap-169-007,Charles D. Walker,4846376077e69f8e4f3289fcad19268dc47ce873bd8c2fcb484db36650c129a9,context_link
snap-169-008,Charles D. Walker,4846376077e69f8e4f3289fcad19268dc47ce873bd8c2fcb484db36650c129a9,context_link
snap-169-009,Charles D. Walker,4846376077e69f8e4f3289fcad19268dc47ce873bd8c2fcb484db36650c129a9,context_link
snap-169-010,Charles D. Walker,4846376077e69f8e4f3289fcad19268dc47ce873bd8c2fcb484db36650c129a9,context_link
snap-169-011,Charles D. Walker,4846376077e69f8e4f3289fcad19268dc47ce873bd8c2fcb484db36650c129a9,context_link
snap-170-000,Charles Fritts,cbf64738eb2990d99bca3237ee7098cb041c39b487f9611b8b60e6c4ae1b31f9,entity_card
snap-170-001,Charles Fritts,cbf64738eb2990d99bca3237ee7098cb041c39b487f9611b8b60e6c4ae1b31f9,context_link
snap-170-002,Charles Fritts,cbf64738eb2990d99bca3237ee7098cb041c39b487f9611b8b60e6c4ae1b31f9,context_link
snap-171-000,Charles Koch,1a785be37a6a378fbf8ae52095845298c3aaacd8b92c243913e130ff07a722b7,entity_card
snap-171-001,Charles Koch,1a785be37a6a378fbf8ae52095845298c3aaacd8b92c243913e130ff07a722b7,context_link
snap-171-002,Charles Koch,1a785be37a6a378fbf8ae52095845298c3aaacd8b92c243913e130ff07a722b7,context_link
snap-171-003,Charles Koch,1a785be37a6a378fbf8ae52095845298c3aaacd8b92c243913e130ff07a722b7,context_link
snap-171-004,Charles Koch,1a785be37a6a378fbf8ae52095845298c3aaacd8b92c243913e130ff07a722b7,context_link
snap-171-005,Charles Koch,1a785be37a6a378fbf8ae52095845298c3aaacd8b92c243913e130ff07a722b7,context_link
snap-171-006,Charles Koch,1a785be37a6a378fbf8ae52095845298c3aaacd8b92c243913e130ff07a722b7,context_link
snap-171-007,Charles Koch,1a785be37a6a378fbf8ae52095845298c3aaacd8b92c243913e130ff07a722b7,context_link
snap-171-008,Charles Koch,1a785be37a6a378fbf8ae52095845298c3aaacd8b92c243913e130ff07a722b7,context_link
snap-171-009,Charles Koch,1a785be37a6a378fbf8ae52095845298c3aaacd8b92c243913e130ff07a722b7,context_link
snap-172-000,Chevrolet Volt,75eb04122dc494b9c2c68b49a0045d14e3e809d06f22bf7ca94f2e6b5fe3ce3f,entity_card
snap-172-001,Chevrolet Volt,75eb04122dc494b9c2c68b49a0045d14e3e809d06f22bf7ca94f2e6b5fe3ce3f,context_link
snap-172-002,Chevrolet Volt,75eb04122dc494b9c2c68b49a0045d14e3e809d06f22bf7ca94f2e6b5fe3ce3f,context_link
snap-172-003,Chevrolet Volt,75eb04122dc494b9c2c68b49a0045d14e3e809d06f22bf7ca94f2e6b5fe3ce3f,context_link
snap-172-004,Chevrolet Volt,75eb04122dc494b9c2c68b49a0045d14e3e809d06f22bf7ca94f2e6b5fe3ce3f,context_link
snap-172-005,Chevrolet Volt,75eb04122dc494b9c2c68b49a0045d14e3e809d06f22bf7ca94f2e6b5fe3ce3f,context_link
snap-172-006,Chevrolet Volt,75eb04122dc494b9c2c68b49a0045d14e3e809d06f22bf7ca94f2e6b5fe3ce3f,context_link
snap-172-007,Chevrolet Volt,75eb04122dc494b9c2c68b49a0045d14e3e809d06f22bf7ca94f2e6b5fe3ce3f,context_link
snap-172-008,Chevrolet Volt,75eb04122dc494b9c2c68b49a0045d14e3e809d06f22bf7ca94f2e6b5fe3ce3f,context_link
snap-172-009,Chevrolet Volt,75eb04122dc494b9c2c68b49a0045d14e3e809d06f22bf7ca94f2e6b5fe3ce3f,context_link
snap-173-000,Chief engineer,a2d6d79457306fa28b101771309d0be77d5073a2a929e0c3f533dcf74bfdae28,entity_card
snap-173-001,Chief engineer,a2d6d79457306fa28b101771309d0be77d5073a2a929e0c3f533dcf74bfdae28,context_link
snap-173-002,Chief engineer,a2d6d79457306fa28b101771309d0be77d5073a2a929e0c3f533dcf74bfdae28,context_link
snap-173-003,Chief engineer,a2d6d79457306fa28b101771309d0be77d5073a2a929e0c3f533dcf74bfdae28,context_link
snap-174-000,Chief justice,f12714a4b2cf67a995d88ea59c449ff8597a6ea4b9c9bc7f7b8b4b8085ec6ca9,entity_card
snap-174-001,Chief justice,f12714a4b2cf67a995d88ea59c449ff8597a6ea4b9c9bc7f7b8b4b8085ec6ca9,context_link
snap-174-002,Chief justice,f12714a4b2cf67a995d88ea59c449ff8597a6ea4b9c9bc7f7b8b4b8085ec6ca9,context_link
snap-174-003,Chief justice,f12714a4b2cf67a995d88ea59c449ff8597a6ea4b9c9bc7f7b8b4b8085ec6ca9,context_link
snap-174-004,Chief justice,f12714a4b2cf67a995d88ea59c449ff8597a6ea4b9c9bc7f7b8b4b8085ec6ca9,context_link
snap-174-005,Chief justice,f12714a4b2cf67a995d88ea59c449ff8597a6ea4b9c9bc7f7b8b4b8085ec6ca9,context_link
snap-175-000,Chief technology officer,6f6ddf8e36dcb68c235f05744b954d4e6f0c6d41abdad7f4e9840c12133618d8,entity_card
snap-175-001,Chief technology officer,6f6ddf8e36dcb68c235f05744b954d4e6f0c6d41abdad7f4e9840c12133618d8,context_link
snap-175-002,Chief technology officer,6f6ddf8e36dcb68c235f05744b954d4e6f0c6d41abdad7f4e9840c12133618d8,context_link
snap-175-003,Chief technology officer,6f6ddf8e36dcb68c235f05744b954d4e6f0c6d41abdad7f4e9840c12133618d8,context_link
snap-175-004,Chief technology officer,6f6ddf8e36dcb68c235f05744b954d4e6f0c6d41abdad7f4e9840c12133618d8,context_link
snap-175-005,Chief technology officer,6f6ddf8e36dcb68c235f05744b954d4e6f0c6d41abdad7f4e9840c12133618d8,context_link
snap-175-006,Chief technology officer,6f6ddf8e36dcb68c235f05744b954d4e6f0c6d41abdad7f4e9840c12133618d8,context_link
snap-175-007,Chief technology officer,6f6ddf8e36dcb68c235f05744b954d4e6f0c6d41abdad7f4e9840c12133618d8,context_link
snap-176-000,China,b9a4a986cf304bec7724ed2d44867f52aaf35f41cc70ce5ae16571098ed6109c,entity_card
snap-176-001,China,b9a4a986cf304bec7724ed2d44867f52aaf35f41cc70ce5ae16571098ed6109c,context_link
snap-176-002,China,b9a4a986cf304bec7724ed2d44867f52aaf35f41cc70ce5ae16571098ed6109c,context_link
snap-177-000,Christa McAuliffe,1044c1b82f6b5fc6589811f09ac8538d2cdffe4cc458a17e8638c7f77ea7b60b,entity_card
snap-177-001,Christa McAuliffe,1044c1b82f6b5fc6589811f09ac8538d2cdffe4cc458a17e8638c7f77ea7b60b,context_link
snap-177-002,Christa McAuliffe,1044c1b82f6b5fc6589811f09ac8538d2cdffe4cc458a17e8638c7f77ea7b60b,context_link
snap-177-003,Christa McAuliffe,1044c1b82f6b5fc6589811f09ac8538d2cdffe4cc458a17e8638c7f77ea7b60b,context_link
snap-177-004,Christa McAuliffe,1044c1b82f6b5fc6589811f09ac8538d2cdffe4cc458a17e8638c7f77ea7b60b,context_link
snap-177-005,Christa McAuliffe,1044c1b82f6b5fc6589811f09ac8538d2cdffe4cc458a17e8638c7f77ea7b60b,context_link
snap-177-006,Christa McAuliffe,1044c1b82f6b5fc6589811f09ac8538d2cdffe4cc458a17e8638c7f77ea7b60b,context_link
snap-177-007,Christa McAuliffe,1044c1b82f6b5fc6589811f09ac8538d2cdffe4cc458a17e8638c7f77ea7b60b,context_link
snap-177-008,Christa McAuliffe,1044c1b82f6b5fc6589811f09ac8538d2cdffe4cc458a17e8638c7f77ea7b60b,context_link
snap-177-009,Christa McAuliffe,1044c1b82f6b5fc6589811f09ac8538d2cdffe4cc458a17e8638c7f77ea7b60b,context_link
snap-177-010,Christa McAuliffe,1044c1b82f6b5fc6589811f09ac8538d2cdffe4cc458a17e8638c7f77ea7b60b,context_link
snap-177-011,Christa McAuliffe,1044c1b82f6b5fc6589811f09ac8538d2cdffe4cc458a17e8638c7f77ea7b60b,context_link
snap-178-000,Christian Dior,498294c21d6fe96151adc1b0d54900d9fea807417d28259e549f10246ecca974,entity_card
snap-178-001,Christian Dior,498294c21d6fe96151adc1b0d54900d9fea807417d28259e549f10246ecca974,context_link
snap-178-002,Christian Dior,498294c21d6fe96151adc1b0d54900d9fea807417d28259e549f10246ecca974,context_link
snap-178-003,Christian Dior,498294c21d6fe96151adc1b0d54900d9fea807417d28259e549f10246ecca974,context_link
snap-178-004,Christian Dior,498294c21d6fe96151adc1b0d54900d9fea807417d28259e549f10246ecca974,context_link
snap-178-005,Christian Dior,498294c21d6fe96151adc1b0d54900d9fea807417d28259e549f10246ecca974,context_link
snap-179-000,Christian Lacroix,30498dd8c7ff4472b0c02cda60abf4498c7c79c0115598401efe0739568ab1cc,entity_card
snap-179-001,Christian Lacroix,30498dd8c7ff4472b0c02cda60abf4498c7c79c0115598401efe0739568ab1cc,context_link
snap-179-002,Christian Lacroix,30498dd8c7ff4472b0c02cda60abf4498c7c79c0115598401efe0739568ab1cc,context_link
snap-179-003,Christian Lacroix,30498dd8c7ff4472b0c02cda60abf4498c7c79c0115598401efe0739568ab1cc,context_link
snap-179-004,Christian Lacroix,30498dd8c7ff4472b0c02cda60abf4498c7c79c0115598401efe0739568ab1cc,context_link
snap-179-005,Christian Lacroix,30498dd8c7ff4472b0c02cda60abf4498c7c79c0115598401efe0739568ab1cc,context_link
snap-180-000,Christy Walton,925ce40adbd2949a3318f43bd873ed1a9492cd70659ad0ecedd32505312840ec,entity_card
snap-180-001,Christy Walton,925ce40adbd2949a3318f43bd873ed1a9492cd70659ad0ecedd32505312840ec,context_link
snap-180-002,Christy Walton,925ce40adbd2949a3318f43bd873ed1a9492cd70659ad0ecedd32505312840ec,context_link
snap-180-003,Christy Walton,925ce40adbd2949a3318f43bd873ed1a9492cd70659ad0ecedd32505312840ec,context_link
snap-180-004,Christy Walton,925ce40adbd2949a3318f43bd873ed1a9492cd70659ad0ecedd32505312840ec,context_link
snap-180-005,Christy Walton,925ce40adbd2949a3318f43bd873ed1a9492cd70659ad0ecedd32505312840ec,context_link
snap-180-006,Christy Walton,925ce40adbd2949a3318f43bd873ed1a9492cd70659ad0ecedd32505312840ec,context_link
snap-180-007,Christy Walton,925ce40adbd2949a3318f43bd873ed1a9492cd70659ad0ecedd32505312840ec,context_link
snap-180-008,Christy Walton,925ce40adbd2949a3318f43bd873ed1a9492cd70659ad0ecedd32505312840ec,context_link
snap-180-009,Christy Walton,925ce40adbd2949a3318f43bd873ed1a9492cd70659ad0ecedd32505312840ec,context_link
snap-180-010,Christy Walton,925ce40adbd2949a3318f43bd873ed1a9492cd70659ad0ecedd32505312840ec,context_link
snap-181-000,Chrysler,8bb0a4129f7c319f21689cd600269abe578ab0ab09f3a1ae583a8627a673f331,entity_card
snap-181-001,Chrysler,8bb0a4129f7c319f21689cd600269abe578ab0ab09f3a1ae583a8627a673f331,context_link
snap-181-002,Chrysler,8bb0a4129f7c319f21689cd600269abe578ab0ab09f3a1ae583a8627a673f331,context_link
snap-181-003,Chrysler,8bb0a4129f7c319f21689cd600269abe578ab0ab09f3a1ae583a8627a673f331,context_link
snap-181-004,Chrysler,8bb0a4129f7c319f21689cd600269abe578ab0ab09f3a1ae583a8627a673f331,context_link
snap-181-005,Chrysler,8bb0a4129f7c319f21689cd600269abe578ab0ab09f3a1ae583a8627a673f331,context_link
snap-181-006,Chrysler,8bb0a4129f7c319f21689cd600269abe578ab0ab09f3a1ae583a8627a673f331,context_link
snap-181-007,Chrysler,8bb0a4129f7c319f21689cd600269abe578ab0ab09f3a1ae583a8627a673f331,context_link
snap-182-000,Climate change,79b89d0a385391fa4b05fe6ccb5aec5df0733987d2642fa7e0e851a95c27fc87,entity_card
snap-182-001,Climate change,79b89d0a385391fa4b05fe6ccb5aec5df0733987d2642fa7e0e851a95c27fc87,context_link
snap-182-002,Climate change,79b89d0a385391fa4b05fe6ccb5aec5df0733987d2642fa7e0e851a95c27fc87,context_link
snap-182-003,Climate change,79b89d0a385391fa4b05fe6ccb5aec5df0733987d2642fa7e0e851a95c27fc87,context_link
snap-182-004,Climate change,79b89d0a385391fa4b05fe6ccb5aec5df0733987d2642fa7e0e851a95c27fc87,context_link
snap-183-000,Cloud computing,068a5178c729e3faaae4407cff193aec05bac72c8a15ef7ba19a89d1ea55e957,entity_card
snap-183-001,Cloud computing,068a5178c729e3faaae4407cff193aec05bac72c8a15ef7ba19a89d1ea55e957,context_link
snap-183-002,Cloud computing,068a5178c729e3faaae4407cff193aec05bac72c8a15ef7ba19a89d1ea55e957,context_link
snap-183-003,Cloud computing,068a5178c729e3faaae4407cff193aec05bac72c8a15ef7ba19a89d1ea55e957,context_link
snap-184-000,Cold War,c6c42299e08523501f221a5db99760d7b47535e857f012bdf19ee8874c991ea2,entity_card
snap-184-001,Cold War,c6c42299e08523501f221a5db99760d7b47535e857f012bdf19ee8874c991ea2,context_link
snap-184-002,Cold War,c6c42299e08523501f221a5db99760d7b47535e857f012bdf19ee8874c991ea2,context_link
snap-184-003,Cold War,c6c42299e08523501f221a5db99760d7b47535e857f012bdf19ee8874c991ea2,context_link
snap-184-004,Cold War,c6c42299e08523501f221a5db99760d7b47535e857f012bdf19ee8874c991ea2,context_link
snap-184-005,Cold War,c6c42299e08523501f221a5db99760d7b47535e857f012bdf19ee8874c991ea2,context_link
snap-184-006,Cold War,c6c42299e08523501f221a5db99760d7b47535e857f012bdf19ee8874c991ea2,context_link
snap-184-007,Cold War,c6c42299e08523501f221a5db99760d7b47535e857f012bdf19ee8874c991ea2,context_link
snap-184-008,Cold War,c6c42299e08523501f221a5db99760d7b47535e857f012bdf19ee8874c991ea2,context_link
snap-185-000,Collins Aerospace,1463a0aff1045909a6454a588c2218f02131235226a66059ab8290297ed1898e,entity_card
snap-185-001,Collins Aerospace,1463a0aff1045909a6454a588c2218f02131235226a66059ab8290297ed1898e,context_link
snap-185-002,Collins Aerospace,1463a0aff1045909a6454a588c2218f02131235226a66059ab8290297ed1898e,context_link
snap-185-003,Collins Aerospace,1463a0aff1045909a6454a588c2218f02131235226a66059ab8290297ed1898e,context_link
snap-185-004,Collins Aerospace,1463a0aff1045909a6454a588c2218f02131235226a66059ab8290297ed1898e,context_link
snap-185-005,Collins Aerospace,1463a0aff1045909a6454a588c2218f02131235226a66059ab8290297ed1898e,context_link
snap-185-006,Collins Aerospace,1463a0aff1045909a6454a588c2218f02131235226a66059ab8290297ed1898e,context_link
snap-185-007,Collins Aerospace,1463a0aff1045909a6454a588c2218f02131235226a66059ab8290297ed1898e,context_link
snap-185-008,Collins Aerospace,1463a0aff1045909a6454a588c2218f02131235226a66059ab8290297ed1898e,context_link
snap-185-009,Collins Aerospace,1463a0aff1045909a6454a588c2218f02131235226a66059ab8290297ed1898e,context_link
snap-185-010,Collins Aerospace,1463a0aff1045909a6454a588c2218f02131235226a66059ab8290297ed1898e,context_link
snap-185-011,Collins Aerospace,1463a0aff1045909a6454a588c2218f02131235226a66059ab8290297ed1898e,context_link
snap-185-012,Collins Aerospace,1463a0aff1045909a6454a588c2218f02131235226a66059ab8290297ed1898e,context_link
snap-185-013,Collins Aerospace,1463a0aff1045909a6454a588c2218f02131235226a66059ab8290297ed1898e,context_link
snap-185-014,Collins Aerospace,1463a0aff1045909a6454a588c2218f02131235226a66059ab8290297ed1898e,context_link
snap-185-015,Collins Aerospace,1463a0aff1045909a6454a588c2218f02131235226a66059ab8290297ed1898e,context_link
snap-185-016,Collins Aerospace,1463a0aff1045909a6454a588c2218f02131235226a66059ab8290297ed1898e,context_link
snap-185-017,Collins Aerospace,1463a0aff1045909a6454a588c2218f02131235226a66059ab8290297ed1898e,context_link
snap-186-000,Commercial Crew Program,02e13e5725cb1a69dfc34dfb7fb66c9a84bed80774b7dd487333fd42e19320ca,entity_card
snap-186-001,Commercial Crew Program,02e13e5725cb1a69dfc34dfb7fb66c9a84bed80774b7dd487333fd42e19320ca,context_link
snap-186-002,Commercial Crew Program,02e13e5725cb1a69dfc34dfb7fb66c9a84bed80774b7dd487333fd42e19320ca,context_link
snap-186-003,Commercial Crew Program,02e13e5725cb1a69dfc34dfb7fb66c9a84bed80774b7dd487333fd42e19320ca,context_link
snap-186-004,Commercial Crew Program,02e13e5725cb1a69dfc34dfb7fb66c9a84bed80774b7dd487333fd42e19320ca,context_link
snap-186-005,Commercial Crew Program,02e13e5725cb1a69dfc34dfb7fb66c9a84bed80774b7dd487333fd42e19320ca,context_link
snap-186-006,Commercial Crew Program,02e13e5725cb1a69dfc34dfb7fb66c9a84bed80774b7dd487333fd42e19320ca,context_link
snap-186-007,Commercial Crew Program,02e13e5725cb1a69dfc34dfb7fb66c9a84bed80774b7dd487333fd42e19320ca,context_link
snap-186-008,Commercial Crew Program,02e13e5725cb1a69dfc34dfb7fb66c9a84bed80774b7dd487333fd42e19320ca,context_link
snap-186-009,Commercial Crew Program,02e13e5725cb1a69dfc34dfb7fb66c9a84bed80774b7dd487333fd42e19320ca,context_link
snap-186-010,Commercial Crew Program,02e13e5725cb1a69dfc34dfb7fb66c9a84bed80774b7dd487333fd42e19320ca,context_link
snap-186-011,Commercial Crew Program,02e13e5725cb1a69dfc34dfb7fb66c9a84bed80774b7dd487333fd42e19320ca,context_link
snap-186-012,Commercial Crew Program,02e13e5725cb1a69dfc34dfb7fb66c9a84bed80774b7dd487333fd42e19320ca,context_link
snap-186-013,Commercial Crew Program,02e13e5725cb1a69dfc34dfb7fb66c9a84bed80774b7dd487333fd42e19320ca,context_link
snap-186-014,Commercial Crew Program,02e13e5725cb1a69dfc34dfb7fb66c9a84bed80774b7dd487333fd42e19320ca,context_link
snap-186-015,Commercial Crew Program,02e13e5725cb1a69dfc34dfb7fb66c9a84bed80774b7dd487333fd42e19320ca,context_link
snap-187-000,Commercial Orbital Transportation Services,2323b182cd8df368ca1fcd05c26e3c92212af29a18424adc6faac86c193dc2a0,entity_card
snap-187-001,Commercial Orbital Transportation Services,2323b182cd8df368ca1fcd05c26e3c92212af29a18424adc6faac86c193dc2a0,context_link
snap-187-002,Commercial Orbital Transportation Services,2323b182cd8df368ca1fcd05c26e3c92212af29a18424adc6faac86c193dc2a0,context_link
snap-187-003,Commercial Orbital Transportation Services,2323b182cd8df368ca1fcd05c26e3c92212af29a18424adc6faac86c193dc2a0,context_link
snap-187-004,Commercial Orbital Transportation Services,2323b182cd8df368ca1fcd05c26e3c92212af29a18424adc6faac86c193dc2a0,context_link
snap-187-005,Commercial Orbital Transportation Services,2323b182cd8df368ca1fcd05c26e3c92212af29a18424adc6faac86c193dc2a0,context_link
snap-188-000,Commercial Resupply Services,28664ca50415e2af1a0f01a6fd060b3b9cf46d519a041ac4641380cc8ced8e1e,entity_card
snap-188-001,Commercial Resupply Services,28664ca50415e2af1a0f01a6fd060b3b9cf46d519a041ac4641380cc8ced8e1e,context_link
snap-188-002,Commercial Resupply Services,28664ca50415e2af1a0f01a6fd060b3b9cf46d519a041ac4641380cc8ced8e1e,context_link
snap-188-003,Commercial Resupply Services,28664ca50415e2af1a0f01a6fd060b3b9cf46d519a041ac4641380cc8ced8e1e,context_link
snap-188-004,Commercial Resupply Services,28664ca50415e2af1a0f01a6fd060b3b9cf46d519a041ac4641380cc8ced8e1e,context_link
snap-188-005,Commercial Resupply Services,28664ca50415e2af1a0f01a6fd060b3b9cf46d519a041ac4641380cc8ced8e1e,context_link
snap-188-006,Commercial Resupply Services,28664ca50415e2af1a0f01a6fd060b3b9cf46d519a041ac4641380cc8ced8e1e,context_link
snap-188-007,Commercial Resupply Services,28664ca50415e2af1a0f01a6fd060b3b9cf46d519a041ac4641380cc8ced8e1e,context_link
snap-188-008,Commercial Resupply Services,28664ca50415e2af1a0f01a6fd060b3b9cf46d519a041ac4641380cc8ced8e1e,context_link
snap-188-009,Commercial Resupply Services,28664ca50415e2af1a0f01a6fd060b3b9cf46d519a041ac4641380cc8ced8e1e,context_link
snap-188-010,Commercial Resupply Services,28664ca50415e2af1a0f01a6fd060b3b9cf46d519a041ac4641380cc8ced8e1e,context_link
snap-188-011,Commercial Resupply Services,28664ca50415e2af1a0f01a6fd060b3b9cf46d519a041ac4641380cc8ced8e1e,context_link
snap-188-012,Commercial Resupply Services,28664ca50415e2af1a0f01a6fd060b3b9cf46d519a041ac4641380cc8ced8e1e,context_link
snap-188-013,Commercial Resupply Services,28664ca50415e2af1a0f01a6fd060b3b9cf46d519a041ac4641380cc8ced8e1e,context_link
snap-188-014,Commercial Resupply Services,28664ca50415e2af1a0f01a6fd060b3b9cf46d519a041ac4641380cc8ced8e1e,context_link
snap-188-015,Commercial Resupply Services,28664ca50415e2af1a0f01a6fd060b3b9cf46d519a041ac4641380cc8ced8e1e,context_link
snap-188-016,Commercial Resupply Services,28664ca50415e2af1a0f01a6fd060b3b9cf46d519a041ac4641380cc8ced8e1e,context_link
snap-188-017,Commercial Resupply Services,28664ca50415e2af1a0f01a6fd060b3b9cf46d519a041ac4641380cc8ced8e1e,context_link
snap-188-018,Commercial Resupply Services,28664ca50415e2af1a0f01a6fd060b3b9cf46d519a041ac4641380cc8ced8e1e,context_link
snap-188-019,Commercial Resupply Services,28664ca50415e2af1a0f01a6fd060b3b9cf46d519a041ac4641380cc8ced8e1e,context_link
snap-188-020,Commercial Resupply Services,28664ca50415e2af1a0f01a6fd060b3b9cf46d519a041ac4641380cc8ced8e1e,context_link
snap-189-000,Commercial Space Launch Act of 1984,5e6dd2c0957d13abb40475a9539e70180329582017a2186ada5c83664171b66c,entity_card
snap-189-001,Commercial Space Launch Act of 1984,5e6dd2c0957d13abb40475a9539e70180329582017a2186ada5c83664171b66c,context_link
snap-189-002,Commercial Space Launch Act of 1984,5e6dd2c0957d13abb40475a9539e70180329582017a2186ada5c83664171b66c,context_link
snap-189-003,Commercial Space Launch Act of 1984,5e6dd2c0957d13abb40475a9539e70180329582017a2186ada5c83664171b66c,context_link
snap-189-004,Commercial Space Launch Act of 1984,5e6dd2c0957d13abb40475a9539e70180329582017a2186ada5c83664171b66c,context_link
snap-190-000,Commercial Space Launch Competitiveness Act of 2015,175fa5d32d3fe7a6ac4e0cfc6bf41032eeb200961de084692b099b81ff3dabf7,entity_card
snap-190-001,Commercial Space Launch Competitiveness Act of 2015,175fa5d32d3fe7a6ac4e0cfc6bf41032eeb200961de084692b099b81ff3dabf7,definition_claim
snap-190-002,Commercial Space Launch Competitiveness Act of 2015,175fa5d32d3fe7a6ac4e0cfc6bf41032eeb200961de084692b099b81ff3dabf7,context_link
snap-190-003,Commercial Space Launch Competitiveness Act of 2015,175fa5d32d3fe7a6ac4e0cfc6bf41032eeb200961de084692b099b81ff3dabf7,context_link
snap-190-004,Commercial Space Launch Competitiveness Act of 2015,175fa5d32d3fe7a6ac4e0cfc6bf41032eeb200961de084692b099b81ff3dabf7,context_link
snap-190-005,Commercial Space Launch Competitiveness Act of 2015,175fa5d32d3fe7a6ac4e0cfc6bf41032eeb200961de084692b099b81ff3dabf7,context_link
snap-190-006,Commercial Space Launch Competitiveness Act of 2015,175fa5d32d3fe7a6ac4e0cfc6bf41032eeb200961de084692b099b81ff3dabf7,context_link
snap-190-007,Commercial Space Launch Competitiveness Act of 2015,175fa5d32d3fe7a6ac4e0cfc6bf41032eeb200961de084692b099b81ff3dabf7,context_link
snap-190-008,Commercial Space Launch Competitiveness Act of 2015,175fa5d32d3fe7a6ac4e0cfc6bf41032eeb200961de084692b099b81ff3dabf7,context_link
snap-190-009,Commercial Space Launch Competitiveness Act of 2015,175fa5d32d3fe7a6ac4e0cfc6bf41032eeb200961de084692b099b81ff3dabf7,context_link
snap-191-000,Commercial Spaceflight Federation,2c89fd899b4d61c5a0b95c7375a83f23caa9bd5d5017dd59e9bb0fae2b0b938d,entity_card
snap-191-001,Commercial Spaceflight Federation,2c89fd899b4d61c5a0b95c7375a83f23caa9bd5d5017dd59e9bb0fae2b0b938d,context_link
snap-191-002,Commercial Spaceflight Federation,2c89fd899b4d61c5a0b95c7375a83f23caa9bd5d5017dd59e9bb0fae2b0b938d,context_link
snap-191-003,Commercial Spaceflight Federation,2c89fd899b4d61c5a0b95c7375a83f23caa9bd5d5017dd59e9bb0fae2b0b938d,context_link
snap-191-004,Commercial Spaceflight Federation,2c89fd899b4d61c5a0b95c7375a83f23caa9bd5d5017dd59e9bb0fae2b0b938d,context_link
snap-191-005,Commercial Spaceflight Federation,2c89fd899b4d61c5a0b95c7375a83f23caa9bd5d5017dd59e9bb0fae2b0b938d,context_link
snap-191-006,Commercial Spaceflight Federation,2c89fd899b4d61c5a0b95c7375a83f23caa9bd5d5017dd59e9bb0fae2b0b938d,context_link
snap-191-007,Commercial Spaceflight Federation,2c89fd899b4d61c5a0b95c7375a83f23caa9bd5d5017dd59e9bb0fae2b0b938d,context_link
snap-191-008,Commercial Spaceflight Federation,2c89fd899b4d61c5a0b95c7375a83f23caa9bd5d5017dd59e9bb0fae2b0b938d,context_link
snap-191-009,Commercial Spaceflight Federation,2c89fd899b4d61c5a0b95c7375a83f23caa9bd5d5017dd59e9bb0fae2b0b938d,context_link
snap-191-010,Commercial Spaceflight Federation,2c89fd899b4d61c5a0b95c7375a83f23caa9bd5d5017dd59e9bb0fae2b0b938d,context_link
snap-191-011,Commercial Spaceflight Federation,2c89fd899b4d61c5a0b95c7375a83f23caa9bd5d5017dd59e9bb0fae2b0b938d,context_link
snap-191-012,Commercial Spaceflight Federation,2c89fd899b4d61c5a0b95c7375a83f23caa9bd5d5017dd59e9bb0fae2b0b938d,context_link
snap-191-013,Commercial Spaceflight Federation,2c89fd899b4d61c5a0b95c7375a83f23caa9bd5d5017dd59e9bb0fae2b0b938d,context_link
snap-191-014,Commercial Spaceflight Federation,2c89fd899b4d61c5a0b95c7375a83f23caa9bd5d5017dd59e9bb0fae2b0b938d,context_link
snap-191-015,Commercial Spaceflight Federation,2c89fd899b4d61c5a0b95c7375a83f23caa9bd5d5017dd59e9bb0fae2b0b938d,context_link
snap-191-016,Commercial Spaceflight Federation,2c89fd899b4d61c5a0b95c7375a83f23caa9bd5d5017dd59e9bb0fae2b0b938d,context_link
snap-191-017,Commercial Spaceflight Federation,2c89fd899b4d61c5a0b95c7375a83f23caa9bd5d5017dd59e9bb0fae2b0b938d,context_link
snap-191-018,Commercial Spaceflight Federation,2c89fd899b4d61c5a0b95c7375a83f23caa9bd5d5017dd59e9bb0fae2b0b938d,context_link
snap-191-019,Commercial Spaceflight Federation,2c89fd899b4d61c5a0b95c7375a83f23caa9bd5d5017dd59e9bb0fae2b0b938d,context_link
snap-192-000,Communications and Utilities Regulatory Authority,da797be3cb6b42bbfe3ca908788eb15b1bc98b663faa63a5f73008fdbec63439,entity_card
snap-193-000,Communications satellite,14d5da8bd2038efe58236df34333766c6009fb51a67fc55ea79d5f73f7029bad,entity_card
snap-193-001,Communications satellite,14d5da8bd2038efe58236df34333766c6009fb51a67fc55ea79d5f73f7029bad,context_link
snap-193-002,Communications satellite,14d5da8bd2038efe58236df34333766c6009fb51a67fc55ea79d5f73f7029bad,context_link
snap-193-003,Communications satellite,14d5da8bd2038efe58236df34333766c6009fb51a67fc55ea79d5f73f7029bad,context_link
snap-193-004,Communications satellite,14d5da8bd2038efe58236df34333766c6009fb51a67fc55ea79d5f73f7029bad,context_link
snap-193-005,Communications satellite,14d5da8bd2038efe58236df34333766c6009fb51a67fc55ea79d5f73f7029bad,context_link
snap-193-006,Communications satellite,14d5da8bd2038efe58236df34333766c6009fb51a67fc55ea79d5f73f7029bad,context_link
snap-193-007,Communications satellite,14d5da8bd2038efe58236df34333766c6009fb51a67fc55ea79d5f73f7029bad,context_link
snap-193-008,Communications satellite,14d5da8bd2038efe58236df34333766c6009fb51a67fc55ea79d5f73f7029bad,context_link
snap-194-000,Companies Act,4fe0c3e25c079d2b048258bfbb027bd4203b40cc2ff5070ba34ca04317f250c3,entity_card
snap-194-001,Companies Act,4fe0c3e25c079d2b048258bfbb027bd4203b40cc2ff5070ba34ca04317f250c3,context_link
snap-194-002,Companies Act,4fe0c3e25c079d2b048258bfbb027bd4203b40cc2ff5070ba34ca04317f250c3,context_link
snap-194-003,Companies Act,4fe0c3e25c079d2b048258bfbb027bd4203b40cc2ff5070ba34ca04317f250c3,context_link
snap-194-004,Companies Act,4fe0c3e25c079d2b048258bfbb027bd4203b40cc2ff5070ba34ca04317f250c3,context_link
snap-194-005,Companies Act,4fe0c3e25c079d2b048258bfbb027bd4203b40cc2ff5070ba34ca04317f250c3,context_link
snap-194-006,Companies Act,4fe0c3e25c079d2b048258bfbb027bd4203b40cc2ff5070ba34ca04317f250c3,context_link
snap-194-007,Companies Act,4fe0c3e25c079d2b048258bfbb027bd4203b40cc2ff5070ba34ca04317f250c3,context_link
snap-194-008,Companies Act,4fe0c3e25c079d2b048258bfbb027bd4203b40cc2ff5070ba34ca04317f250c3,context_link
snap-195-000,Company,750e3f86e436c0a221c6671f3db74ba5b47a43a28bf7717e95c56536a7d9b0b1,entity_card
snap-195-001,Company,750e3f86e436c0a221c6671f3db74ba5b47a43a28bf7717e95c56536a7d9b0b1,context_link
snap-195-002,Company,750e3f86e436c0a221c6671f3db74ba5b47a43a28bf7717e95c56536a7d9b0b1,context_link
snap-195-003,Company,750e3f86e436c0a221c6671f3db74ba5b47a43a28bf7717e95c56536a7d9b0b1,context_link
snap-195-004,Company,750e3f86e436c0a221c6671f3db74ba5b47a43a28bf7717e95c56536a7d9b0b1,context_link
snap-195-005,Company,750e3f86e436c0a221c6671f3db74ba5b47a43a28bf7717e95c56536a7d9b0b1,context_link
snap-195-006,Company,750e3f86e436c0a221c6671f3db74ba5b47a43a28bf7717e95c56536a7d9b0b1,context_link
snap-196-000,Compaq,d83adcfa60c631eaace455e7d9a7caa038662f62707b7d2f67b51fbff10855fd,entity_card
snap-196-001,Compaq,d83adcfa60c631eaace455e7d9a7caa038662f62707b7d2f67b51fbff10855fd,context_link
snap-196-002,Compaq,d83adcfa60c631eaace455e7d9a7caa038662f62707b7d2f67b51fbff10855fd,context_link
snap-196-003,Compaq,d83adcfa60c631eaace455e7d9a7caa038662f62707b7d2f67b51fbff10855fd,context_link
snap-196-004,Compaq,d83adcfa60c631eaace455e7d9a7caa038662f62707b7d2f67b51fbff10855fd,context_link
snap-196-005,Compaq,d83adcfa60c631eaace455e7d9a7caa038662f62707b7d2f67b51fbff10855fd,context_link
snap-196-006,Compaq,d83adcfa60c631eaace455e7d9a7caa038662f62707b7d2f67b51fbff10855fd,context_link
snap-196-007,Compaq,d83adcfa60c631eaace455e7d9a7caa038662f62707b7d2f67b51fbff10855fd,context_link
snap-196-008,Compaq,d83adcfa60c631eaace455e7d9a7caa038662f62707b7d2f67b51fbff10855fd,context_link
snap-197-000,Contingent negative variation,40785cb6455fb3a4af1ac400ce4b80529a72f16070600864a25971cbf1a1136e,entity_card
snap-197-001,Contingent negative variation,40785cb6455fb3a4af1ac400ce4b80529a72f16070600864a25971cbf1a1136e,context_link
snap-197-002,Contingent negative variation,40785cb6455fb3a4af1ac400ce4b80529a72f16070600864a25971cbf1a1136e,context_link
snap-198-000,Control Data Corporation,379bff0069d714cbf8223eb74dc13e1cb38fb728d8e5a89d780f4cd1c54d2b66,entity_card
snap-198-001,Control Data Corporation,379bff0069d714cbf8223eb74dc13e1cb38fb728d8e5a89d780f4cd1c54d2b66,context_link
snap-198-002,Control Data Corporation,379bff0069d714cbf8223eb74dc13e1cb38fb728d8e5a89d780f4cd1c54d2b66,context_link
snap-198-003,Control Data Corporation,379bff0069d714cbf8223eb74dc13e1cb38fb728d8e5a89d780f4cd1c54d2b66,context_link
snap-198-004,Control Data Corporation,379bff0069d714cbf8223eb74dc13e1cb38fb728d8e5a89d780f4cd1c54d2b66,context_link
snap-198-005,Control Data Corporation,379bff0069d714cbf8223eb74dc13e1cb38fb728d8e5a89d780f4cd1c54d2b66,context_link
snap-198-006,Control Data Corporation,379bff0069d714cbf8223eb74dc13e1cb38fb728d8e5a89d780f4cd1c54d2b66,context_link
snap-198-007,Control Data Corporation,379bff0069d714cbf8223eb74dc13e1cb38fb728d8e5a89d780f4cd1c54d2b66,context_link
snap-198-008,Control Data Corporation,379bff0069d714cbf8223eb74dc13e1cb38fb728d8e5a89d780f4cd1c54d2b66,context_link
snap-198-009,Control Data Corporation,379bff0069d714cbf8223eb74dc13e1cb38fb728d8e5a89d780f4cd1c54d2b66,context_link
snap-198-010,Control Data Corporation,379bff0069d714cbf8223eb74dc13e1cb38fb728d8e5a89d780f4cd1c54d2b66,context_link
snap-198-011,Control Data Corporation,379bff0069d714cbf8223eb74dc13e1cb38fb728d8e5a89d780f4cd1c54d2b66,context_link
snap-199-000,Corn Ranch,3b30bca750187df9b10df26cb3d5f22311ead00f94862366b2d0c5269a383b09,entity_card
snap-199-001,Corn Ranch,3b30bca750187df9b10df26cb3d5f22311ead00f94862366b2d0c5269a383b09,context_link
snap-199-002,Corn Ranch,3b30bca750187df9b10df26cb3d5f22311ead00f94862366b2d0c5269a383b09,context_link
snap-199-003,Corn Ranch,3b30bca750187df9b10df26cb3d5f22311ead00f94862366b2d0c5269a383b09,context_link
snap-199-004,Corn Ranch,3b30bca750187df9b10df26cb3d5f22311ead00f94862366b2d0c5269a383b09,context_link
snap-199-005,Corn Ranch,3b30bca750187df9b10df26cb3d5f22311ead00f94862366b2d0c5269a383b09,context_link
snap-199-006,Corn Ranch,3b30bca750187df9b10df26cb3d5f22311ead00f94862366b2d0c5269a383b09,context_link
snap-199-007,Corn Ranch,3b30bca750187df9b10df26cb3d5f22311ead00f94862366b2d0c5269a383b09,context_link
snap-199-008,Corn Ranch,3b30bca750187df9b10df26cb3d5f22311ead00f94862366b2d0c5269a383b09,context_link
snap-199-009,Corn Ranch,3b30bca750187df9b10df26cb3d5f22311ead00f94862366b2d0c5269a383b09,context_link
snap-199-010,Corn Ranch,3b30bca750187df9b10df26cb3d5f22311ead00f94862366b2d0c5269a383b09,context_link
snap-199-011,Corn Ranch,3b30bca750187df9b10df26cb3d5f22311ead00f94862366b2d0c5269a383b09,context_link
snap-200-000,Corporation,790b1eb1c100e42d0525982bf2807664e2198d6b2cf12f2738ca44e840256b58,entity_card
snap-200-001,Corporation,790b1eb1c100e42d0525982bf2807664e2198d6b2cf12f2738ca44e840256b58,context_link
snap-200-002,Corporation,790b1eb1c100e42d0525982bf2807664e2198d6b2cf12f2738ca44e840256b58,context_link
snap-200-003,Corporation,790b1eb1c100e42d0525982bf2807664e2198d6b2cf12f2738ca44e840256b58,context_link
snap-200-004,Corporation,790b1eb1c100e42d0525982bf2807664e2198d6b2cf12f2738ca44e840256b58,context_link
snap-200-005,Corporation,790b1eb1c100e42d0525982bf2807664e2198d6b2cf12f2738ca44e840256b58,context_link
snap-200-006,Corporation,790b1eb1c100e42d0525982bf2807664e2198d6b2cf12f2738ca44e840256b58,context_link
snap-201-000,Corporations Act 2001,0f955cd1e56a790ac601ad52ab6cd2c0d81bb5ccf5bda5e6d46f29f7e0f3fab1,entity_card
snap-201-001,Corporations Act 2001,0f955cd1e56a790ac601ad52ab6cd2c0d81bb5ccf5bda5e6d46f29f7e0f3fab1,context_link
snap-202-000,Crew Dragon Demo-1,45d4a4fcb52a17e9a33fbd677d7148eea57d472982accc4557f09c32fa375f48,entity_card
snap-202-001,Crew Dragon Demo-1,45d4a4fcb52a17e9a33fbd677d7148eea57d472982accc4557f09c32fa375f48,context_link
snap-202-002,Crew Dragon Demo-1,45d4a4fcb52a17e9a33fbd677d7148eea57d472982accc4557f09c32fa375f48,context_link
snap-202-003,Crew Dragon Demo-1,45d4a4fcb52a17e9a33fbd677d7148eea57d472982accc4557f09c32fa375f48,context_link
snap-202-004,Crew Dragon Demo-1,45d4a4fcb52a17e9a33fbd677d7148eea57d472982accc4557f09c32fa375f48,context_link
snap-202-005,Crew Dragon Demo-1,45d4a4fcb52a17e9a33fbd677d7148eea57d472982accc4557f09c32fa375f48,context_link
snap-202-006,Crew Dragon Demo-1,45d4a4fcb52a17e9a33fbd677d7148eea57d472982accc4557f09c32fa375f48,context_link
snap-202-007,Crew Dragon Demo-1,45d4a4fcb52a17e9a33fbd677d7148eea57d472982accc4557f09c32fa375f48,context_link
snap-202-008,Crew Dragon Demo-1,45d4a4fcb52a17e9a33fbd677d7148eea57d472982accc4557f09c32fa375f48,context_link
snap-202-009,Crew Dragon Demo-1,45d4a4fcb52a17e9a33fbd677d7148eea57d472982accc4557f09c32fa375f48,context_link
snap-202-010,Crew Dragon Demo-1,45d4a4fcb52a17e9a33fbd677d7148eea57d472982accc4557f09c32fa375f48,context_link
snap-202-011,Crew Dragon Demo-1,45d4a4fcb52a17e9a33fbd677d7148eea57d472982accc4557f09c32fa375f48,context_link
snap-202-012,Crew Dragon Demo-1,45d4a4fcb52a17e9a33fbd677d7148eea57d472982accc4557f09c32fa375f48,context_link
snap-202-013,Crew Dragon Demo-1,45d4a4fcb52a17e9a33fbd677d7148eea57d472982accc4557f09c32fa375f48,context_link
snap-202-014,Crew Dragon Demo-1,45d4a4fcb52a17e9a33fbd677d7148eea57d472982accc4557f09c32fa375f48,context_link
snap-202-015,Crew Dragon Demo-1,45d4a4fcb52a17e9a33fbd677d7148eea57d472982accc4557f09c32fa375f48,context_link
snap-202-016,Crew Dragon Demo-1,45d4a4fcb52a17e9a33fbd677d7148eea57d472982accc4557f09c32fa375f48,context_link
snap-202-017,Crew Dragon Demo-1,45d4a4fcb52a17e9a33fbd677d7148eea57d472982accc4557f09c32fa375f48,context_link
snap-203-000,Crew Dragon Demo-2,5427a23290eab39d73d9ed2eedadef1396bc40c6e590fd0494e539022a0a080c,entity_card
snap-203-001,Crew Dragon Demo-2,5427a23290eab39d73d9ed2eedadef1396bc40c6e590fd0494e539022a0a080c,context_link
snap-203-002,Crew Dragon Demo-2,5427a23290eab39d73d9ed2eedadef1396bc40c6e590fd0494e539022a0a080c,context_link
snap-203-003,Crew Dragon Demo-2,5427a23290eab39d73d9ed2eedadef1396bc40c6e590fd0494e539022a0a080c,context_link
snap-203-004,Crew Dragon Demo-2,5427a23290eab39d73d9ed2eedadef1396bc40c6e590fd0494e539022a0a080c,context_link
snap-203-005,Crew Dragon Demo-2,5427a23290eab39d73d9ed2eedadef1396bc40c6e590fd0494e539022a0a080c,context_link
snap-203-006,Crew Dragon Demo-2,5427a23290eab39d73d9ed2eedadef1396bc40c6e590fd0494e539022a0a080c,context_link
snap-203-007,Crew Dragon Demo-2,5427a23290eab39d73d9ed2eedadef1396bc40c6e590fd0494e539022a0a080c,context_link
snap-203-008,Crew Dragon Demo-2,5427a23290eab39d73d9ed2eedadef1396bc40c6e590fd0494e539022a0a080c,context_link
snap-203-009,Crew Dragon Demo-2,5427a23290eab39d73d9ed2eedadef1396bc40c6e590fd0494e539022a0a080c,context_link
snap-203-010,Crew Dragon Demo-2,5427a23290eab39d73d9ed2eedadef1396bc40c6e590fd0494e539022a0a080c,context_link
snap-203-011,Crew Dragon Demo-2,5427a23290eab39d73d9ed2eedadef1396bc40c6e590fd0494e539022a0a080c,context_link
snap-203-012,Crew Dragon Demo-2,5427a23290eab39d73d9ed2eedadef1396bc40c6e590fd0494e539022a0a080c,context_link
snap-203-013,Crew Dragon Demo-2,5427a23290eab39d73d9ed2eedadef1396bc40c6e590fd0494e539022a0a080c,context_link
snap-203-014,Crew Dragon Demo-2,5427a23290eab39d73d9ed2eedadef1396bc40c6e590fd0494e539022a0a080c,context_link
snap-204-000,Crew Exploration Vehicle,5c14c1ec7ec1e28ed9accabd2e4e6ac8269b4923138e7cecea093858b1097c6e,entity_card
snap-204-001,Crew Exploration Vehicle,5c14c1ec7ec1e28ed9accabd2e4e6ac8269b4923138e7cecea093858b1097c6e,context_link
snap-204-002,Crew Exploration Vehicle,5c14c1ec7ec1e28ed9accabd2e4e6ac8269b4923138e7cecea093858b1097c6e,context_link
snap-204-003,Crew Exploration Vehicle,5c14c1ec7ec1e28ed9accabd2e4e6ac8269b4923138e7cecea093858b1097c6e,context_link
snap-204-004,Crew Exploration Vehicle,5c14c1ec7ec1e28ed9accabd2e4e6ac8269b4923138e7cecea093858b1097c6e,context_link
snap-204-005,Crew Exploration Vehicle,5c14c1ec7ec1e28ed9accabd2e4e6ac8269b4923138e7cecea093858b1097c6e,context_link
snap-204-006,Crew Exploration Vehicle,5c14c1ec7ec1e28ed9accabd2e4e6ac8269b4923138e7cecea093858b1097c6e,context_link
snap-204-007,Crew Exploration Vehicle,5c14c1ec7ec1e28ed9accabd2e4e6ac8269b4923138e7cecea093858b1097c6e,context_link
snap-204-008,Crew Exploration Vehicle,5c14c1ec7ec1e28ed9accabd2e4e6ac8269b4923138e7cecea093858b1097c6e,context_link
snap-204-009,Crew Exploration Vehicle,5c14c1ec7ec1e28ed9accabd2e4e6ac8269b4923138e7cecea093858b1097c6e,context_link
snap-204-010,Crew Exploration Vehicle,5c14c1ec7ec1e28ed9accabd2e4e6ac8269b4923138e7cecea093858b1097c6e,context_link
snap-204-011,Crew Exploration Vehicle,5c14c1ec7ec1e28ed9accabd2e4e6ac8269b4923138e7cecea093858b1097c6e,context_link
snap-204-012,Crew Exploration Vehicle,5c14c1ec7ec1e28ed9accabd2e4e6ac8269b4923138e7cecea093858b1097c6e,context_link
snap-204-013,Crew Exploration Vehicle,5c14c1ec7ec1e28ed9accabd2e4e6ac8269b4923138e7cecea093858b1097c6e,context_link
snap-204-014,Crew Exploration Vehicle,5c14c1ec7ec1e28ed9accabd2e4e6ac8269b4923138e7cecea093858b1097c6e,context_link
snap-204-015,Crew Exploration Vehicle,5c14c1ec7ec1e28ed9accabd2e4e6ac8269b4923138e7cecea093858b1097c6e,context_link
snap-205-000,D. E. Shaw & Co.,41f080ff08a6ea2a8650a8aa3946a2a51c8c5ceba5c138f8c68e52bec7eb4134,entity_card
snap-205-001,D. E. Shaw & Co.,41f080ff08a6ea2a8650a8aa3946a2a51c8c5ceba5c138f8c68e52bec7eb4134,context_link
snap-205-002,D. E. Shaw & Co.,41f080ff08a6ea2a8650a8aa3946a2a51c8c5ceba5c138f8c68e52bec7eb4134,context_link
snap-205-003,D. E. Shaw & Co.,41f080ff08a6ea2a8650a8aa3946a2a51c8c5ceba5c138f8c68e52bec7eb4134,context_link
snap-205-004,D. E. Shaw & Co.,41f080ff08a6ea2a8650a8aa3946a2a51c8c5ceba5c138f8c68e52bec7eb4134,context_link
snap-205-005,D. E. Shaw & Co.,41f080ff08a6ea2a8650a8aa3946a2a51c8c5ceba5c138f8c68e52bec7eb4134,context_link
snap-205-006,D. E. Shaw & Co.,41f080ff08a6ea2a8650a8aa3946a2a51c8c5ceba5c138f8c68e52bec7eb4134,context_link
snap-206-000,DARPA Falcon Project,936f1d9bb4e1b7f154d883e73f627ff8d5d578127e4f6a9948c46c7b7dfda7ce,entity_card
snap-206-001,DARPA Falcon Project,936f1d9bb4e1b7f154d883e73f627ff8d5d578127e4f6a9948c46c7b7dfda7ce,context_link
snap-206-002,DARPA Falcon Project,936f1d9bb4e1b7f154d883e73f627ff8d5d578127e4f6a9948c46c7b7dfda7ce,context_link
snap-206-003,DARPA Falcon Project,936f1d9bb4e1b7f154d883e73f627ff8d5d578127e4f6a9948c46c7b7dfda7ce,context_link
snap-206-004,DARPA Falcon Project,936f1d9bb4e1b7f154d883e73f627ff8d5d578127e4f6a9948c46c7b7dfda7ce,context_link
snap-206-005,DARPA Falcon Project,936f1d9bb4e1b7f154d883e73f627ff8d5d578127e4f6a9948c46c7b7dfda7ce,context_link
snap-206-006,DARPA Falcon Project,936f1d9bb4e1b7f154d883e73f627ff8d5d578127e4f6a9948c46c7b7dfda7ce,context_link
snap-206-007,DARPA Falcon Project,936f1d9bb4e1b7f154d883e73f627ff8d5d578127e4f6a9948c46c7b7dfda7ce,context_link
snap-207-000,Dalal Street,3fb0cf7e5c7a17763bce1629945d18c9b7aa10f0a88d98d5684ef86358534e13,entity_card
snap-207-001,Dalal Street,3fb0cf7e5c7a17763bce1629945d18c9b7aa10f0a88d98d5684ef86358534e13,definition_claim
snap-207-002,Dalal Street,3fb0cf7e5c7a17763bce1629945d18c9b7aa10f0a88d98d5684ef86358534e13,context_link
snap-207-003,Dalal Street,3fb0cf7e5c7a17763bce1629945d18c9b7aa10f0a88d98d5684ef86358534e13,context_link
snap-207-004,Dalal Street,3fb0cf7e5c7a17763bce1629945d18c9b7aa10f0a88d98d5684ef86358534e13,context_link
snap-207-005,Dalal Street,3fb0cf7e5c7a17763bce1629945d18c9b7aa10f0a88d98d5684ef86358534e13,context_link
snap-207-006,Dalal Street,3fb0cf7e5c7a17763bce1629945d18c9b7aa10f0a88d98d5684ef86358534e13,context_link
snap-208-000,Dan Schulman,ed03951e96b441bdd255238753037ee98c500d95aef2bdd3bd7a23babda29331,entity_card
snap-208-001,Dan Schulman,ed03951e96b441bdd255238753037ee98c500d95aef2bdd3bd7a23babda29331,context_link
snap-208-002,Dan Schulman,ed03951e96b441bdd255238753037ee98c500d95aef2bdd3bd7a23babda29331,context_link
snap-208-003,Dan Schulman,ed03951e96b441bdd255238753037ee98c500d95aef2bdd3bd7a23babda29331,context_link
snap-208-004,Dan Schulman,ed03951e96b441bdd255238753037ee98c500d95aef2bdd3bd7a23babda29331,context_link
snap-208-005,Dan Schulman,ed03951e96b441bdd255238753037ee98c500d95aef2bdd3bd7a23babda29331,context_link
snap-208-006,Dan Schulman,ed03951e96b441bdd255238753037ee98c500d95aef2bdd3bd7a23babda29331,context_link
snap-208-007,Dan Schulman,ed03951e96b441bdd255238753037ee98c500d95aef2bdd3bd7a23babda29331,context_link
snap-208-008,Dan Schulman,ed03951e96b441bdd255238753037ee98c500d95aef2bdd3bd7a23babda29331,context_link
snap-208-009,Dan Schulman,ed03951e96b441bdd255238753037ee98c500d95aef2bdd3bd7a23babda29331,context_link
snap-208-010,Dan Schulman,ed03951e96b441bdd255238753037ee98c500d95aef2bdd3bd7a23babda29331,context_link
snap-208-011,Dan Schulman,ed03951e96b441bdd255238753037ee98c500d95aef2bdd3bd7a23babda29331,context_link
snap-209-000,Daniel L. Doctoroff,9037d08a9c8807f4a80d38ba2c4a945b78bca32e231f83eccc3ea1a7013c7166,entity_card
snap-209-001,Daniel L. Doctoroff,9037d08a9c8807f4a80d38ba2c4a945b78bca32e231f83eccc3ea1a7013c7166,context_link
snap-209-002,Daniel L. Doctoroff,9037d08a9c8807f4a80d38ba2c4a945b78bca32e231f83eccc3ea1a7013c7166,context_link
snap-209-003,Daniel L. Doctoroff,9037d08a9c8807f4a80d38ba2c4a945b78bca32e231f83eccc3ea1a7013c7166,context_link
snap-209-004,Daniel L. Doctoroff,9037d08a9c8807f4a80d38ba2c4a945b78bca32e231f83eccc3ea1a7013c7166,context_link
snap-209-005,Daniel L. Doctoroff,9037d08a9c8807f4a80d38ba2c4a945b78bca32e231f83eccc3ea1a7013c7166,context_link
snap-210-000,Das Model,ca369984aa4d5632a7c89f16788b20a03d39a22715b740324ffeedda4fd70c88,entity_card
snap-210-001,Das Model,ca369984aa4d5632a7c89f16788b20a03d39a22715b740324ffeedda4fd70c88,context_link
snap-211-000,Dave Limp,36b3e866275fd010f790ef8c06d291a990e55a6a0e740e32e0afbeeec16587ef,entity_card
snap-211-001,Dave Limp,36b3e866275fd010f790ef8c06d291a990e55a6a0e740e32e0afbeeec16587ef,context_link
snap-211-002,Dave Limp,36b3e866275fd010f790ef8c06d291a990e55a6a0e740e32e0afbeeec16587ef,context_link
snap-211-003,Dave Limp,36b3e866275fd010f790ef8c06d291a990e55a6a0e740e32e0afbeeec16587ef,context_link
snap-211-004,Dave Limp,36b3e866275fd010f790ef8c06d291a990e55a6a0e740e32e0afbeeec16587ef,context_link
snap-211-005,Dave Limp,36b3e866275fd010f790ef8c06d291a990e55a6a0e740e32e0afbeeec16587ef,context_link
snap-211-006,Dave Limp,36b3e866275fd010f790ef8c06d291a990e55a6a0e740e32e0afbeeec16587ef,context_link
snap-211-007,Dave Limp,36b3e866275fd010f790ef8c06d291a990e55a6a0e740e32e0afbeeec16587ef,context_link
snap-211-008,Dave Limp,36b3e866275fd010f790ef8c06d291a990e55a6a0e740e32e0afbeeec16587ef,context_link
snap-211-009,Dave Limp,36b3e866275fd010f790ef8c06d291a990e55a6a0e740e32e0afbeeec16587ef,context_link
snap-211-010,Dave Limp,36b3e866275fd010f790ef8c06d291a990e55a6a0e740e32e0afbeeec16587ef,context_link
snap-212-000,Dawn Aerospace,a017df0008a27efcd0272a8dadef36dea53b84ee4a0c1f03c095c503d8dbc131,entity_card
snap-212-001,Dawn Aerospace,a017df0008a27efcd0272a8dadef36dea53b84ee4a0c1f03c095c503d8dbc131,context_link
snap-212-002,Dawn Aerospace,a017df0008a27efcd0272a8dadef36dea53b84ee4a0c1f03c095c503d8dbc131,context_link
snap-212-003,Dawn Aerospace,a017df0008a27efcd0272a8dadef36dea53b84ee4a0c1f03c095c503d8dbc131,context_link
snap-212-004,Dawn Aerospace,a017df0008a27efcd0272a8dadef36dea53b84ee4a0c1f03c095c503d8dbc131,context_link
snap-212-005,Dawn Aerospace,a017df0008a27efcd0272a8dadef36dea53b84ee4a0c1f03c095c503d8dbc131,context_link
snap-212-006,Dawn Aerospace,a017df0008a27efcd0272a8dadef36dea53b84ee4a0c1f03c095c503d8dbc131,context_link
snap-212-007,Dawn Aerospace,a017df0008a27efcd0272a8dadef36dea53b84ee4a0c1f03c095c503d8dbc131,context_link
snap-212-008,Dawn Aerospace,a017df0008a27efcd0272a8dadef36dea53b84ee4a0c1f03c095c503d8dbc131,context_link
snap-212-009,Dawn Aerospace,a017df0008a27efcd0272a8dadef36dea53b84ee4a0c1f03c095c503d8dbc131,context_link
snap-213-000,December,7dab589340301aa6d6d5f1578c10065224e7a86b7bae3750ee4a05984edd222a,entity_card
snap-213-001,December,7dab589340301aa6d6d5f1578c10065224e7a86b7bae3750ee4a05984edd222a,context_link
snap-213-002,December,7dab589340301aa6d6d5f1578c10065224e7a86b7bae3750ee4a05984edd222a,context_link
snap-213-003,December,7dab589340301aa6d6d5f1578c10065224e7a86b7bae3750ee4a05984edd222a,context_link
snap-213-004,December,7dab589340301aa6d6d5f1578c10065224e7a86b7bae3750ee4a05984edd222a,context_link
snap-213-005,December,7dab589340301aa6d6d5f1578c10065224e7a86b7bae3750ee4a05984edd222a,context_link
snap-213-006,December,7dab589340301aa6d6d5f1578c10065224e7a86b7bae3750ee4a05984edd222a,context_link
snap-213-007,December,7dab589340301aa6d6d5f1578c10065224e7a86b7bae3750ee4a05984edd222a,context_link
snap-214-000,Deep Space Climate Observatory,033d4ba381950c0f0e6fb114150d660a71d6b4c8c2c2edfe01f1e8d24222ca5d,entity_card
snap-214-001,Deep Space Climate Observatory,033d4ba381950c0f0e6fb114150d660a71d6b4c8c2c2edfe01f1e8d24222ca5d,context_link
snap-214-002,Deep Space Climate Observatory,033d4ba381950c0f0e6fb114150d660a71d6b4c8c2c2edfe01f1e8d24222ca5d,context_link
snap-214-003,Deep Space Climate Observatory,033d4ba381950c0f0e6fb114150d660a71d6b4c8c2c2edfe01f1e8d24222ca5d,context_link
snap-214-004,Deep Space Climate Observatory,033d4ba381950c0f0e6fb114150d660a71d6b4c8c2c2edfe01f1e8d24222ca5d,context_link
snap-214-005,Deep Space Climate Observatory,033d4ba381950c0f0e6fb114150d660a71d6b4c8c2c2edfe01f1e8d24222ca5d,context_link
snap-214-006,Deep Space Climate Observatory,033d4ba381950c0f0e6fb114150d660a71d6b4c8c2c2edfe01f1e8d24222ca5d,context_link
snap-214-007,Deep Space Climate Observatory,033d4ba381950c0f0e6fb114150d660a71d6b4c8c2c2edfe01f1e8d24222ca5d,context_link
snap-214-008,Deep Space Climate Observatory,033d4ba381950c0f0e6fb114150d660a71d6b4c8c2c2edfe01f1e8d24222ca5d,context_link
snap-214-009,Deep Space Climate Observatory,033d4ba381950c0f0e6fb114150d660a71d6b4c8c2c2edfe01f1e8d24222ca5d,context_link
snap-214-010,Deep Space Climate Observatory,033d4ba381950c0f0e6fb114150d660a71d6b4c8c2c2edfe01f1e8d24222ca5d,context_link
snap-214-011,Deep Space Climate Observatory,033d4ba381950c0f0e6fb114150d660a71d6b4c8c2c2edfe01f1e8d24222ca5d,context_link
snap-214-012,Deep Space Climate Observatory,033d4ba381950c0f0e6fb114150d660a71d6b4c8c2c2edfe01f1e8d24222ca5d,context_link
snap-215-000,Delta IV,7c8af8046d01e3a105cfbae6bb626d21bcd8fc8c95feb6e626330305f8f47c17,entity_card
snap-215-001,Delta IV,7c8af8046d01e3a105cfbae6bb626d21bcd8fc8c95feb6e626330305f8f47c17,context_link
snap-215-002,Delta IV,7c8af8046d01e3a105cfbae6bb626d21bcd8fc8c95feb6e626330305f8f47c17,context_link
snap-215-003,Delta IV,7c8af8046d01e3a105cfbae6bb626d21bcd8fc8c95feb6e626330305f8f47c17,context_link
snap-215-004,Delta IV,7c8af8046d01e3a105cfbae6bb626d21bcd8fc8c95feb6e626330305f8f47c17,context_link
snap-215-005,Delta IV,7c8af8046d01e3a105cfbae6bb626d21bcd8fc8c95feb6e626330305f8f47c17,context_link
snap-215-006,Delta IV,7c8af8046d01e3a105cfbae6bb626d21bcd8fc8c95feb6e626330305f8f47c17,context_link
snap-215-007,Delta IV,7c8af8046d01e3a105cfbae6bb626d21bcd8fc8c95feb6e626330305f8f47c17,context_link
snap-215-008,Delta IV,7c8af8046d01e3a105cfbae6bb626d21bcd8fc8c95feb6e626330305f8f47c17,context_link
snap-215-009,Delta IV,7c8af8046d01e3a105cfbae6bb626d21bcd8fc8c95feb6e626330305f8f47c17,context_link
snap-215-010,Delta IV,7c8af8046d01e3a105cfbae6bb626d21bcd8fc8c95feb6e626330305f8f47c17,context_link
snap-215-011,Delta IV,7c8af8046d01e3a105cfbae6bb626d21bcd8fc8c95feb6e626330305f8f47c17,context_link
snap-215-012,Delta IV,7c8af8046d01e3a105cfbae6bb626d21bcd8fc8c95feb6e626330305f8f47c17,context_link
snap-215-013,Delta IV,7c8af8046d01e3a105cfbae6bb626d21bcd8fc8c95feb6e626330305f8f47c17,context_link
snap-215-014,Delta IV,7c8af8046d01e3a105cfbae6bb626d21bcd8fc8c95feb6e626330305f8f47c17,context_link
snap-215-015,Delta IV,7c8af8046d01e3a105cfbae6bb626d21bcd8fc8c95feb6e626330305f8f47c17,context_link
snap-215-016,Delta IV,7c8af8046d01e3a105cfbae6bb626d21bcd8fc8c95feb6e626330305f8f47c17,context_link
snap-215-017,Delta IV,7c8af8046d01e3a105cfbae6bb626d21bcd8fc8c95feb6e626330305f8f47c17,context_link
snap-216-000,Development of the Commercial Crew Program,9fca430cb3e59e32f90a4f537fcc8307525ddec5da5c82797b16996105c13816,entity_card
snap-216-001,Development of the Commercial Crew Program,9fca430cb3e59e32f90a4f537fcc8307525ddec5da5c82797b16996105c13816,context_link
snap-216-002,Development of the Commercial Crew Program,9fca430cb3e59e32f90a4f537fcc8307525ddec5da5c82797b16996105c13816,context_link
snap-216-003,Development of the Commercial Crew Program,9fca430cb3e59e32f90a4f537fcc8307525ddec5da5c82797b16996105c13816,context_link
snap-216-004,Development of the Commercial Crew Program,9fca430cb3e59e32f90a4f537fcc8307525ddec5da5c82797b16996105c13816,context_link
snap-216-005,Development of the Commercial Crew Program,9fca430cb3e59e32f90a4f537fcc8307525ddec5da5c82797b16996105c13816,context_link
snap-216-006,Development of the Commercial Crew Program,9fca430cb3e59e32f90a4f537fcc8307525ddec5da5c82797b16996105c13816,context_link
snap-216-007,Development of the Commercial Crew Program,9fca430cb3e59e32f90a4f537fcc8307525ddec5da5c82797b16996105c13816,context_link
snap-216-008,Development of the Commercial Crew Program,9fca430cb3e59e32f90a4f537fcc8307525ddec5da5c82797b16996105c13816,context_link
snap-216-009,Development of the Commercial Crew Program,9fca430cb3e59e32f90a4f537fcc8307525ddec5da5c82797b16996105c13816,context_link
snap-216-010,Development of the Commercial Crew Program,9fca430cb3e59e32f90a4f537fcc8307525ddec5da5c82797b16996105c13816,context_link
snap-216-011,Development of the Commercial Crew Program,9fca430cb3e59e32f90a4f537fcc8307525ddec5da5c82797b16996105c13816,context_link
snap-216-012,Development of the Commercial Crew Program,9fca430cb3e59e32f90a4f537fcc8307525ddec5da5c82797b16996105c13816,context_link
snap-216-013,Development of the Commercial Crew Program,9fca430cb3e59e32f90a4f537fcc8307525ddec5da5c82797b16996105c13816,context_link
snap-216-014,Development of the Commercial Crew Program,9fca430cb3e59e32f90a4f537fcc8307525ddec5da5c82797b16996105c13816,context_link
snap-216-015,Development of the Commercial Crew Program,9fca430cb3e59e32f90a4f537fcc8307525ddec5da5c82797b16996105c13816,context_link
snap-216-016,Development of the Commercial Crew Program,9fca430cb3e59e32f90a4f537fcc8307525ddec5da5c82797b16996105c13816,context_link
snap-216-017,Development of the Commercial Crew Program,9fca430cb3e59e32f90a4f537fcc8307525ddec5da5c82797b16996105c13816,context_link
snap-216-018,Development of the Commercial Crew Program,9fca430cb3e59e32f90a4f537fcc8307525ddec5da5c82797b16996105c13816,context_link
snap-216-019,Development of the Commercial Crew Program,9fca430cb3e59e32f90a4f537fcc8307525ddec5da5c82797b16996105c13816,context_link
snap-216-020,Development of the Commercial Crew Program,9fca430cb3e59e32f90a4f537fcc8307525ddec5da5c82797b16996105c13816,context_link
snap-217-000,Digital Equipment Corporation,1d5ca6c5c0eb35f415ac823b3c51005e9396958d3cb40459f460911f04858d44,entity_card
snap-217-001,Digital Equipment Corporation,1d5ca6c5c0eb35f415ac823b3c51005e9396958d3cb40459f460911f04858d44,context_link
snap-217-002,Digital Equipment Corporation,1d5ca6c5c0eb35f415ac823b3c51005e9396958d3cb40459f460911f04858d44,context_link
snap-217-003,Digital Equipment Corporation,1d5ca6c5c0eb35f415ac823b3c51005e9396958d3cb40459f460911f04858d44,context_link
snap-217-004,Digital Equipment Corporation,1d5ca6c5c0eb35f415ac823b3c51005e9396958d3cb40459f460911f04858d44,context_link
snap-218-000,Dior,c730c2ef3f86f88de247891b95512435a23c828aa46e9a71bba4d495aec51cd3,entity_card
snap-218-001,Dior,c730c2ef3f86f88de247891b95512435a23c828aa46e9a71bba4d495aec51cd3,context_link
snap-218-002,Dior,c730c2ef3f86f88de247891b95512435a23c828aa46e9a71bba4d495aec51cd3,context_link
snap-218-003,Dior,c730c2ef3f86f88de247891b95512435a23c828aa46e9a71bba4d495aec51cd3,context_link
snap-218-004,Dior,c730c2ef3f86f88de247891b95512435a23c828aa46e9a71bba4d495aec51cd3,context_link
snap-218-005,Dior,c730c2ef3f86f88de247891b95512435a23c828aa46e9a71bba4d495aec51cd3,context_link
snap-218-006,Dior,c730c2ef3f86f88de247891b95512435a23c828aa46e9a71bba4d495aec51cd3,context_link
snap-219-000,Disaster Monitoring Constellation,36db58362d9bd2125c1f6060244546474a0ed7a5d14b89b40e460b7bc70bd403,entity_card
snap-219-001,Disaster Monitoring Constellation,36db58362d9bd2125c1f6060244546474a0ed7a5d14b89b40e460b7bc70bd403,context_link
snap-219-002,Disaster Monitoring Constellation,36db58362d9bd2125c1f6060244546474a0ed7a5d14b89b40e460b7bc70bd403,context_link
snap-219-003,Disaster Monitoring Constellation,36db58362d9bd2125c1f6060244546474a0ed7a5d14b89b40e460b7bc70bd403,context_link
snap-219-004,Disaster Monitoring Constellation,36db58362d9bd2125c1f6060244546474a0ed7a5d14b89b40e460b7bc70bd403,context_link
snap-219-005,Disaster Monitoring Constellation,36db58362d9bd2125c1f6060244546474a0ed7a5d14b89b40e460b7bc70bd403,context_link
snap-219-006,Disaster Monitoring Constellation,36db58362d9bd2125c1f6060244546474a0ed7a5d14b89b40e460b7bc70bd403,context_link
snap-219-007,Disaster Monitoring Constellation,36db58362d9bd2125c1f6060244546474a0ed7a5d14b89b40e460b7bc70bd403,context_link
snap-219-008,Disaster Monitoring Constellation,36db58362d9bd2125c1f6060244546474a0ed7a5d14b89b40e460b7bc70bd403,context_link
snap-219-009,Disaster Monitoring Constellation,36db58362d9bd2125c1f6060244546474a0ed7a5d14b89b40e460b7bc70bd403,context_link
snap-219-010,Disaster Monitoring Constellation,36db58362d9bd2125c1f6060244546474a0ed7a5d14b89b40e460b7bc70bd403,context_link
snap-219-011,Disaster Monitoring Constellation,36db58362d9bd2125c1f6060244546474a0ed7a5d14b89b40e460b7bc70bd403,context_link
snap-219-012,Disaster Monitoring Constellation,36db58362d9bd2125c1f6060244546474a0ed7a5d14b89b40e460b7bc70bd403,context_link
snap-219-013,Disaster Monitoring Constellation,36db58362d9bd2125c1f6060244546474a0ed7a5d14b89b40e460b7bc70bd403,context_link
snap-219-014,Disaster Monitoring Constellation,36db58362d9bd2125c1f6060244546474a0ed7a5d14b89b40e460b7bc70bd403,context_link
snap-220-000,Division (military),69000e0648c1534095f3ff55c70ad7b367f5bd5e54cd07a634c3b7a6a31bd554,entity_card
snap-220-001,Division (military),69000e0648c1534095f3ff55c70ad7b367f5bd5e54cd07a634c3b7a6a31bd554,context_link
snap-220-002,Division (military),69000e0648c1534095f3ff55c70ad7b367f5bd5e54cd07a634c3b7a6a31bd554,context_link
snap-220-003,Division (military),69000e0648c1534095f3ff55c70ad7b367f5bd5e54cd07a634c3b7a6a31bd554,context_link
snap-220-004,Division (military),69000e0648c1534095f3ff55c70ad7b367f5bd5e54cd07a634c3b7a6a31bd554,context_link
snap-220-005,Division (military),69000e0648c1534095f3ff55c70ad7b367f5bd5e54cd07a634c3b7a6a31bd554,context_link
snap-221-000,Don DeLillo,2f4d61bd204c748af58221b9de98c1a4f828696ca13c3da647c659a70fa6a93c,entity_card
snap-221-001,Don DeLillo,2f4d61bd204c748af58221b9de98c1a4f828696ca13c3da647c659a70fa6a93c,context_link
snap-221-002,Don DeLillo,2f4d61bd204c748af58221b9de98c1a4f828696ca13c3da647c659a70fa6a93c,context_link
snap-221-003,Don DeLillo,2f4d61bd204c748af58221b9de98c1a4f828696ca13c3da647c659a70fa6a93c,context_link
snap-221-004,Don DeLillo,2f4d61bd204c748af58221b9de98c1a4f828696ca13c3da647c659a70fa6a93c,context_link
snap-222-000,Donald Trump,72caa765fe644780d92f7a7e897ea4beb67e203220b78e24b3d3a2d5ff89a26d,entity_card
snap-222-001,Donald Trump,72caa765fe644780d92f7a7e897ea4beb67e203220b78e24b3d3a2d5ff89a26d,context_link
snap-222-002,Donald Trump,72caa765fe644780d92f7a7e897ea4beb67e203220b78e24b3d3a2d5ff89a26d,context_link
snap-222-003,Donald Trump,72caa765fe644780d92f7a7e897ea4beb67e203220b78e24b3d3a2d5ff89a26d,context_link
snap-222-004,Donald Trump,72caa765fe644780d92f7a7e897ea4beb67e203220b78e24b3d3a2d5ff89a26d,context_link
snap-222-005,Donald Trump,72caa765fe644780d92f7a7e897ea4beb67e203220b78e24b3d3a2d5ff89a26d,context_link
snap-222-006,Donald Trump,72caa765fe644780d92f7a7e897ea4beb67e203220b78e24b3d3a2d5ff89a26d,context_link
snap-222-007,Donald Trump,72caa765fe644780d92f7a7e897ea4beb67e203220b78e24b3d3a2d5ff89a26d,context_link
snap-222-008,Donald Trump,72caa765fe644780d92f7a7e897ea4beb67e203220b78e24b3d3a2d5ff89a26d,context_link
snap-223-000,Douglas C-124 Globemaster II,f6536ad4ea2b8f9ccdf667f66005be9bf50c8e137eefac8542521fee0e934e3a,entity_card
snap-223-001,Douglas C-124 Globemaster II,f6536ad4ea2b8f9ccdf667f66005be9bf50c8e137eefac8542521fee0e934e3a,context_link
snap-223-002,Douglas C-124 Globemaster II,f6536ad4ea2b8f9ccdf667f66005be9bf50c8e137eefac8542521fee0e934e3a,context_link
snap-223-003,Douglas C-124 Globemaster II,f6536ad4ea2b8f9ccdf667f66005be9bf50c8e137eefac8542521fee0e934e3a,context_link
snap-223-004,Douglas C-124 Globemaster II,f6536ad4ea2b8f9ccdf667f66005be9bf50c8e137eefac8542521fee0e934e3a,context_link
snap-223-005,Douglas C-124 Globemaster II,f6536ad4ea2b8f9ccdf667f66005be9bf50c8e137eefac8542521fee0e934e3a,context_link
snap-223-006,Douglas C-124 Globemaster II,f6536ad4ea2b8f9ccdf667f66005be9bf50c8e137eefac8542521fee0e934e3a,context_link
snap-223-007,Douglas C-124 Globemaster II,f6536ad4ea2b8f9ccdf667f66005be9bf50c8e137eefac8542521fee0e934e3a,context_link
snap-224-000,Dow Jones,2ff5d7c3643a2ab84d66f8b1df090461660e7b1f3b42f050bdd2694bb84c7d66,entity_card
snap-224-001,Dow Jones,2ff5d7c3643a2ab84d66f8b1df090461660e7b1f3b42f050bdd2694bb84c7d66,context_link
snap-224-002,Dow Jones,2ff5d7c3643a2ab84d66f8b1df090461660e7b1f3b42f050bdd2694bb84c7d66,context_link
snap-224-003,Dow Jones,2ff5d7c3643a2ab84d66f8b1df090461660e7b1f3b42f050bdd2694bb84c7d66,context_link
snap-224-004,Dow Jones,2ff5d7c3643a2ab84d66f8b1df090461660e7b1f3b42f050bdd2694bb84c7d66,context_link
snap-224-005,Dow Jones,2ff5d7c3643a2ab84d66f8b1df090461660e7b1f3b42f050bdd2694bb84c7d66,context_link
snap-225-000,Dow Jones Industrial Average,1c6066c2b55b11ff5e51c2701b938cb8c74c5e0dbfdba202c543e028fae37f0b,entity_card
snap-225-001,Dow Jones Industrial Average,1c6066c2b55b11ff5e51c2701b938cb8c74c5e0dbfdba202c543e028fae37f0b,context_link
snap-225-002,Dow Jones Industrial Average,1c6066c2b55b11ff5e51c2701b938cb8c74c5e0dbfdba202c543e028fae37f0b,context_link
snap-225-003,Dow Jones Industrial Average,1c6066c2b55b11ff5e51c2701b938cb8c74c5e0dbfdba202c543e028fae37f0b,context_link
snap-225-004,Dow Jones Industrial Average,1c6066c2b55b11ff5e51c2701b938cb8c74c5e0dbfdba202c543e028fae37f0b,context_link
snap-225-005,Dow Jones Industrial Average,1c6066c2b55b11ff5e51c2701b938cb8c74c5e0dbfdba202c543e028fae37f0b,context_link
snap-225-006,Dow Jones Industrial Average,1c6066c2b55b11ff5e51c2701b938cb8c74c5e0dbfdba202c543e028fae37f0b,context_link
snap-226-000,Dragon,2d96e115a369193e08954ce8ec10df53b41a44536812e16717ae1e4a4d876e9b,entity_card
snap-226-001,Dragon,2d96e115a369193e08954ce8ec10df53b41a44536812e16717ae1e4a4d876e9b,context_link
snap-227-000,Dragon Spacecraft Qualification Unit,638d72017993c13abff399a3dd08abfece230b950449fde0b47567df68303c76,entity_card
snap-227-001,Dragon Spacecraft Qualification Unit,638d72017993c13abff399a3dd08abfece230b950449fde0b47567df68303c76,context_link
snap-227-002,Dragon Spacecraft Qualification Unit,638d72017993c13abff399a3dd08abfece230b950449fde0b47567df68303c76,context_link
snap-227-003,Dragon Spacecraft Qualification Unit,638d72017993c13abff399a3dd08abfece230b950449fde0b47567df68303c76,context_link
snap-227-004,Dragon Spacecraft Qualification Unit,638d72017993c13abff399a3dd08abfece230b950449fde0b47567df68303c76,context_link
snap-227-005,Dragon Spacecraft Qualification Unit,638d72017993c13abff399a3dd08abfece230b950449fde0b47567df68303c76,context_link
snap-227-006,Dragon Spacecraft Qualification Unit,638d72017993c13abff399a3dd08abfece230b950449fde0b47567df68303c76,context_link
snap-227-007,Dragon Spacecraft Qualification Unit,638d72017993c13abff399a3dd08abfece230b950449fde0b47567df68303c76,context_link
snap-227-008,Dragon Spacecraft Qualification Unit,638d72017993c13abff399a3dd08abfece230b950449fde0b47567df68303c76,context_link
snap-227-009,Dragon Spacecraft Qualification Unit,638d72017993c13abff399a3dd08abfece230b950449fde0b47567df68303c76,context_link
snap-227-010,Dragon Spacecraft Qualification Unit,638d72017993c13abff399a3dd08abfece230b950449fde0b47567df68303c76,context_link
snap-227-011,Dragon Spacecraft Qualification Unit,638d72017993c13abff399a3dd08abfece230b950449fde0b47567df68303c76,context_link
snap-227-012,Dragon Spacecraft Qualification Unit,638d72017993c13abff399a3dd08abfece230b950449fde0b47567df68303c76,context_link
snap-227-013,Dragon Spacecraft Qualification Unit,638d72017993c13abff399a3dd08abfece230b950449fde0b47567df68303c76,context_link
snap-227-014,Dragon Spacecraft Qualification Unit,638d72017993c13abff399a3dd08abfece230b950449fde0b47567df68303c76,context_link
snap-227-015,Dragon Spacecraft Qualification Unit,638d72017993c13abff399a3dd08abfece230b950449fde0b47567df68303c76,context_link
snap-227-016,Dragon Spacecraft Qualification Unit,638d72017993c13abff399a3dd08abfece230b950449fde0b47567df68303c76,context_link
snap-227-017,Dragon Spacecraft Qualification Unit,638d72017993c13abff399a3dd08abfece230b950449fde0b47567df68303c76,context_link
snap-227-018,Dragon Spacecraft Qualification Unit,638d72017993c13abff399a3dd08abfece230b950449fde0b47567df68303c76,context_link
snap-227-019,Dragon Spacecraft Qualification Unit,638d72017993c13abff399a3dd08abfece230b950449fde0b47567df68303c76,context_link
snap-227-020,Dragon Spacecraft Qualification Unit,638d72017993c13abff399a3dd08abfece230b950449fde0b47567df68303c76,context_link
snap-228-000,Dream Chaser,5d1c2502da5b924d712042834548a43efd1ecd35d5037b5ae78336d56e75c31d,entity_card
snap-228-001,Dream Chaser,5d1c2502da5b924d712042834548a43efd1ecd35d5037b5ae78336d56e75c31d,context_link
snap-228-002,Dream Chaser,5d1c2502da5b924d712042834548a43efd1ecd35d5037b5ae78336d56e75c31d,context_link
snap-228-003,Dream Chaser,5d1c2502da5b924d712042834548a43efd1ecd35d5037b5ae78336d56e75c31d,context_link
snap-228-004,Dream Chaser,5d1c2502da5b924d712042834548a43efd1ecd35d5037b5ae78336d56e75c31d,context_link
snap-228-005,Dream Chaser,5d1c2502da5b924d712042834548a43efd1ecd35d5037b5ae78336d56e75c31d,context_link
snap-228-006,Dream Chaser,5d1c2502da5b924d712042834548a43efd1ecd35d5037b5ae78336d56e75c31d,context_link
snap-228-007,Dream Chaser,5d1c2502da5b924d712042834548a43efd1ecd35d5037b5ae78336d56e75c31d,context_link
snap-228-008,Dream Chaser,5d1c2502da5b924d712042834548a43efd1ecd35d5037b5ae78336d56e75c31d,context_link
snap-228-009,Dream Chaser,5d1c2502da5b924d712042834548a43efd1ecd35d5037b5ae78336d56e75c31d,context_link
snap-228-010,Dream Chaser,5d1c2502da5b924d712042834548a43efd1ecd35d5037b5ae78336d56e75c31d,context_link
snap-228-011,Dream Chaser,5d1c2502da5b924d712042834548a43efd1ecd35d5037b5ae78336d56e75c31d,context_link
snap-228-012,Dream Chaser,5d1c2502da5b924d712042834548a43efd1ecd35d5037b5ae78336d56e75c31d,context_link
snap-228-013,Dream Chaser,5d1c2502da5b924d712042834548a43efd1ecd35d5037b5ae78336d56e75c31d,context_link
snap-229-000,Duke University,0f7097f33be3c515dbfa8c835d6ef53983241d459f2ac30ae6e8e7c946ca291b,entity_card
snap-229-001,Duke University,0f7097f33be3c515dbfa8c835d6ef53983241d459f2ac30ae6e8e7c946ca291b,context_link
snap-229-002,Duke University,0f7097f33be3c515dbfa8c835d6ef53983241d459f2ac30ae6e8e7c946ca291b,context_link
snap-230-000,Early modern period,9958e2c4f00ebe345a203b7997cf929ad2bb49b3076a3cd8099d0097f94d1205,entity_card
snap-230-001,Early modern period,9958e2c4f00ebe345a203b7997cf929ad2bb49b3076a3cd8099d0097f94d1205,context_link
snap-230-002,Early modern period,9958e2c4f00ebe345a203b7997cf929ad2bb49b3076a3cd8099d0097f94d1205,context_link
snap-230-003,Early modern period,9958e2c4f00ebe345a203b7997cf929ad2bb49b3076a3cd8099d0097f94d1205,context_link
snap-230-004,Early modern period,9958e2c4f00ebe345a203b7997cf929ad2bb49b3076a3cd8099d0097f94d1205,context_link
snap-230-005,Early modern period,9958e2c4f00ebe345a203b7997cf929ad2bb49b3076a3cd8099d0097f94d1205,context_link
snap-230-006,Early modern period,9958e2c4f00ebe345a203b7997cf929ad2bb49b3076a3cd8099d0097f94d1205,context_link
snap-231-000,Earth,0f47cf3fd11a796fe9c94723e6ee39d24c7e0125ca3f0aa99c93e9a7f517b57c,entity_card
snap-231-001,Earth,0f47cf3fd11a796fe9c94723e6ee39d24c7e0125ca3f0aa99c93e9a7f517b57c,context_link
snap-232-000,Eastern Range,a0690fb539f8e620bf5232a955f6a9228d6002ec3f35d31f2ae9d01256b1b4fb,entity_card
snap-232-001,Eastern Range,a0690fb539f8e620bf5232a955f6a9228d6002ec3f35d31f2ae9d01256b1b4fb,context_link
snap-232-002,Eastern Range,a0690fb539f8e620bf5232a955f6a9228d6002ec3f35d31f2ae9d01256b1b4fb,context_link
snap-232-003,Eastern Range,a0690fb539f8e620bf5232a955f6a9228d6002ec3f35d31f2ae9d01256b1b4fb,context_link
snap-232-004,Eastern Range,a0690fb539f8e620bf5232a955f6a9228d6002ec3f35d31f2ae9d01256b1b4fb,context_link
snap-232-005,Eastern Range,a0690fb539f8e620bf5232a955f6a9228d6002ec3f35d31f2ae9d01256b1b4fb,context_link
snap-232-006,Eastern Range,a0690fb539f8e620bf5232a955f6a9228d6002ec3f35d31f2ae9d01256b1b4fb,context_link
snap-232-007,Eastern Range,a0690fb539f8e620bf5232a955f6a9228d6002ec3f35d31f2ae9d01256b1b4fb,context_link
snap-232-008,Eastern Range,a0690fb539f8e620bf5232a955f6a9228d6002ec3f35d31f2ae9d01256b1b4fb,context_link
snap-232-009,Eastern Range,a0690fb539f8e620bf5232a955f6a9228d6002ec3f35d31f2ae9d01256b1b4fb,context_link
snap-232-010,Eastern Range,a0690fb539f8e620bf5232a955f6a9228d6002ec3f35d31f2ae9d01256b1b4fb,context_link
snap-232-011,Eastern Range,a0690fb539f8e620bf5232a955f6a9228d6002ec3f35d31f2ae9d01256b1b4fb,context_link
snap-233-000,Economy of the United States,9afcd0d8cde687772ce5cfe1c6aa38fb6b822ad5d1bf6d68a42c071b3610de44,entity_card
snap-233-001,Economy of the United States,9afcd0d8cde687772ce5cfe1c6aa38fb6b822ad5d1bf6d68a42c071b3610de44,context_link
snap-234-000,Ed Oates,bbc5f599f95824e0a45818d36b64516e53c5c7d44d434d0eda799552865bf391,entity_card
snap-234-001,Ed Oates,bbc5f599f95824e0a45818d36b64516e53c5c7d44d434d0eda799552865bf391,context_link
snap-234-002,Ed Oates,bbc5f599f95824e0a45818d36b64516e53c5c7d44d434d0eda799552865bf391,context_link
snap-234-003,Ed Oates,bbc5f599f95824e0a45818d36b64516e53c5c7d44d434d0eda799552865bf391,context_link
snap-234-004,Ed Oates,bbc5f599f95824e0a45818d36b64516e53c5c7d44d434d0eda799552865bf391,context_link
snap-234-005,Ed Oates,bbc5f599f95824e0a45818d36b64516e53c5c7d44d434d0eda799552865bf391,context_link
snap-234-006,Ed Oates,bbc5f599f95824e0a45818d36b64516e53c5c7d44d434d0eda799552865bf391,context_link
snap-234-007,Ed Oates,bbc5f599f95824e0a45818d36b64516e53c5c7d44d434d0eda799552865bf391,context_link
snap-234-008,Ed Oates,bbc5f599f95824e0a45818d36b64516e53c5c7d44d434d0eda799552865bf391,context_link
snap-235-000,Edgar F. Codd,f7212c619605b22dba22bba0d6f43e80a791a419a3c55649367004cdad5cdf5f,entity_card
snap-235-001,Edgar F. Codd,f7212c619605b22dba22bba0d6f43e80a791a419a3c55649367004cdad5cdf5f,context_link
snap-235-002,Edgar F. Codd,f7212c619605b22dba22bba0d6f43e80a791a419a3c55649367004cdad5cdf5f,context_link
snap-235-003,Edgar F. Codd,f7212c619605b22dba22bba0d6f43e80a791a419a3c55649367004cdad5cdf5f,context_link
snap-235-004,Edgar F. Codd,f7212c619605b22dba22bba0d6f43e80a791a419a3c55649367004cdad5cdf5f,context_link
snap-235-005,Edgar F. Codd,f7212c619605b22dba22bba0d6f43e80a791a419a3c55649367004cdad5cdf5f,context_link
snap-235-006,Edgar F. Codd,f7212c619605b22dba22bba0d6f43e80a791a419a3c55649367004cdad5cdf5f,context_link
snap-235-007,Edgar F. Codd,f7212c619605b22dba22bba0d6f43e80a791a419a3c55649367004cdad5cdf5f,context_link
snap-235-008,Edgar F. Codd,f7212c619605b22dba22bba0d6f43e80a791a419a3c55649367004cdad5cdf5f,context_link
snap-235-009,Edgar F. Codd,f7212c619605b22dba22bba0d6f43e80a791a419a3c55649367004cdad5cdf5f,context_link
snap-236-000,Electric car,d9c1edb1ae57632259835813b7c0959da37632ffeb7e6446ea9227486647e260,entity_card
snap-236-001,Electric car,d9c1edb1ae57632259835813b7c0959da37632ffeb7e6446ea9227486647e260,context_link
snap-236-002,Electric car,d9c1edb1ae57632259835813b7c0959da37632ffeb7e6446ea9227486647e260,context_link
snap-236-003,Electric car,d9c1edb1ae57632259835813b7c0959da37632ffeb7e6446ea9227486647e260,context_link
snap-236-004,Electric car,d9c1edb1ae57632259835813b7c0959da37632ffeb7e6446ea9227486647e260,context_link
snap-236-005,Electric car,d9c1edb1ae57632259835813b7c0959da37632ffeb7e6446ea9227486647e260,context_link
snap-236-006,Electric car,d9c1edb1ae57632259835813b7c0959da37632ffeb7e6446ea9227486647e260,context_link
snap-236-007,Electric car,d9c1edb1ae57632259835813b7c0959da37632ffeb7e6446ea9227486647e260,context_link
snap-236-008,Electric car,d9c1edb1ae57632259835813b7c0959da37632ffeb7e6446ea9227486647e260,context_link
snap-237-000,Electric motor,92d4de5ee5ff617d6b9cb152ca7c709c58b655552e0aeb0fe0529d628d8114e2,entity_card
snap-237-001,Electric motor,92d4de5ee5ff617d6b9cb152ca7c709c58b655552e0aeb0fe0529d628d8114e2,context_link
snap-238-000,Electric vehicle,5e29ce6cda1383f1889e9c8e4f9344ef025ad2bf8cff859e43a17783e3013bbb,entity_card
snap-238-001,Electric vehicle,5e29ce6cda1383f1889e9c8e4f9344ef025ad2bf8cff859e43a17783e3013bbb,relation_claim
snap-238-002,Electric vehicle,5e29ce6cda1383f1889e9c8e4f9344ef025ad2bf8cff859e43a17783e3013bbb,context_link
snap-238-003,Electric vehicle,5e29ce6cda1383f1889e9c8e4f9344ef025ad2bf8cff859e43a17783e3013bbb,context_link
snap-238-004,Electric vehicle,5e29ce6cda1383f1889e9c8e4f9344ef025ad2bf8cff859e43a17783e3013bbb,context_link
snap-238-005,Electric vehicle,5e29ce6cda1383f1889e9c8e4f9344ef025ad2bf8cff859e43a17783e3013bbb,context_link
snap-238-006,Electric vehicle,5e29ce6cda1383f1889e9c8e4f9344ef025ad2bf8cff859e43a17783e3013bbb,context_link
snap-238-007,Electric vehicle,5e29ce6cda1383f1889e9c8e4f9344ef025ad2bf8cff859e43a17783e3013bbb,context_link
snap-238-008,Electric vehicle,5e29ce6cda1383f1889e9c8e4f9344ef025ad2bf8cff859e43a17783e3013bbb,context_link
snap-238-009,Electric vehicle,5e29ce6cda1383f1889e9c8e4f9344ef025ad2bf8cff859e43a17783e3013bbb,context_link
snap-238-010,Electric vehicle,5e29ce6cda1383f1889e9c8e4f9344ef025ad2bf8cff859e43a17783e3013bbb,context_link
snap-238-011,Electric vehicle,5e29ce6cda1383f1889e9c8e4f9344ef025ad2bf8cff859e43a17783e3013bbb,context_link
snap-238-012,Electric vehicle,5e29ce6cda1383f1889e9c8e4f9344ef025ad2bf8cff859e43a17783e3013bbb,context_link
snap-239-000,Electrical engineering,266ab77fdee5b8a4af8b1445e32af3402b6d2043038ebbb51910dcefdd9e17cd,entity_card
snap-239-001,Electrical engineering,266ab77fdee5b8a4af8b1445e32af3402b6d2043038ebbb51910dcefdd9e17cd,context_link
snap-239-002,Electrical engineering,266ab77fdee5b8a4af8b1445e32af3402b6d2043038ebbb51910dcefdd9e17cd,context_link
snap-239-003,Electrical engineering,266ab77fdee5b8a4af8b1445e32af3402b6d2043038ebbb51910dcefdd9e17cd,context_link
snap-240-000,Electricity,ce2ee4a68c726d3c8942e44e721673e42c41be3a1b140c86830ab589d1407b41,entity_card
snap-241-000,Elevation Partners,5d60bd49077c5c3c0a99e49c6ac1120bf946457807e866673b85c205e118a046,entity_card
snap-241-001,Elevation Partners,5d60bd49077c5c3c0a99e49c6ac1120bf946457807e866673b85c205e118a046,context_link
snap-241-002,Elevation Partners,5d60bd49077c5c3c0a99e49c6ac1120bf946457807e866673b85c205e118a046,context_link
snap-241-003,Elevation Partners,5d60bd49077c5c3c0a99e49c6ac1120bf946457807e866673b85c205e118a046,context_link
snap-241-004,Elevation Partners,5d60bd49077c5c3c0a99e49c6ac1120bf946457807e866673b85c205e118a046,context_link
snap-241-005,Elevation Partners,5d60bd49077c5c3c0a99e49c6ac1120bf946457807e866673b85c205e118a046,context_link
snap-241-006,Elevation Partners,5d60bd49077c5c3c0a99e49c6ac1120bf946457807e866673b85c205e118a046,context_link
snap-241-007,Elevation Partners,5d60bd49077c5c3c0a99e49c6ac1120bf946457807e866673b85c205e118a046,context_link
snap-241-008,Elevation Partners,5d60bd49077c5c3c0a99e49c6ac1120bf946457807e866673b85c205e118a046,context_link
snap-241-009,Elevation Partners,5d60bd49077c5c3c0a99e49c6ac1120bf946457807e866673b85c205e118a046,context_link
snap-241-010,Elevation Partners,5d60bd49077c5c3c0a99e49c6ac1120bf946457807e866673b85c205e118a046,context_link
snap-241-011,Elevation Partners,5d60bd49077c5c3c0a99e49c6ac1120bf946457807e866673b85c205e118a046,context_link
snap-241-012,Elevation Partners,5d60bd49077c5c3c0a99e49c6ac1120bf946457807e866673b85c205e118a046,context_link
snap-242-000,Ellison,8ce54be64ff1a00cad584ad0b8fbc603dfb26fba3d6c88a20def4bb02937374f,entity_card
snap-242-001,Ellison,8ce54be64ff1a00cad584ad0b8fbc603dfb26fba3d6c88a20def4bb02937374f,relation_claim
snap-242-002,Ellison,8ce54be64ff1a00cad584ad0b8fbc603dfb26fba3d6c88a20def4bb02937374f,relation_claim
snap-242-003,Ellison,8ce54be64ff1a00cad584ad0b8fbc603dfb26fba3d6c88a20def4bb02937374f,relation_claim
snap-242-004,Ellison,8ce54be64ff1a00cad584ad0b8fbc603dfb26fba3d6c88a20def4bb02937374f,relation_claim
snap-242-005,Ellison,8ce54be64ff1a00cad584ad0b8fbc603dfb26fba3d6c88a20def4bb02937374f,relation_claim
snap-242-006,Ellison,8ce54be64ff1a00cad584ad0b8fbc603dfb26fba3d6c88a20def4bb02937374f,relation_claim
snap-242-007,Ellison,8ce54be64ff1a00cad584ad0b8fbc603dfb26fba3d6c88a20def4bb02937374f,relation_claim
snap-242-008,Ellison,8ce54be64ff1a00cad584ad0b8fbc603dfb26fba3d6c88a20def4bb02937374f,relation_claim
snap-242-009,Ellison,8ce54be64ff1a00cad584ad0b8fbc603dfb26fba3d6c88a20def4bb02937374f,relation_claim
snap-242-010,Ellison,8ce54be64ff1a00cad584ad0b8fbc603dfb26fba3d6c88a20def4bb02937374f,relation_claim
snap-242-011,Ellison,8ce54be64ff1a00cad584ad0b8fbc603dfb26fba3d6c88a20def4bb02937374f,relation_claim
snap-242-012,Ellison,8ce54be64ff1a00cad584ad0b8fbc603dfb26fba3d6c88a20def4bb02937374f,relation_claim
snap-242-013,Ellison,8ce54be64ff1a00cad584ad0b8fbc603dfb26fba3d6c88a20def4bb02937374f,relation_claim
snap-242-014,Ellison,8ce54be64ff1a00cad584ad0b8fbc603dfb26fba3d6c88a20def4bb02937374f,relation_claim
snap-242-015,Ellison,8ce54be64ff1a00cad584ad0b8fbc603dfb26fba3d6c88a20def4bb02937374f,relation_claim
snap-242-016,Ellison,8ce54be64ff1a00cad584ad0b8fbc603dfb26fba3d6c88a20def4bb02937374f,context_link
snap-242-017,Ellison,8ce54be64ff1a00cad584ad0b8fbc603dfb26fba3d6c88a20def4bb02937374f,context_link
snap-242-018,Ellison,8ce54be64ff1a00cad584ad0b8fbc603dfb26fba3d6c88a20def4bb02937374f,context_link
snap-242-019,Ellison,8ce54be64ff1a00cad584ad0b8fbc603dfb26fba3d6c88a20def4bb02937374f,context_link
snap-243-000,Elmer Ambrose Sperry,53eb310396671f026b031c9d8a085500dc148bde639de9a42c3b83bd8a7eaba1,entity_card
snap-243-001,Elmer Ambrose Sperry,53eb310396671f026b031c9d8a085500dc148bde639de9a42c3b83bd8a7eaba1,context_link
snap-243-002,Elmer Ambrose Sperry,53eb310396671f026b031c9d8a085500dc148bde639de9a42c3b83bd8a7eaba1,context_link
snap-243-003,Elmer Ambrose Sperry,53eb310396671f026b031c9d8a085500dc148bde639de9a42c3b83bd8a7eaba1,context_link
snap-243-004,Elmer Ambrose Sperry,53eb310396671f026b031c9d8a085500dc148bde639de9a42c3b83bd8a7eaba1,context_link
snap-243-005,Elmer Ambrose Sperry,53eb310396671f026b031c9d8a085500dc148bde639de9a42c3b83bd8a7eaba1,context_link
snap-243-006,Elmer Ambrose Sperry,53eb310396671f026b031c9d8a085500dc148bde639de9a42c3b83bd8a7eaba1,context_link
snap-243-007,Elmer Ambrose Sperry,53eb310396671f026b031c9d8a085500dc148bde639de9a42c3b83bd8a7eaba1,context_link
snap-244-000,Elon Musk,7e1d70022cfcb41fb6c9f2c8714bd9d005247c818420b8217cdf28d8d930d0bb,entity_card
snap-244-001,Elon Musk,7e1d70022cfcb41fb6c9f2c8714bd9d005247c818420b8217cdf28d8d930d0bb,context_link
snap-244-002,Elon Musk,7e1d70022cfcb41fb6c9f2c8714bd9d005247c818420b8217cdf28d8d930d0bb,context_link
snap-244-003,Elon Musk,7e1d70022cfcb41fb6c9f2c8714bd9d005247c818420b8217cdf28d8d930d0bb,context_link
snap-244-004,Elon Musk,7e1d70022cfcb41fb6c9f2c8714bd9d005247c818420b8217cdf28d8d930d0bb,context_link
snap-244-005,Elon Musk,7e1d70022cfcb41fb6c9f2c8714bd9d005247c818420b8217cdf28d8d930d0bb,context_link
snap-244-006,Elon Musk,7e1d70022cfcb41fb6c9f2c8714bd9d005247c818420b8217cdf28d8d930d0bb,context_link
snap-245-000,Embraer E-Jet E2 family,8068b4bfd0cba9d6638f473d6bdf79dd7d45cdcd094847c5f342a7e24e1fe358,entity_card
snap-245-001,Embraer E-Jet E2 family,8068b4bfd0cba9d6638f473d6bdf79dd7d45cdcd094847c5f342a7e24e1fe358,context_link
snap-245-002,Embraer E-Jet E2 family,8068b4bfd0cba9d6638f473d6bdf79dd7d45cdcd094847c5f342a7e24e1fe358,context_link
snap-245-003,Embraer E-Jet E2 family,8068b4bfd0cba9d6638f473d6bdf79dd7d45cdcd094847c5f342a7e24e1fe358,context_link
snap-245-004,Embraer E-Jet E2 family,8068b4bfd0cba9d6638f473d6bdf79dd7d45cdcd094847c5f342a7e24e1fe358,context_link
snap-245-005,Embraer E-Jet E2 family,8068b4bfd0cba9d6638f473d6bdf79dd7d45cdcd094847c5f342a7e24e1fe358,context_link
snap-245-006,Embraer E-Jet E2 family,8068b4bfd0cba9d6638f473d6bdf79dd7d45cdcd094847c5f342a7e24e1fe358,context_link
snap-245-007,Embraer E-Jet E2 family,8068b4bfd0cba9d6638f473d6bdf79dd7d45cdcd094847c5f342a7e24e1fe358,context_link
snap-246-000,Energy,869a5ff0f3ca0507f9a50a6faac2232172b88145d6af189385cf52e69b41d674,entity_card
snap-246-001,Energy,869a5ff0f3ca0507f9a50a6faac2232172b88145d6af189385cf52e69b41d674,context_link
snap-247-000,Engineering,e579fb0f6bffafb9811f90a4b182571cf35c5ad4d7e1eace5ad15d5e9377a29f,entity_card
snap-247-001,Engineering,e579fb0f6bffafb9811f90a4b182571cf35c5ad4d7e1eace5ad15d5e9377a29f,context_link
snap-247-002,Engineering,e579fb0f6bffafb9811f90a4b182571cf35c5ad4d7e1eace5ad15d5e9377a29f,context_link
snap-248-000,Errol Musk,9275267d8b13254192a78b56af17cbd2f6eccbf8816f1e96473ed740e2fb4633,entity_card
snap-248-001,Errol Musk,9275267d8b13254192a78b56af17cbd2f6eccbf8816f1e96473ed740e2fb4633,context_link
snap-248-002,Errol Musk,9275267d8b13254192a78b56af17cbd2f6eccbf8816f1e96473ed740e2fb4633,context_link
snap-248-003,Errol Musk,9275267d8b13254192a78b56af17cbd2f6eccbf8816f1e96473ed740e2fb4633,context_link
snap-248-004,Errol Musk,9275267d8b13254192a78b56af17cbd2f6eccbf8816f1e96473ed740e2fb4633,context_link
snap-248-005,Errol Musk,9275267d8b13254192a78b56af17cbd2f6eccbf8816f1e96473ed740e2fb4633,context_link
snap-248-006,Errol Musk,9275267d8b13254192a78b56af17cbd2f6eccbf8816f1e96473ed740e2fb4633,context_link
snap-248-007,Errol Musk,9275267d8b13254192a78b56af17cbd2f6eccbf8816f1e96473ed740e2fb4633,context_link
snap-248-008,Errol Musk,9275267d8b13254192a78b56af17cbd2f6eccbf8816f1e96473ed740e2fb4633,context_link
snap-248-009,Errol Musk,9275267d8b13254192a78b56af17cbd2f6eccbf8816f1e96473ed740e2fb4633,context_link
snap-249-000,Euronext Amsterdam,d9a733efc07e34f0c4400804f6688c1e5c7e70d7b22add14ee26d5486b3fb310,entity_card
snap-249-001,Euronext Amsterdam,d9a733efc07e34f0c4400804f6688c1e5c7e70d7b22add14ee26d5486b3fb310,context_link
snap-249-002,Euronext Amsterdam,d9a733efc07e34f0c4400804f6688c1e5c7e70d7b22add14ee26d5486b3fb310,context_link
snap-249-003,Euronext Amsterdam,d9a733efc07e34f0c4400804f6688c1e5c7e70d7b22add14ee26d5486b3fb310,context_link
snap-249-004,Euronext Amsterdam,d9a733efc07e34f0c4400804f6688c1e5c7e70d7b22add14ee26d5486b3fb310,context_link
snap-249-005,Euronext Amsterdam,d9a733efc07e34f0c4400804f6688c1e5c7e70d7b22add14ee26d5486b3fb310,context_link
snap-249-006,Euronext Amsterdam,d9a733efc07e34f0c4400804f6688c1e5c7e70d7b22add14ee26d5486b3fb310,context_link
snap-250-000,Europe,cb46964b351b93ff226079d1241e1701b794e7e2685d76acd5102a99b6bf2fa0,entity_card
snap-250-001,Europe,cb46964b351b93ff226079d1241e1701b794e7e2685d76acd5102a99b6bf2fa0,context_link
snap-250-002,Europe,cb46964b351b93ff226079d1241e1701b794e7e2685d76acd5102a99b6bf2fa0,context_link
snap-251-000,European Space Agency,3369036ffb79f5bcee5bc2d50d7b4534ac594604533d60751efb6439de19a8d3,entity_card
snap-251-001,European Space Agency,3369036ffb79f5bcee5bc2d50d7b4534ac594604533d60751efb6439de19a8d3,context_link
snap-251-002,European Space Agency,3369036ffb79f5bcee5bc2d50d7b4534ac594604533d60751efb6439de19a8d3,context_link
snap-251-003,European Space Agency,3369036ffb79f5bcee5bc2d50d7b4534ac594604533d60751efb6439de19a8d3,context_link
snap-251-004,European Space Agency,3369036ffb79f5bcee5bc2d50d7b4534ac594604533d60751efb6439de19a8d3,context_link
snap-251-005,European Space Agency,3369036ffb79f5bcee5bc2d50d7b4534ac594604533d60751efb6439de19a8d3,context_link
snap-251-006,European Space Agency,3369036ffb79f5bcee5bc2d50d7b4534ac594604533d60751efb6439de19a8d3,context_link
snap-251-007,European Space Agency,3369036ffb79f5bcee5bc2d50d7b4534ac594604533d60751efb6439de19a8d3,context_link
snap-251-008,European Space Agency,3369036ffb79f5bcee5bc2d50d7b4534ac594604533d60751efb6439de19a8d3,context_link
snap-252-000,Exchange Alley,4285101daf4f050f113aaa4aac3a41a92ad024eca7ecab8388b2f097513c8434,entity_card
snap-252-001,Exchange Alley,4285101daf4f050f113aaa4aac3a41a92ad024eca7ecab8388b2f097513c8434,context_link
snap-252-002,Exchange Alley,4285101daf4f050f113aaa4aac3a41a92ad024eca7ecab8388b2f097513c8434,context_link
snap-252-003,Exchange Alley,4285101daf4f050f113aaa4aac3a41a92ad024eca7ecab8388b2f097513c8434,context_link
snap-253-000,Executive order,53b24ebda523722652a7543c7d3c7e829def642f531e9b92332ff0dbcb3a001b,entity_card
snap-254-000,Exos Aerospace,446f754d090e3c3039cdb853db08267954c9c4b7319fbb11f959ed92912463ca,entity_card
snap-254-001,Exos Aerospace,446f754d090e3c3039cdb853db08267954c9c4b7319fbb11f959ed92912463ca,context_link
snap-254-002,Exos Aerospace,446f754d090e3c3039cdb853db08267954c9c4b7319fbb11f959ed92912463ca,context_link
snap-254-003,Exos Aerospace,446f754d090e3c3039cdb853db08267954c9c4b7319fbb11f959ed92912463ca,context_link
snap-254-004,Exos Aerospace,446f754d090e3c3039cdb853db08267954c9c4b7319fbb11f959ed92912463ca,context_link
snap-254-005,Exos Aerospace,446f754d090e3c3039cdb853db08267954c9c4b7319fbb11f959ed92912463ca,context_link
snap-254-006,Exos Aerospace,446f754d090e3c3039cdb853db08267954c9c4b7319fbb11f959ed92912463ca,context_link
snap-254-007,Exos Aerospace,446f754d090e3c3039cdb853db08267954c9c4b7319fbb11f959ed92912463ca,context_link
snap-254-008,Exos Aerospace,446f754d090e3c3039cdb853db08267954c9c4b7319fbb11f959ed92912463ca,context_link
snap-254-009,Exos Aerospace,446f754d090e3c3039cdb853db08267954c9c4b7319fbb11f959ed92912463ca,context_link
snap-254-010,Exos Aerospace,446f754d090e3c3039cdb853db08267954c9c4b7319fbb11f959ed92912463ca,context_link
snap-254-011,Exos Aerospace,446f754d090e3c3039cdb853db08267954c9c4b7319fbb11f959ed92912463ca,context_link
snap-255-000,Extresol Solar Power Station,def7e1ca17c98228bcb18b9c147b15376636a631a460705f603561a70b238a07,entity_card
snap-255-001,Extresol Solar Power Station,def7e1ca17c98228bcb18b9c147b15376636a631a460705f603561a70b238a07,context_link
snap-255-002,Extresol Solar Power Station,def7e1ca17c98228bcb18b9c147b15376636a631a460705f603561a70b238a07,context_link
snap-256-000,Falcon,7b7259bb5fe02843bd9326725b96fe0de3bda244b7eb3cfbfa36d9b9a0e66f5f,entity_card
snap-256-001,Falcon,7b7259bb5fe02843bd9326725b96fe0de3bda244b7eb3cfbfa36d9b9a0e66f5f,context_link
snap-257-000,Falcon Heavy,9a1676c4f5e4ac1a23331469192cf1c7311882ce50bc5d0f0abe7b69f4cbffb2,entity_card
snap-257-001,Falcon Heavy,9a1676c4f5e4ac1a23331469192cf1c7311882ce50bc5d0f0abe7b69f4cbffb2,context_link
snap-257-002,Falcon Heavy,9a1676c4f5e4ac1a23331469192cf1c7311882ce50bc5d0f0abe7b69f4cbffb2,context_link
snap-257-003,Falcon Heavy,9a1676c4f5e4ac1a23331469192cf1c7311882ce50bc5d0f0abe7b69f4cbffb2,context_link
snap-257-004,Falcon Heavy,9a1676c4f5e4ac1a23331469192cf1c7311882ce50bc5d0f0abe7b69f4cbffb2,context_link
snap-257-005,Falcon Heavy,9a1676c4f5e4ac1a23331469192cf1c7311882ce50bc5d0f0abe7b69f4cbffb2,context_link
snap-257-006,Falcon Heavy,9a1676c4f5e4ac1a23331469192cf1c7311882ce50bc5d0f0abe7b69f4cbffb2,context_link
snap-257-007,Falcon Heavy,9a1676c4f5e4ac1a23331469192cf1c7311882ce50bc5d0f0abe7b69f4cbffb2,context_link
snap-257-008,Falcon Heavy,9a1676c4f5e4ac1a23331469192cf1c7311882ce50bc5d0f0abe7b69f4cbffb2,context_link
snap-257-009,Falcon Heavy,9a1676c4f5e4ac1a23331469192cf1c7311882ce50bc5d0f0abe7b69f4cbffb2,context_link
snap-257-010,Falcon Heavy,9a1676c4f5e4ac1a23331469192cf1c7311882ce50bc5d0f0abe7b69f4cbffb2,context_link
snap-257-011,Falcon Heavy,9a1676c4f5e4ac1a23331469192cf1c7311882ce50bc5d0f0abe7b69f4cbffb2,context_link
snap-257-012,Falcon Heavy,9a1676c4f5e4ac1a23331469192cf1c7311882ce50bc5d0f0abe7b69f4cbffb2,context_link
snap-257-013,Falcon Heavy,9a1676c4f5e4ac1a23331469192cf1c7311882ce50bc5d0f0abe7b69f4cbffb2,context_link
snap-257-014,Falcon Heavy,9a1676c4f5e4ac1a23331469192cf1c7311882ce50bc5d0f0abe7b69f4cbffb2,context_link
snap-258-000,February,b2358213a7351daedea88527631da76d7bd8ec3c56912ed8b9d8eaf6373b30f6,entity_card
snap-258-001,February,b2358213a7351daedea88527631da76d7bd8ec3c56912ed8b9d8eaf6373b30f6,context_link
snap-258-002,February,b2358213a7351daedea88527631da76d7bd8ec3c56912ed8b9d8eaf6373b30f6,context_link
snap-258-003,February,b2358213a7351daedea88527631da76d7bd8ec3c56912ed8b9d8eaf6373b30f6,context_link
snap-258-004,February,b2358213a7351daedea88527631da76d7bd8ec3c56912ed8b9d8eaf6373b30f6,context_link
snap-258-005,February,b2358213a7351daedea88527631da76d7bd8ec3c56912ed8b9d8eaf6373b30f6,context_link
snap-259-000,Federal Communications Commission,fbfe6f18c23f9d8ec3ac73f89d22359fc8a07611e095ba1339e9221d12d2ee3b,entity_card
snap-259-001,Federal Communications Commission,fbfe6f18c23f9d8ec3ac73f89d22359fc8a07611e095ba1339e9221d12d2ee3b,context_link
snap-259-002,Federal Communications Commission,fbfe6f18c23f9d8ec3ac73f89d22359fc8a07611e095ba1339e9221d12d2ee3b,context_link
snap-259-003,Federal Communications Commission,fbfe6f18c23f9d8ec3ac73f89d22359fc8a07611e095ba1339e9221d12d2ee3b,context_link
snap-259-004,Federal Communications Commission,fbfe6f18c23f9d8ec3ac73f89d22359fc8a07611e095ba1339e9221d12d2ee3b,context_link
snap-260-000,Fidelity Investments,135452f0c06c1ab71eb64a466fabdaa477474d2865077e72ed1ec7fc210962af,entity_card
snap-260-001,Fidelity Investments,135452f0c06c1ab71eb64a466fabdaa477474d2865077e72ed1ec7fc210962af,context_link
snap-260-002,Fidelity Investments,135452f0c06c1ab71eb64a466fabdaa477474d2865077e72ed1ec7fc210962af,context_link
snap-260-003,Fidelity Investments,135452f0c06c1ab71eb64a466fabdaa477474d2865077e72ed1ec7fc210962af,context_link
snap-260-004,Fidelity Investments,135452f0c06c1ab71eb64a466fabdaa477474d2865077e72ed1ec7fc210962af,context_link
snap-260-005,Fidelity Investments,135452f0c06c1ab71eb64a466fabdaa477474d2865077e72ed1ec7fc210962af,context_link
snap-260-006,Fidelity Investments,135452f0c06c1ab71eb64a466fabdaa477474d2865077e72ed1ec7fc210962af,context_link
snap-260-007,Fidelity Investments,135452f0c06c1ab71eb64a466fabdaa477474d2865077e72ed1ec7fc210962af,context_link
snap-260-008,Fidelity Investments,135452f0c06c1ab71eb64a466fabdaa477474d2865077e72ed1ec7fc210962af,context_link
snap-260-009,Fidelity Investments,135452f0c06c1ab71eb64a466fabdaa477474d2865077e72ed1ec7fc210962af,context_link
snap-260-010,Fidelity Investments,135452f0c06c1ab71eb64a466fabdaa477474d2865077e72ed1ec7fc210962af,context_link
snap-260-011,Fidelity Investments,135452f0c06c1ab71eb64a466fabdaa477474d2865077e72ed1ec7fc210962af,context_link
snap-261-000,Financial Accounting Standards Board,a95254bcd09559bf841bae5ed9d93db2088a1992870f73dea83289886e82b022,entity_card
snap-261-001,Financial Accounting Standards Board,a95254bcd09559bf841bae5ed9d93db2088a1992870f73dea83289886e82b022,context_link
snap-261-002,Financial Accounting Standards Board,a95254bcd09559bf841bae5ed9d93db2088a1992870f73dea83289886e82b022,context_link
snap-261-003,Financial Accounting Standards Board,a95254bcd09559bf841bae5ed9d93db2088a1992870f73dea83289886e82b022,context_link
snap-261-004,Financial Accounting Standards Board,a95254bcd09559bf841bae5ed9d93db2088a1992870f73dea83289886e82b022,context_link
snap-261-005,Financial Accounting Standards Board,a95254bcd09559bf841bae5ed9d93db2088a1992870f73dea83289886e82b022,context_link
snap-262-000,Financial Industry Regulatory Authority,3dc788a17e872c7319c0c208a1d67d744f715cc881eb2a4de66efe7b73788d47,entity_card
snap-262-001,Financial Industry Regulatory Authority,3dc788a17e872c7319c0c208a1d67d744f715cc881eb2a4de66efe7b73788d47,definition_claim
snap-262-002,Financial Industry Regulatory Authority,3dc788a17e872c7319c0c208a1d67d744f715cc881eb2a4de66efe7b73788d47,context_link
snap-262-003,Financial Industry Regulatory Authority,3dc788a17e872c7319c0c208a1d67d744f715cc881eb2a4de66efe7b73788d47,context_link
snap-262-004,Financial Industry Regulatory Authority,3dc788a17e872c7319c0c208a1d67d744f715cc881eb2a4de66efe7b73788d47,context_link
snap-262-005,Financial Industry Regulatory Authority,3dc788a17e872c7319c0c208a1d67d744f715cc881eb2a4de66efe7b73788d47,context_link
snap-262-006,Financial Industry Regulatory Authority,3dc788a17e872c7319c0c208a1d67d744f715cc881eb2a4de66efe7b73788d47,context_link
snap-262-007,Financial Industry Regulatory Authority,3dc788a17e872c7319c0c208a1d67d744f715cc881eb2a4de66efe7b73788d47,context_link
snap-262-008,Financial Industry Regulatory Authority,3dc788a17e872c7319c0c208a1d67d744f715cc881eb2a4de66efe7b73788d47,context_link
snap-262-009,Financial Industry Regulatory Authority,3dc788a17e872c7319c0c208a1d67d744f715cc881eb2a4de66efe7b73788d47,context_link
snap-262-010,Financial Industry Regulatory Authority,3dc788a17e872c7319c0c208a1d67d744f715cc881eb2a4de66efe7b73788d47,context_link
snap-263-000,Financial analysis,125a3efa953f2c35d962ece74140cf706fba1168c099c044e7cbf77c32f84315,entity_card
snap-263-001,Financial analysis,125a3efa953f2c35d962ece74140cf706fba1168c099c044e7cbf77c32f84315,context_link
snap-263-002,Financial analysis,125a3efa953f2c35d962ece74140cf706fba1168c099c044e7cbf77c32f84315,context_link
snap-263-003,Financial analysis,125a3efa953f2c35d962ece74140cf706fba1168c099c044e7cbf77c32f84315,context_link
snap-263-004,Financial analysis,125a3efa953f2c35d962ece74140cf706fba1168c099c044e7cbf77c32f84315,context_link
snap-264-000,Financial market,1f98221d309a2e1d33c3432c4957f361bedd4393dc54d0381227713c0eba8a7e,entity_card
snap-264-001,Financial market,1f98221d309a2e1d33c3432c4957f361bedd4393dc54d0381227713c0eba8a7e,context_link
snap-265-000,Fisker Karma,040ae31c4f9e586ce0b1fbed3a5682c694f4e84833c0a74fd7f864035aa1517e,entity_card
snap-265-001,Fisker Karma,040ae31c4f9e586ce0b1fbed3a5682c694f4e84833c0a74fd7f864035aa1517e,context_link
snap-265-002,Fisker Karma,040ae31c4f9e586ce0b1fbed3a5682c694f4e84833c0a74fd7f864035aa1517e,context_link
snap-265-003,Fisker Karma,040ae31c4f9e586ce0b1fbed3a5682c694f4e84833c0a74fd7f864035aa1517e,context_link
snap-265-004,Fisker Karma,040ae31c4f9e586ce0b1fbed3a5682c694f4e84833c0a74fd7f864035aa1517e,context_link
snap-265-005,Fisker Karma,040ae31c4f9e586ce0b1fbed3a5682c694f4e84833c0a74fd7f864035aa1517e,context_link
snap-265-006,Fisker Karma,040ae31c4f9e586ce0b1fbed3a5682c694f4e84833c0a74fd7f864035aa1517e,context_link
snap-265-007,Fisker Karma,040ae31c4f9e586ce0b1fbed3a5682c694f4e84833c0a74fd7f864035aa1517e,context_link
snap-265-008,Fisker Karma,040ae31c4f9e586ce0b1fbed3a5682c694f4e84833c0a74fd7f864035aa1517e,context_link
snap-265-009,Fisker Karma,040ae31c4f9e586ce0b1fbed3a5682c694f4e84833c0a74fd7f864035aa1517e,context_link
snap-265-010,Fisker Karma,040ae31c4f9e586ce0b1fbed3a5682c694f4e84833c0a74fd7f864035aa1517e,context_link
snap-265-011,Fisker Karma,040ae31c4f9e586ce0b1fbed3a5682c694f4e84833c0a74fd7f864035aa1517e,context_link
snap-265-012,Fisker Karma,040ae31c4f9e586ce0b1fbed3a5682c694f4e84833c0a74fd7f864035aa1517e,context_link
snap-265-013,Fisker Karma,040ae31c4f9e586ce0b1fbed3a5682c694f4e84833c0a74fd7f864035aa1517e,context_link
snap-266-000,Flight,b3ca1e8d19936ec88c0337b2110786bcef5ed186320c205361a11e25dcfe7862,entity_card
snap-266-001,Flight,b3ca1e8d19936ec88c0337b2110786bcef5ed186320c205361a11e25dcfe7862,context_link
snap-266-002,Flight,b3ca1e8d19936ec88c0337b2110786bcef5ed186320c205361a11e25dcfe7862,context_link
snap-266-003,Flight,b3ca1e8d19936ec88c0337b2110786bcef5ed186320c205361a11e25dcfe7862,context_link
snap-267-000,Flight management system,1af74be957e3950f1444d20968c388c8ca3394b913a8bd2b9fcca9d108c259f8,entity_card
snap-267-001,Flight management system,1af74be957e3950f1444d20968c388c8ca3394b913a8bd2b9fcca9d108c259f8,context_link
snap-267-002,Flight management system,1af74be957e3950f1444d20968c388c8ca3394b913a8bd2b9fcca9d108c259f8,context_link
snap-267-003,Flight management system,1af74be957e3950f1444d20968c388c8ca3394b913a8bd2b9fcca9d108c259f8,context_link
snap-268-000,Flight test,7a17c6344caeb879daa50dea4be1d806b8357917cf96533eeb97249ee6e4de13,entity_card
snap-268-001,Flight test,7a17c6344caeb879daa50dea4be1d806b8357917cf96533eeb97249ee6e4de13,context_link
snap-268-002,Flight test,7a17c6344caeb879daa50dea4be1d806b8357917cf96533eeb97249ee6e4de13,context_link
snap-268-003,Flight test,7a17c6344caeb879daa50dea4be1d806b8357917cf96533eeb97249ee6e4de13,context_link
snap-268-004,Flight test,7a17c6344caeb879daa50dea4be1d806b8357917cf96533eeb97249ee6e4de13,context_link
snap-269-000,Florida,eb90579a71b4f28e0bb8b18c3a75ca45d8ec1e16c6184a05025b13ed44f2e087,entity_card
snap-269-001,Florida,eb90579a71b4f28e0bb8b18c3a75ca45d8ec1e16c6184a05025b13ed44f2e087,context_link
snap-269-002,Florida,eb90579a71b4f28e0bb8b18c3a75ca45d8ec1e16c6184a05025b13ed44f2e087,context_link
snap-270-000,Following,f6e531c2dd016d94c303abefed4395aa05a4155dfaadd2c9e07005cb2fd953b0,entity_card
snap-270-001,Following,f6e531c2dd016d94c303abefed4395aa05a4155dfaadd2c9e07005cb2fd953b0,context_link
snap-271-000,Foothill Transit,a4b5fe5a7af4dab1a615b4f960e1d76233cefecc631b09f29121267414dd5f3e,entity_card
snap-271-001,Foothill Transit,a4b5fe5a7af4dab1a615b4f960e1d76233cefecc631b09f29121267414dd5f3e,context_link
snap-271-002,Foothill Transit,a4b5fe5a7af4dab1a615b4f960e1d76233cefecc631b09f29121267414dd5f3e,context_link
snap-271-003,Foothill Transit,a4b5fe5a7af4dab1a615b4f960e1d76233cefecc631b09f29121267414dd5f3e,context_link
snap-272-000,Forbes,ccb3cdbf3d496afe7d3bf59bc7ff54bd930518101f0cba6e90f02bd92e9a3bf4,entity_card
snap-272-001,Forbes,ccb3cdbf3d496afe7d3bf59bc7ff54bd930518101f0cba6e90f02bd92e9a3bf4,context_link
snap-272-002,Forbes,ccb3cdbf3d496afe7d3bf59bc7ff54bd930518101f0cba6e90f02bd92e9a3bf4,context_link
snap-272-003,Forbes,ccb3cdbf3d496afe7d3bf59bc7ff54bd930518101f0cba6e90f02bd92e9a3bf4,context_link
snap-272-004,Forbes,ccb3cdbf3d496afe7d3bf59bc7ff54bd930518101f0cba6e90f02bd92e9a3bf4,context_link
snap-272-005,Forbes,ccb3cdbf3d496afe7d3bf59bc7ff54bd930518101f0cba6e90f02bd92e9a3bf4,context_link
snap-272-006,Forbes,ccb3cdbf3d496afe7d3bf59bc7ff54bd930518101f0cba6e90f02bd92e9a3bf4,context_link
snap-272-007,Forbes,ccb3cdbf3d496afe7d3bf59bc7ff54bd930518101f0cba6e90f02bd92e9a3bf4,context_link
snap-272-008,Forbes,ccb3cdbf3d496afe7d3bf59bc7ff54bd930518101f0cba6e90f02bd92e9a3bf4,context_link
snap-273-000,Ford F-Series,ffbd89305ee729b08d2db088a2e66a3b0c0bac156a5688c5b6d78f2030042a17,entity_card
snap-273-001,Ford F-Series,ffbd89305ee729b08d2db088a2e66a3b0c0bac156a5688c5b6d78f2030042a17,context_link
snap-273-002,Ford F-Series,ffbd89305ee729b08d2db088a2e66a3b0c0bac156a5688c5b6d78f2030042a17,context_link
snap-274-000,Ford Motor Company,12885f5b123790b6eb4c367b169f536d48db6deed10f23a38be14ac3c4900207,entity_card
snap-274-001,Ford Motor Company,12885f5b123790b6eb4c367b169f536d48db6deed10f23a38be14ac3c4900207,context_link
snap-274-002,Ford Motor Company,12885f5b123790b6eb4c367b169f536d48db6deed10f23a38be14ac3c4900207,context_link
snap-274-003,Ford Motor Company,12885f5b123790b6eb4c367b169f536d48db6deed10f23a38be14ac3c4900207,context_link
snap-274-004,Ford Motor Company,12885f5b123790b6eb4c367b169f536d48db6deed10f23a38be14ac3c4900207,context_link
snap-274-005,Ford Motor Company,12885f5b123790b6eb4c367b169f536d48db6deed10f23a38be14ac3c4900207,context_link
snap-275-000,Ford of Britain,18d5ef2781972d0dfdb20b8772dec39b75ea855a72e4b13f63711398474c2d69,entity_card
snap-275-001,Ford of Britain,18d5ef2781972d0dfdb20b8772dec39b75ea855a72e4b13f63711398474c2d69,context_link
snap-275-002,Ford of Britain,18d5ef2781972d0dfdb20b8772dec39b75ea855a72e4b13f63711398474c2d69,context_link
snap-275-003,Ford of Britain,18d5ef2781972d0dfdb20b8772dec39b75ea855a72e4b13f63711398474c2d69,context_link
snap-275-004,Ford of Britain,18d5ef2781972d0dfdb20b8772dec39b75ea855a72e4b13f63711398474c2d69,context_link
snap-275-005,Ford of Britain,18d5ef2781972d0dfdb20b8772dec39b75ea855a72e4b13f63711398474c2d69,context_link
snap-275-006,Ford of Britain,18d5ef2781972d0dfdb20b8772dec39b75ea855a72e4b13f63711398474c2d69,context_link
snap-275-007,Ford of Britain,18d5ef2781972d0dfdb20b8772dec39b75ea855a72e4b13f63711398474c2d69,context_link
snap-275-008,Ford of Britain,18d5ef2781972d0dfdb20b8772dec39b75ea855a72e4b13f63711398474c2d69,context_link
snap-275-009,Ford of Britain,18d5ef2781972d0dfdb20b8772dec39b75ea855a72e4b13f63711398474c2d69,context_link
snap-275-010,Ford of Britain,18d5ef2781972d0dfdb20b8772dec39b75ea855a72e4b13f63711398474c2d69,context_link
snap-276-000,"Fort Lauderdale, Florida",46477c66669139910024c327139075d09c7d4b00607edbce953ea65d74853584,entity_card
snap-276-001,"Fort Lauderdale, Florida",46477c66669139910024c327139075d09c7d4b00607edbce953ea65d74853584,context_link
snap-276-002,"Fort Lauderdale, Florida",46477c66669139910024c327139075d09c7d4b00607edbce953ea65d74853584,context_link
snap-276-003,"Fort Lauderdale, Florida",46477c66669139910024c327139075d09c7d4b00607edbce953ea65d74853584,context_link
snap-276-004,"Fort Lauderdale, Florida",46477c66669139910024c327139075d09c7d4b00607edbce953ea65d74853584,context_link
snap-277-000,Foundation (novel series),2bf0b802dec30d144f41b9878bc2d672d7c0b76757b13242b2df504c8bb8acfc,entity_card
snap-277-001,Foundation (novel series),2bf0b802dec30d144f41b9878bc2d672d7c0b76757b13242b2df504c8bb8acfc,context_link
snap-277-002,Foundation (novel series),2bf0b802dec30d144f41b9878bc2d672d7c0b76757b13242b2df504c8bb8acfc,context_link
snap-277-003,Foundation (novel series),2bf0b802dec30d144f41b9878bc2d672d7c0b76757b13242b2df504c8bb8acfc,context_link
snap-278-000,Founder Technology,3a76f501127788670a60e7c92791cb9228b7ac9c6c57201be6e5f33fc5bfc8c6,entity_card
snap-278-001,Founder Technology,3a76f501127788670a60e7c92791cb9228b7ac9c6c57201be6e5f33fc5bfc8c6,context_link
snap-279-000,Founders Brewing Company,187ce01cc2c774267976c7558ec338a19d39b6a2cfb91b75860acede7b5a602b,entity_card
snap-279-001,Founders Brewing Company,187ce01cc2c774267976c7558ec338a19d39b6a2cfb91b75860acede7b5a602b,context_link
snap-279-002,Founders Brewing Company,187ce01cc2c774267976c7558ec338a19d39b6a2cfb91b75860acede7b5a602b,context_link
snap-279-003,Founders Brewing Company,187ce01cc2c774267976c7558ec338a19d39b6a2cfb91b75860acede7b5a602b,context_link
snap-279-004,Founders Brewing Company,187ce01cc2c774267976c7558ec338a19d39b6a2cfb91b75860acede7b5a602b,context_link
snap-279-005,Founders Brewing Company,187ce01cc2c774267976c7558ec338a19d39b6a2cfb91b75860acede7b5a602b,context_link
snap-279-006,Founders Brewing Company,187ce01cc2c774267976c7558ec338a19d39b6a2cfb91b75860acede7b5a602b,context_link
snap-279-007,Founders Brewing Company,187ce01cc2c774267976c7558ec338a19d39b6a2cfb91b75860acede7b5a602b,context_link
snap-280-000,Founders Park,124d71b0aea8aa8deac78fa3a5aa6f1d3bb6cd0a43dd24f2207e3dc7f8a6a02e,entity_card
snap-280-001,Founders Park,124d71b0aea8aa8deac78fa3a5aa6f1d3bb6cd0a43dd24f2207e3dc7f8a6a02e,context_link
snap-280-002,Founders Park,124d71b0aea8aa8deac78fa3a5aa6f1d3bb6cd0a43dd24f2207e3dc7f8a6a02e,context_link
snap-280-003,Founders Park,124d71b0aea8aa8deac78fa3a5aa6f1d3bb6cd0a43dd24f2207e3dc7f8a6a02e,context_link
snap-281-000,France,6c75324efbfb806b3fa6981db2a814be8ea506e1a51152d4fdf50dde20268938,entity_card
snap-281-001,France,6c75324efbfb806b3fa6981db2a814be8ea506e1a51152d4fdf50dde20268938,context_link
snap-281-002,France,6c75324efbfb806b3fa6981db2a814be8ea506e1a51152d4fdf50dde20268938,context_link
snap-282-000,GE Aerospace,3132a14cbd9551df951d7fa94b2b74756ee62519de57a03474a5d1d80c54936b,entity_card
snap-282-001,GE Aerospace,3132a14cbd9551df951d7fa94b2b74756ee62519de57a03474a5d1d80c54936b,context_link
snap-282-002,GE Aerospace,3132a14cbd9551df951d7fa94b2b74756ee62519de57a03474a5d1d80c54936b,context_link
snap-282-003,GE Aerospace,3132a14cbd9551df951d7fa94b2b74756ee62519de57a03474a5d1d80c54936b,context_link
snap-282-004,GE Aerospace,3132a14cbd9551df951d7fa94b2b74756ee62519de57a03474a5d1d80c54936b,context_link
snap-282-005,GE Aerospace,3132a14cbd9551df951d7fa94b2b74756ee62519de57a03474a5d1d80c54936b,context_link
snap-282-006,GE Aerospace,3132a14cbd9551df951d7fa94b2b74756ee62519de57a03474a5d1d80c54936b,context_link
snap-282-007,GE Aerospace,3132a14cbd9551df951d7fa94b2b74756ee62519de57a03474a5d1d80c54936b,context_link
snap-282-008,GE Aerospace,3132a14cbd9551df951d7fa94b2b74756ee62519de57a03474a5d1d80c54936b,context_link
snap-282-009,GE Aerospace,3132a14cbd9551df951d7fa94b2b74756ee62519de57a03474a5d1d80c54936b,context_link
snap-282-010,GE Aerospace,3132a14cbd9551df951d7fa94b2b74756ee62519de57a03474a5d1d80c54936b,context_link
snap-283-000,Garbage can model,cc95d6c905e104e34f4ddece38399c31779031a12af157abd8350b7ca74bc98b,entity_card
snap-283-001,Garbage can model,cc95d6c905e104e34f4ddece38399c31779031a12af157abd8350b7ca74bc98b,context_link
snap-283-002,Garbage can model,cc95d6c905e104e34f4ddece38399c31779031a12af157abd8350b7ca74bc98b,context_link
snap-283-003,Garbage can model,cc95d6c905e104e34f4ddece38399c31779031a12af157abd8350b7ca74bc98b,context_link
snap-284-000,General Electric,e957fdd51d27df459938a97e5cf02038687632dd2209979013e1aa6ffaf87f33,entity_card
snap-284-001,General Electric,e957fdd51d27df459938a97e5cf02038687632dd2209979013e1aa6ffaf87f33,context_link
snap-284-002,General Electric,e957fdd51d27df459938a97e5cf02038687632dd2209979013e1aa6ffaf87f33,context_link
snap-284-003,General Electric,e957fdd51d27df459938a97e5cf02038687632dd2209979013e1aa6ffaf87f33,context_link
snap-284-004,General Electric,e957fdd51d27df459938a97e5cf02038687632dd2209979013e1aa6ffaf87f33,context_link
snap-284-005,General Electric,e957fdd51d27df459938a97e5cf02038687632dd2209979013e1aa6ffaf87f33,context_link
snap-284-006,General Electric,e957fdd51d27df459938a97e5cf02038687632dd2209979013e1aa6ffaf87f33,context_link
snap-284-007,General Electric,e957fdd51d27df459938a97e5cf02038687632dd2209979013e1aa6ffaf87f33,context_link
snap-285-000,General Electric Company,4f76951fa48348422eb107044ab6edd3674ac82a681673b47d08817e58a0524e,entity_card
snap-285-001,General Electric Company,4f76951fa48348422eb107044ab6edd3674ac82a681673b47d08817e58a0524e,context_link
snap-285-002,General Electric Company,4f76951fa48348422eb107044ab6edd3674ac82a681673b47d08817e58a0524e,context_link
snap-285-003,General Electric Company,4f76951fa48348422eb107044ab6edd3674ac82a681673b47d08817e58a0524e,context_link
snap-285-004,General Electric Company,4f76951fa48348422eb107044ab6edd3674ac82a681673b47d08817e58a0524e,context_link
snap-285-005,General Electric Company,4f76951fa48348422eb107044ab6edd3674ac82a681673b47d08817e58a0524e,context_link
snap-285-006,General Electric Company,4f76951fa48348422eb107044ab6edd3674ac82a681673b47d08817e58a0524e,context_link
snap-285-007,General Electric Company,4f76951fa48348422eb107044ab6edd3674ac82a681673b47d08817e58a0524e,context_link
snap-286-000,General Motors,d1e75879e5af3b525df49222e5c746e70bcf5a4c5dc9cd8cdaf74b97e125c200,entity_card
snap-286-001,General Motors,d1e75879e5af3b525df49222e5c746e70bcf5a4c5dc9cd8cdaf74b97e125c200,context_link
snap-286-002,General Motors,d1e75879e5af3b525df49222e5c746e70bcf5a4c5dc9cd8cdaf74b97e125c200,context_link
snap-286-003,General Motors,d1e75879e5af3b525df49222e5c746e70bcf5a4c5dc9cd8cdaf74b97e125c200,context_link
snap-286-004,General Motors,d1e75879e5af3b525df49222e5c746e70bcf5a4c5dc9cd8cdaf74b97e125c200,context_link
snap-286-005,General Motors,d1e75879e5af3b525df49222e5c746e70bcf5a4c5dc9cd8cdaf74b97e125c200,context_link
snap-286-006,General Motors,d1e75879e5af3b525df49222e5c746e70bcf5a4c5dc9cd8cdaf74b97e125c200,context_link
snap-286-007,General Motors,d1e75879e5af3b525df49222e5c746e70bcf5a4c5dc9cd8cdaf74b97e125c200,context_link
snap-286-008,General Motors,d1e75879e5af3b525df49222e5c746e70bcf5a4c5dc9cd8cdaf74b97e125c200,context_link
snap-287-000,George W. Bush,26a577724c582ded81dc04ad19bdac0c89b5e07c39ae8b9c9dfc17c0f34bb7b9,entity_card
snap-287-001,George W. Bush,26a577724c582ded81dc04ad19bdac0c89b5e07c39ae8b9c9dfc17c0f34bb7b9,context_link
snap-287-002,George W. Bush,26a577724c582ded81dc04ad19bdac0c89b5e07c39ae8b9c9dfc17c0f34bb7b9,context_link
snap-287-003,George W. Bush,26a577724c582ded81dc04ad19bdac0c89b5e07c39ae8b9c9dfc17c0f34bb7b9,context_link
snap-287-004,George W. Bush,26a577724c582ded81dc04ad19bdac0c89b5e07c39ae8b9c9dfc17c0f34bb7b9,context_link
snap-287-005,George W. Bush,26a577724c582ded81dc04ad19bdac0c89b5e07c39ae8b9c9dfc17c0f34bb7b9,context_link
snap-287-006,George W. Bush,26a577724c582ded81dc04ad19bdac0c89b5e07c39ae8b9c9dfc17c0f34bb7b9,context_link
snap-287-007,George W. Bush,26a577724c582ded81dc04ad19bdac0c89b5e07c39ae8b9c9dfc17c0f34bb7b9,context_link
snap-288-000,Germany,08f9ee2e8173f096490e31158303fad51b97491fbf317b1fa65d2a3d18446f8f,entity_card
snap-288-001,Germany,08f9ee2e8173f096490e31158303fad51b97491fbf317b1fa65d2a3d18446f8f,context_link
snap-289-000,Gigafactory Berlin-Brandenburg,cafa37433f7ebbb91bc316af0aa46045849cd5d4f5477f297cc002d75dc2a3d7,entity_card
snap-289-001,Gigafactory Berlin-Brandenburg,cafa37433f7ebbb91bc316af0aa46045849cd5d4f5477f297cc002d75dc2a3d7,context_link
snap-289-002,Gigafactory Berlin-Brandenburg,cafa37433f7ebbb91bc316af0aa46045849cd5d4f5477f297cc002d75dc2a3d7,context_link
snap-289-003,Gigafactory Berlin-Brandenburg,cafa37433f7ebbb91bc316af0aa46045849cd5d4f5477f297cc002d75dc2a3d7,context_link
snap-289-004,Gigafactory Berlin-Brandenburg,cafa37433f7ebbb91bc316af0aa46045849cd5d4f5477f297cc002d75dc2a3d7,context_link
snap-289-005,Gigafactory Berlin-Brandenburg,cafa37433f7ebbb91bc316af0aa46045849cd5d4f5477f297cc002d75dc2a3d7,context_link
snap-289-006,Gigafactory Berlin-Brandenburg,cafa37433f7ebbb91bc316af0aa46045849cd5d4f5477f297cc002d75dc2a3d7,context_link
snap-289-007,Gigafactory Berlin-Brandenburg,cafa37433f7ebbb91bc316af0aa46045849cd5d4f5477f297cc002d75dc2a3d7,context_link
snap-289-008,Gigafactory Berlin-Brandenburg,cafa37433f7ebbb91bc316af0aa46045849cd5d4f5477f297cc002d75dc2a3d7,context_link
snap-290-000,Gigafactory Mexico,3e9045dd9aa69a459145030c04998451ef46eb91addbd7f940d4a60329d523e0,entity_card
snap-290-001,Gigafactory Mexico,3e9045dd9aa69a459145030c04998451ef46eb91addbd7f940d4a60329d523e0,context_link
snap-290-002,Gigafactory Mexico,3e9045dd9aa69a459145030c04998451ef46eb91addbd7f940d4a60329d523e0,context_link
snap-290-003,Gigafactory Mexico,3e9045dd9aa69a459145030c04998451ef46eb91addbd7f940d4a60329d523e0,context_link
snap-290-004,Gigafactory Mexico,3e9045dd9aa69a459145030c04998451ef46eb91addbd7f940d4a60329d523e0,context_link
snap-290-005,Gigafactory Mexico,3e9045dd9aa69a459145030c04998451ef46eb91addbd7f940d4a60329d523e0,context_link
snap-290-006,Gigafactory Mexico,3e9045dd9aa69a459145030c04998451ef46eb91addbd7f940d4a60329d523e0,context_link
snap-290-007,Gigafactory Mexico,3e9045dd9aa69a459145030c04998451ef46eb91addbd7f940d4a60329d523e0,context_link
snap-290-008,Gigafactory Mexico,3e9045dd9aa69a459145030c04998451ef46eb91addbd7f940d4a60329d523e0,context_link
snap-290-009,Gigafactory Mexico,3e9045dd9aa69a459145030c04998451ef46eb91addbd7f940d4a60329d523e0,context_link
snap-290-010,Gigafactory Mexico,3e9045dd9aa69a459145030c04998451ef46eb91addbd7f940d4a60329d523e0,context_link
snap-290-011,Gigafactory Mexico,3e9045dd9aa69a459145030c04998451ef46eb91addbd7f940d4a60329d523e0,context_link
snap-291-000,Gigafactory Nevada,2bf452a701a40926cea717c3f89bfb9917699d4c2c7637182502aa6282b9d08b,entity_card
snap-291-001,Gigafactory Nevada,2bf452a701a40926cea717c3f89bfb9917699d4c2c7637182502aa6282b9d08b,context_link
snap-291-002,Gigafactory Nevada,2bf452a701a40926cea717c3f89bfb9917699d4c2c7637182502aa6282b9d08b,context_link
snap-291-003,Gigafactory Nevada,2bf452a701a40926cea717c3f89bfb9917699d4c2c7637182502aa6282b9d08b,context_link
snap-291-004,Gigafactory Nevada,2bf452a701a40926cea717c3f89bfb9917699d4c2c7637182502aa6282b9d08b,context_link
snap-291-005,Gigafactory Nevada,2bf452a701a40926cea717c3f89bfb9917699d4c2c7637182502aa6282b9d08b,context_link
snap-291-006,Gigafactory Nevada,2bf452a701a40926cea717c3f89bfb9917699d4c2c7637182502aa6282b9d08b,context_link
snap-291-007,Gigafactory Nevada,2bf452a701a40926cea717c3f89bfb9917699d4c2c7637182502aa6282b9d08b,context_link
snap-291-008,Gigafactory Nevada,2bf452a701a40926cea717c3f89bfb9917699d4c2c7637182502aa6282b9d08b,context_link
snap-291-009,Gigafactory Nevada,2bf452a701a40926cea717c3f89bfb9917699d4c2c7637182502aa6282b9d08b,context_link
snap-291-010,Gigafactory Nevada,2bf452a701a40926cea717c3f89bfb9917699d4c2c7637182502aa6282b9d08b,context_link
snap-291-011,Gigafactory Nevada,2bf452a701a40926cea717c3f89bfb9917699d4c2c7637182502aa6282b9d08b,context_link
snap-291-012,Gigafactory Nevada,2bf452a701a40926cea717c3f89bfb9917699d4c2c7637182502aa6282b9d08b,context_link
snap-291-013,Gigafactory Nevada,2bf452a701a40926cea717c3f89bfb9917699d4c2c7637182502aa6282b9d08b,context_link
snap-291-014,Gigafactory Nevada,2bf452a701a40926cea717c3f89bfb9917699d4c2c7637182502aa6282b9d08b,context_link
snap-291-015,Gigafactory Nevada,2bf452a701a40926cea717c3f89bfb9917699d4c2c7637182502aa6282b9d08b,context_link
snap-292-000,Gigafactory New York,67d751d01ac5cfba0282e24725ae8366ea0a872f2910ecbb4d16eb74ade1162e,entity_card
snap-292-001,Gigafactory New York,67d751d01ac5cfba0282e24725ae8366ea0a872f2910ecbb4d16eb74ade1162e,context_link
snap-292-002,Gigafactory New York,67d751d01ac5cfba0282e24725ae8366ea0a872f2910ecbb4d16eb74ade1162e,context_link
snap-292-003,Gigafactory New York,67d751d01ac5cfba0282e24725ae8366ea0a872f2910ecbb4d16eb74ade1162e,context_link
snap-292-004,Gigafactory New York,67d751d01ac5cfba0282e24725ae8366ea0a872f2910ecbb4d16eb74ade1162e,context_link
snap-292-005,Gigafactory New York,67d751d01ac5cfba0282e24725ae8366ea0a872f2910ecbb4d16eb74ade1162e,context_link
snap-292-006,Gigafactory New York,67d751d01ac5cfba0282e24725ae8366ea0a872f2910ecbb4d16eb74ade1162e,context_link
snap-292-007,Gigafactory New York,67d751d01ac5cfba0282e24725ae8366ea0a872f2910ecbb4d16eb74ade1162e,context_link
snap-292-008,Gigafactory New York,67d751d01ac5cfba0282e24725ae8366ea0a872f2910ecbb4d16eb74ade1162e,context_link
snap-293-000,Gigafactory Shanghai,8666fd72d8d0ab3be5d2c8d8c637c541a9a4a0dd61cac5a75d780c98df6711f2,entity_card
snap-293-001,Gigafactory Shanghai,8666fd72d8d0ab3be5d2c8d8c637c541a9a4a0dd61cac5a75d780c98df6711f2,context_link
snap-293-002,Gigafactory Shanghai,8666fd72d8d0ab3be5d2c8d8c637c541a9a4a0dd61cac5a75d780c98df6711f2,context_link
snap-293-003,Gigafactory Shanghai,8666fd72d8d0ab3be5d2c8d8c637c541a9a4a0dd61cac5a75d780c98df6711f2,context_link
snap-293-004,Gigafactory Shanghai,8666fd72d8d0ab3be5d2c8d8c637c541a9a4a0dd61cac5a75d780c98df6711f2,context_link
snap-293-005,Gigafactory Shanghai,8666fd72d8d0ab3be5d2c8d8c637c541a9a4a0dd61cac5a75d780c98df6711f2,context_link
snap-293-006,Gigafactory Shanghai,8666fd72d8d0ab3be5d2c8d8c637c541a9a4a0dd61cac5a75d780c98df6711f2,context_link
snap-293-007,Gigafactory Shanghai,8666fd72d8d0ab3be5d2c8d8c637c541a9a4a0dd61cac5a75d780c98df6711f2,context_link
snap-293-008,Gigafactory Shanghai,8666fd72d8d0ab3be5d2c8d8c637c541a9a4a0dd61cac5a75d780c98df6711f2,context_link
snap-293-009,Gigafactory Shanghai,8666fd72d8d0ab3be5d2c8d8c637c541a9a4a0dd61cac5a75d780c98df6711f2,context_link
snap-294-000,Gigafactory Texas,c39564c2aab1e6e2187db1f1030dda6dc9864d33b1a194ca4b6188fd94528206,entity_card
snap-294-001,Gigafactory Texas,c39564c2aab1e6e2187db1f1030dda6dc9864d33b1a194ca4b6188fd94528206,context_link
snap-294-002,Gigafactory Texas,c39564c2aab1e6e2187db1f1030dda6dc9864d33b1a194ca4b6188fd94528206,context_link
snap-294-003,Gigafactory Texas,c39564c2aab1e6e2187db1f1030dda6dc9864d33b1a194ca4b6188fd94528206,context_link
snap-294-004,Gigafactory Texas,c39564c2aab1e6e2187db1f1030dda6dc9864d33b1a194ca4b6188fd94528206,context_link
snap-294-005,Gigafactory Texas,c39564c2aab1e6e2187db1f1030dda6dc9864d33b1a194ca4b6188fd94528206,context_link
snap-294-006,Gigafactory Texas,c39564c2aab1e6e2187db1f1030dda6dc9864d33b1a194ca4b6188fd94528206,context_link
snap-294-007,Gigafactory Texas,c39564c2aab1e6e2187db1f1030dda6dc9864d33b1a194ca4b6188fd94528206,context_link
snap-295-000,Goddard Space Flight Center,7bce04a4be00e560ed5b8042fd387143e593a2b957d4ce135d0b7fef06a83c4a,entity_card
snap-295-001,Goddard Space Flight Center,7bce04a4be00e560ed5b8042fd387143e593a2b957d4ce135d0b7fef06a83c4a,context_link
snap-295-002,Goddard Space Flight Center,7bce04a4be00e560ed5b8042fd387143e593a2b957d4ce135d0b7fef06a83c4a,context_link
snap-295-003,Goddard Space Flight Center,7bce04a4be00e560ed5b8042fd387143e593a2b957d4ce135d0b7fef06a83c4a,context_link
snap-295-004,Goddard Space Flight Center,7bce04a4be00e560ed5b8042fd387143e593a2b957d4ce135d0b7fef06a83c4a,context_link
snap-295-005,Goddard Space Flight Center,7bce04a4be00e560ed5b8042fd387143e593a2b957d4ce135d0b7fef06a83c4a,context_link
snap-295-006,Goddard Space Flight Center,7bce04a4be00e560ed5b8042fd387143e593a2b957d4ce135d0b7fef06a83c4a,context_link
snap-295-007,Goddard Space Flight Center,7bce04a4be00e560ed5b8042fd387143e593a2b957d4ce135d0b7fef06a83c4a,context_link
snap-295-008,Goddard Space Flight Center,7bce04a4be00e560ed5b8042fd387143e593a2b957d4ce135d0b7fef06a83c4a,context_link
snap-295-009,Goddard Space Flight Center,7bce04a4be00e560ed5b8042fd387143e593a2b957d4ce135d0b7fef06a83c4a,context_link
snap-295-010,Goddard Space Flight Center,7bce04a4be00e560ed5b8042fd387143e593a2b957d4ce135d0b7fef06a83c4a,context_link
snap-295-011,Goddard Space Flight Center,7bce04a4be00e560ed5b8042fd387143e593a2b957d4ce135d0b7fef06a83c4a,context_link
snap-295-012,Goddard Space Flight Center,7bce04a4be00e560ed5b8042fd387143e593a2b957d4ce135d0b7fef06a83c4a,context_link
snap-296-000,Goodrich Corporation,d51fe1ff3e89e712ceef0789b0774c942d1e20bbaecfe45bfe274c4354760e70,entity_card
snap-296-001,Goodrich Corporation,d51fe1ff3e89e712ceef0789b0774c942d1e20bbaecfe45bfe274c4354760e70,context_link
snap-296-002,Goodrich Corporation,d51fe1ff3e89e712ceef0789b0774c942d1e20bbaecfe45bfe274c4354760e70,context_link
snap-296-003,Goodrich Corporation,d51fe1ff3e89e712ceef0789b0774c942d1e20bbaecfe45bfe274c4354760e70,context_link
snap-296-004,Goodrich Corporation,d51fe1ff3e89e712ceef0789b0774c942d1e20bbaecfe45bfe274c4354760e70,context_link
snap-296-005,Goodrich Corporation,d51fe1ff3e89e712ceef0789b0774c942d1e20bbaecfe45bfe274c4354760e70,context_link
snap-296-006,Goodrich Corporation,d51fe1ff3e89e712ceef0789b0774c942d1e20bbaecfe45bfe274c4354760e70,context_link
snap-296-007,Goodrich Corporation,d51fe1ff3e89e712ceef0789b0774c942d1e20bbaecfe45bfe274c4354760e70,context_link
snap-296-008,Goodrich Corporation,d51fe1ff3e89e712ceef0789b0774c942d1e20bbaecfe45bfe274c4354760e70,context_link
snap-296-009,Goodrich Corporation,d51fe1ff3e89e712ceef0789b0774c942d1e20bbaecfe45bfe274c4354760e70,context_link
snap-297-000,Google Cloud Platform,06cede9ddbee065bc2d1e7b6bb8f7e3ea7bdc40fb4f0b61126f033c5e43694a0,entity_card
snap-297-001,Google Cloud Platform,06cede9ddbee065bc2d1e7b6bb8f7e3ea7bdc40fb4f0b61126f033c5e43694a0,context_link
snap-297-002,Google Cloud Platform,06cede9ddbee065bc2d1e7b6bb8f7e3ea7bdc40fb4f0b61126f033c5e43694a0,context_link
snap-297-003,Google Cloud Platform,06cede9ddbee065bc2d1e7b6bb8f7e3ea7bdc40fb4f0b61126f033c5e43694a0,context_link
snap-298-000,Gordon Cooper,9bab96be57fd43cc8c9dba5c31a7239c0b99e4aa9018550766efcef7f2e687a6,entity_card
snap-298-001,Gordon Cooper,9bab96be57fd43cc8c9dba5c31a7239c0b99e4aa9018550766efcef7f2e687a6,context_link
snap-298-002,Gordon Cooper,9bab96be57fd43cc8c9dba5c31a7239c0b99e4aa9018550766efcef7f2e687a6,context_link
snap-298-003,Gordon Cooper,9bab96be57fd43cc8c9dba5c31a7239c0b99e4aa9018550766efcef7f2e687a6,context_link
snap-298-004,Gordon Cooper,9bab96be57fd43cc8c9dba5c31a7239c0b99e4aa9018550766efcef7f2e687a6,context_link
snap-298-005,Gordon Cooper,9bab96be57fd43cc8c9dba5c31a7239c0b99e4aa9018550766efcef7f2e687a6,context_link
snap-298-006,Gordon Cooper,9bab96be57fd43cc8c9dba5c31a7239c0b99e4aa9018550766efcef7f2e687a6,context_link
snap-298-007,Gordon Cooper,9bab96be57fd43cc8c9dba5c31a7239c0b99e4aa9018550766efcef7f2e687a6,context_link
snap-298-008,Gordon Cooper,9bab96be57fd43cc8c9dba5c31a7239c0b99e4aa9018550766efcef7f2e687a6,context_link
snap-298-009,Gordon Cooper,9bab96be57fd43cc8c9dba5c31a7239c0b99e4aa9018550766efcef7f2e687a6,context_link
snap-298-010,Gordon Cooper,9bab96be57fd43cc8c9dba5c31a7239c0b99e4aa9018550766efcef7f2e687a6,context_link
snap-298-011,Gordon Cooper,9bab96be57fd43cc8c9dba5c31a7239c0b99e4aa9018550766efcef7f2e687a6,context_link
snap-298-012,Gordon Cooper,9bab96be57fd43cc8c9dba5c31a7239c0b99e4aa9018550766efcef7f2e687a6,context_link
snap-299-000,Government of New York City,1ec44275946bdf06f6665d559aecf554c107bbb981bb0f22d7ccbfe38dce5d10,entity_card
snap-299-001,Government of New York City,1ec44275946bdf06f6665d559aecf554c107bbb981bb0f22d7ccbfe38dce5d10,context_link
snap-300-000,Great Depression,5b34530b03fe786b1ccb0c0f0ea4c32c28cade2f5a13e30e7da8791e7f2eec49,entity_card
snap-300-001,Great Depression,5b34530b03fe786b1ccb0c0f0ea4c32c28cade2f5a13e30e7da8791e7f2eec49,context_link
snap-300-002,Great Depression,5b34530b03fe786b1ccb0c0f0ea4c32c28cade2f5a13e30e7da8791e7f2eec49,context_link
snap-300-003,Great Depression,5b34530b03fe786b1ccb0c0f0ea4c32c28cade2f5a13e30e7da8791e7f2eec49,context_link
snap-300-004,Great Depression,5b34530b03fe786b1ccb0c0f0ea4c32c28cade2f5a13e30e7da8791e7f2eec49,context_link
snap-300-005,Great Depression,5b34530b03fe786b1ccb0c0f0ea4c32c28cade2f5a13e30e7da8791e7f2eec49,context_link
snap-300-006,Great Depression,5b34530b03fe786b1ccb0c0f0ea4c32c28cade2f5a13e30e7da8791e7f2eec49,context_link
snap-301-000,Great Recession,035757a4bfc56c931f6802c06d66b2ff18ea59d765ef8a74c6706894e9802fd5,entity_card
snap-301-001,Great Recession,035757a4bfc56c931f6802c06d66b2ff18ea59d765ef8a74c6706894e9802fd5,context_link
snap-301-002,Great Recession,035757a4bfc56c931f6802c06d66b2ff18ea59d765ef8a74c6706894e9802fd5,context_link
snap-301-003,Great Recession,035757a4bfc56c931f6802c06d66b2ff18ea59d765ef8a74c6706894e9802fd5,context_link
snap-301-004,Great Recession,035757a4bfc56c931f6802c06d66b2ff18ea59d765ef8a74c6706894e9802fd5,context_link
snap-302-000,Greek Battalion of Balaklava,e23b4ab58cbf91faf5b46f1ab79c0bfb4c6c3c64e24607b8aefa3ab4156f04b9,entity_card
snap-302-001,Greek Battalion of Balaklava,e23b4ab58cbf91faf5b46f1ab79c0bfb4c6c3c64e24607b8aefa3ab4156f04b9,context_link
snap-302-002,Greek Battalion of Balaklava,e23b4ab58cbf91faf5b46f1ab79c0bfb4c6c3c64e24607b8aefa3ab4156f04b9,context_link
snap-302-003,Greek Battalion of Balaklava,e23b4ab58cbf91faf5b46f1ab79c0bfb4c6c3c64e24607b8aefa3ab4156f04b9,context_link
snap-303-000,Greenhouse gas,572f00ab0d8fcfc7146d1b893fb99d185807356ebc3c873b4990926c2166432c,entity_card
snap-303-001,Greenhouse gas,572f00ab0d8fcfc7146d1b893fb99d185807356ebc3c873b4990926c2166432c,context_link
snap-303-002,Greenhouse gas,572f00ab0d8fcfc7146d1b893fb99d185807356ebc3c873b4990926c2166432c,context_link
snap-303-003,Greenhouse gas,572f00ab0d8fcfc7146d1b893fb99d185807356ebc3c873b4990926c2166432c,context_link
snap-303-004,Greenhouse gas,572f00ab0d8fcfc7146d1b893fb99d185807356ebc3c873b4990926c2166432c,context_link
snap-304-000,Greg Brockman,948aa0701c807664a9e48340c03f7b2eac4d04bebcb97348019c96242e97da4c,entity_card
snap-304-001,Greg Brockman,948aa0701c807664a9e48340c03f7b2eac4d04bebcb97348019c96242e97da4c,context_link
snap-304-002,Greg Brockman,948aa0701c807664a9e48340c03f7b2eac4d04bebcb97348019c96242e97da4c,context_link
snap-304-003,Greg Brockman,948aa0701c807664a9e48340c03f7b2eac4d04bebcb97348019c96242e97da4c,context_link
snap-304-004,Greg Brockman,948aa0701c807664a9e48340c03f7b2eac4d04bebcb97348019c96242e97da4c,context_link
snap-304-005,Greg Brockman,948aa0701c807664a9e48340c03f7b2eac4d04bebcb97348019c96242e97da4c,context_link
snap-304-006,Greg Brockman,948aa0701c807664a9e48340c03f7b2eac4d04bebcb97348019c96242e97da4c,context_link
snap-304-007,Greg Brockman,948aa0701c807664a9e48340c03f7b2eac4d04bebcb97348019c96242e97da4c,context_link
snap-304-008,Greg Brockman,948aa0701c807664a9e48340c03f7b2eac4d04bebcb97348019c96242e97da4c,context_link
snap-304-009,Greg Brockman,948aa0701c807664a9e48340c03f7b2eac4d04bebcb97348019c96242e97da4c,context_link
snap-304-010,Greg Brockman,948aa0701c807664a9e48340c03f7b2eac4d04bebcb97348019c96242e97da4c,context_link
snap-304-011,Greg Brockman,948aa0701c807664a9e48340c03f7b2eac4d04bebcb97348019c96242e97da4c,context_link
snap-304-012,Greg Brockman,948aa0701c807664a9e48340c03f7b2eac4d04bebcb97348019c96242e97da4c,context_link
snap-304-013,Greg Brockman,948aa0701c807664a9e48340c03f7b2eac4d04bebcb97348019c96242e97da4c,context_link
snap-304-014,Greg Brockman,948aa0701c807664a9e48340c03f7b2eac4d04bebcb97348019c96242e97da4c,context_link
snap-304-015,Greg Brockman,948aa0701c807664a9e48340c03f7b2eac4d04bebcb97348019c96242e97da4c,context_link
snap-304-016,Greg Brockman,948aa0701c807664a9e48340c03f7b2eac4d04bebcb97348019c96242e97da4c,context_link
snap-304-017,Greg Brockman,948aa0701c807664a9e48340c03f7b2eac4d04bebcb97348019c96242e97da4c,context_link
snap-304-018,Greg Brockman,948aa0701c807664a9e48340c03f7b2eac4d04bebcb97348019c96242e97da4c,context_link
snap-304-019,Greg Brockman,948aa0701c807664a9e48340c03f7b2eac4d04bebcb97348019c96242e97da4c,context_link
snap-305-000,Gus Grissom,17b604c453ac0722962e44e5da8a5bd578fc9e2d9051ca6a81cd26d20d8886e6,entity_card
snap-305-001,Gus Grissom,17b604c453ac0722962e44e5da8a5bd578fc9e2d9051ca6a81cd26d20d8886e6,context_link
snap-305-002,Gus Grissom,17b604c453ac0722962e44e5da8a5bd578fc9e2d9051ca6a81cd26d20d8886e6,context_link
snap-305-003,Gus Grissom,17b604c453ac0722962e44e5da8a5bd578fc9e2d9051ca6a81cd26d20d8886e6,context_link
snap-305-004,Gus Grissom,17b604c453ac0722962e44e5da8a5bd578fc9e2d9051ca6a81cd26d20d8886e6,context_link
snap-305-005,Gus Grissom,17b604c453ac0722962e44e5da8a5bd578fc9e2d9051ca6a81cd26d20d8886e6,context_link
snap-306-000,Gwynne Shotwell,0b6d528c2bb569ca3f4f073a3147d29d517b06df784fbdcc2b112552fa7c4b4f,entity_card
snap-306-001,Gwynne Shotwell,0b6d528c2bb569ca3f4f073a3147d29d517b06df784fbdcc2b112552fa7c4b4f,context_link
snap-306-002,Gwynne Shotwell,0b6d528c2bb569ca3f4f073a3147d29d517b06df784fbdcc2b112552fa7c4b4f,context_link
snap-306-003,Gwynne Shotwell,0b6d528c2bb569ca3f4f073a3147d29d517b06df784fbdcc2b112552fa7c4b4f,context_link
snap-306-004,Gwynne Shotwell,0b6d528c2bb569ca3f4f073a3147d29d517b06df784fbdcc2b112552fa7c4b4f,context_link
snap-306-005,Gwynne Shotwell,0b6d528c2bb569ca3f4f073a3147d29d517b06df784fbdcc2b112552fa7c4b4f,context_link
snap-306-006,Gwynne Shotwell,0b6d528c2bb569ca3f4f073a3147d29d517b06df784fbdcc2b112552fa7c4b4f,context_link
snap-306-007,Gwynne Shotwell,0b6d528c2bb569ca3f4f073a3147d29d517b06df784fbdcc2b112552fa7c4b4f,context_link
snap-306-008,Gwynne Shotwell,0b6d528c2bb569ca3f4f073a3147d29d517b06df784fbdcc2b112552fa7c4b4f,context_link
snap-306-009,Gwynne Shotwell,0b6d528c2bb569ca3f4f073a3147d29d517b06df784fbdcc2b112552fa7c4b4f,context_link
snap-306-010,Gwynne Shotwell,0b6d528c2bb569ca3f4f073a3147d29d517b06df784fbdcc2b112552fa7c4b4f,context_link
snap-306-011,Gwynne Shotwell,0b6d528c2bb569ca3f4f073a3147d29d517b06df784fbdcc2b112552fa7c4b4f,context_link
snap-306-012,Gwynne Shotwell,0b6d528c2bb569ca3f4f073a3147d29d517b06df784fbdcc2b112552fa7c4b4f,context_link
snap-306-013,Gwynne Shotwell,0b6d528c2bb569ca3f4f073a3147d29d517b06df784fbdcc2b112552fa7c4b4f,context_link
snap-306-014,Gwynne Shotwell,0b6d528c2bb569ca3f4f073a3147d29d517b06df784fbdcc2b112552fa7c4b4f,context_link
snap-306-015,Gwynne Shotwell,0b6d528c2bb569ca3f4f073a3147d29d517b06df784fbdcc2b112552fa7c4b4f,context_link
snap-306-016,Gwynne Shotwell,0b6d528c2bb569ca3f4f073a3147d29d517b06df784fbdcc2b112552fa7c4b4f,context_link
snap-306-017,Gwynne Shotwell,0b6d528c2bb569ca3f4f073a3147d29d517b06df784fbdcc2b112552fa7c4b4f,context_link
snap-307-000,HMS Amazon,b19a135222681d7ecf10f61109b9081861637e80af78196c0142071880714511,entity_card
snap-307-001,HMS Amazon,b19a135222681d7ecf10f61109b9081861637e80af78196c0142071880714511,definition_claim
snap-307-002,HMS Amazon,b19a135222681d7ecf10f61109b9081861637e80af78196c0142071880714511,context_link
snap-307-003,HMS Amazon,b19a135222681d7ecf10f61109b9081861637e80af78196c0142071880714511,context_link
snap-307-004,HMS Amazon,b19a135222681d7ecf10f61109b9081861637e80af78196c0142071880714511,context_link
snap-307-005,HMS Amazon,b19a135222681d7ecf10f61109b9081861637e80af78196c0142071880714511,context_link
snap-308-000,Harvard Business School,ad4d58ae332bb76571900d5223f2c08cc58527615ed231e89d2fae2ea8f83b50,entity_card
snap-308-001,Harvard Business School,ad4d58ae332bb76571900d5223f2c08cc58527615ed231e89d2fae2ea8f83b50,context_link
snap-308-002,Harvard Business School,ad4d58ae332bb76571900d5223f2c08cc58527615ed231e89d2fae2ea8f83b50,context_link
snap-308-003,Harvard Business School,ad4d58ae332bb76571900d5223f2c08cc58527615ed231e89d2fae2ea8f83b50,context_link
snap-309-000,Harvard University,e2f08bb27566f04260e8d6f49f4f9f497223ba53e4b5e18a69d7f2a722f4af65,entity_card
snap-309-001,Harvard University,e2f08bb27566f04260e8d6f49f4f9f497223ba53e4b5e18a69d7f2a722f4af65,context_link
snap-309-002,Harvard University,e2f08bb27566f04260e8d6f49f4f9f497223ba53e4b5e18a69d7f2a722f4af65,context_link
snap-309-003,Harvard University,e2f08bb27566f04260e8d6f49f4f9f497223ba53e4b5e18a69d7f2a722f4af65,context_link
snap-309-004,Harvard University,e2f08bb27566f04260e8d6f49f4f9f497223ba53e4b5e18a69d7f2a722f4af65,context_link
snap-309-005,Harvard University,e2f08bb27566f04260e8d6f49f4f9f497223ba53e4b5e18a69d7f2a722f4af65,context_link
snap-310-000,Hearst Communications,16b76dd30e97ce495464f5ae7805cbd9264ab700b0ed1a9b25bfb0b5792af14c,entity_card
snap-310-001,Hearst Communications,16b76dd30e97ce495464f5ae7805cbd9264ab700b0ed1a9b25bfb0b5792af14c,context_link
snap-310-002,Hearst Communications,16b76dd30e97ce495464f5ae7805cbd9264ab700b0ed1a9b25bfb0b5792af14c,context_link
snap-310-003,Hearst Communications,16b76dd30e97ce495464f5ae7805cbd9264ab700b0ed1a9b25bfb0b5792af14c,context_link
snap-310-004,Hearst Communications,16b76dd30e97ce495464f5ae7805cbd9264ab700b0ed1a9b25bfb0b5792af14c,context_link
snap-310-005,Hearst Communications,16b76dd30e97ce495464f5ae7805cbd9264ab700b0ed1a9b25bfb0b5792af14c,context_link
snap-310-006,Hearst Communications,16b76dd30e97ce495464f5ae7805cbd9264ab700b0ed1a9b25bfb0b5792af14c,context_link
snap-310-007,Hearst Communications,16b76dd30e97ce495464f5ae7805cbd9264ab700b0ed1a9b25bfb0b5792af14c,context_link
snap-311-000,Henrik Fisker,54878cca3b4ae0160c7fb9a35e55bf4dd4362de4576d170e8cbfe6bbcd2f959a,entity_card
snap-311-001,Henrik Fisker,54878cca3b4ae0160c7fb9a35e55bf4dd4362de4576d170e8cbfe6bbcd2f959a,context_link
snap-311-002,Henrik Fisker,54878cca3b4ae0160c7fb9a35e55bf4dd4362de4576d170e8cbfe6bbcd2f959a,context_link
snap-311-003,Henrik Fisker,54878cca3b4ae0160c7fb9a35e55bf4dd4362de4576d170e8cbfe6bbcd2f959a,context_link
snap-311-004,Henrik Fisker,54878cca3b4ae0160c7fb9a35e55bf4dd4362de4576d170e8cbfe6bbcd2f959a,context_link
snap-311-005,Henrik Fisker,54878cca3b4ae0160c7fb9a35e55bf4dd4362de4576d170e8cbfe6bbcd2f959a,context_link
snap-311-006,Henrik Fisker,54878cca3b4ae0160c7fb9a35e55bf4dd4362de4576d170e8cbfe6bbcd2f959a,context_link
snap-312-000,Henry Ford,b9b67bcdcc90b317c8e3e4c7807c2c19c0c599760d9b01c9eddf14698f229382,entity_card
snap-312-001,Henry Ford,b9b67bcdcc90b317c8e3e4c7807c2c19c0c599760d9b01c9eddf14698f229382,context_link
snap-312-002,Henry Ford,b9b67bcdcc90b317c8e3e4c7807c2c19c0c599760d9b01c9eddf14698f229382,context_link
snap-313-000,Henry Racamier,5bb3715a9165b43f01aad3eaf5841cfea6cf81d54e6d05a8357985db2f0253c3,entity_card
snap-313-001,Henry Racamier,5bb3715a9165b43f01aad3eaf5841cfea6cf81d54e6d05a8357985db2f0253c3,context_link
snap-313-002,Henry Racamier,5bb3715a9165b43f01aad3eaf5841cfea6cf81d54e6d05a8357985db2f0253c3,context_link
snap-313-003,Henry Racamier,5bb3715a9165b43f01aad3eaf5841cfea6cf81d54e6d05a8357985db2f0253c3,context_link
snap-313-004,Henry Racamier,5bb3715a9165b43f01aad3eaf5841cfea6cf81d54e6d05a8357985db2f0253c3,context_link
snap-313-005,Henry Racamier,5bb3715a9165b43f01aad3eaf5841cfea6cf81d54e6d05a8357985db2f0253c3,context_link
snap-313-006,Henry Racamier,5bb3715a9165b43f01aad3eaf5841cfea6cf81d54e6d05a8357985db2f0253c3,context_link
snap-314-000,Hermann Oberth,e4841a2af4495e29dba30e1843465b44e6f98ae953cb9b87ea7dd19b474ee85e,entity_card
snap-314-001,Hermann Oberth,e4841a2af4495e29dba30e1843465b44e6f98ae953cb9b87ea7dd19b474ee85e,context_link
snap-314-002,Hermann Oberth,e4841a2af4495e29dba30e1843465b44e6f98ae953cb9b87ea7dd19b474ee85e,context_link
snap-314-003,Hermann Oberth,e4841a2af4495e29dba30e1843465b44e6f98ae953cb9b87ea7dd19b474ee85e,context_link
snap-314-004,Hermann Oberth,e4841a2af4495e29dba30e1843465b44e6f98ae953cb9b87ea7dd19b474ee85e,context_link
snap-314-005,Hermann Oberth,e4841a2af4495e29dba30e1843465b44e6f98ae953cb9b87ea7dd19b474ee85e,context_link
snap-314-006,Hermann Oberth,e4841a2af4495e29dba30e1843465b44e6f98ae953cb9b87ea7dd19b474ee85e,context_link
snap-314-007,Hermann Oberth,e4841a2af4495e29dba30e1843465b44e6f98ae953cb9b87ea7dd19b474ee85e,context_link
snap-314-008,Hermann Oberth,e4841a2af4495e29dba30e1843465b44e6f98ae953cb9b87ea7dd19b474ee85e,context_link
snap-314-009,Hermann Oberth,e4841a2af4495e29dba30e1843465b44e6f98ae953cb9b87ea7dd19b474ee85e,context_link
snap-314-010,Hermann Oberth,e4841a2af4495e29dba30e1843465b44e6f98ae953cb9b87ea7dd19b474ee85e,context_link
snap-314-011,Hermann Oberth,e4841a2af4495e29dba30e1843465b44e6f98ae953cb9b87ea7dd19b474ee85e,context_link
snap-314-012,Hermann Oberth,e4841a2af4495e29dba30e1843465b44e6f98ae953cb9b87ea7dd19b474ee85e,context_link
snap-314-013,Hermann Oberth,e4841a2af4495e29dba30e1843465b44e6f98ae953cb9b87ea7dd19b474ee85e,context_link
snap-315-000,Homeland security,719eb4751f50b4b1eef24fec33003998bcc53abf5e94361f2da7ddbed57b5a4f,entity_card
snap-315-001,Homeland security,719eb4751f50b4b1eef24fec33003998bcc53abf5e94361f2da7ddbed57b5a4f,context_link
snap-315-002,Homeland security,719eb4751f50b4b1eef24fec33003998bcc53abf5e94361f2da7ddbed57b5a4f,context_link
snap-316-000,Honeywell Aerospace,b6474ad3bdcebf1a4bc4ad174871e04eb833690fa90e4cb391329419892e44e2,entity_card
snap-316-001,Honeywell Aerospace,b6474ad3bdcebf1a4bc4ad174871e04eb833690fa90e4cb391329419892e44e2,relation_claim
snap-316-002,Honeywell Aerospace,b6474ad3bdcebf1a4bc4ad174871e04eb833690fa90e4cb391329419892e44e2,relation_claim
snap-316-003,Honeywell Aerospace,b6474ad3bdcebf1a4bc4ad174871e04eb833690fa90e4cb391329419892e44e2,relation_claim
snap-316-004,Honeywell Aerospace,b6474ad3bdcebf1a4bc4ad174871e04eb833690fa90e4cb391329419892e44e2,context_link
snap-316-005,Honeywell Aerospace,b6474ad3bdcebf1a4bc4ad174871e04eb833690fa90e4cb391329419892e44e2,context_link
snap-316-006,Honeywell Aerospace,b6474ad3bdcebf1a4bc4ad174871e04eb833690fa90e4cb391329419892e44e2,context_link
snap-316-007,Honeywell Aerospace,b6474ad3bdcebf1a4bc4ad174871e04eb833690fa90e4cb391329419892e44e2,context_link
snap-316-008,Honeywell Aerospace,b6474ad3bdcebf1a4bc4ad174871e04eb833690fa90e4cb391329419892e44e2,context_link
snap-316-009,Honeywell Aerospace,b6474ad3bdcebf1a4bc4ad174871e04eb833690fa90e4cb391329419892e44e2,context_link
snap-316-010,Honeywell Aerospace,b6474ad3bdcebf1a4bc4ad174871e04eb833690fa90e4cb391329419892e44e2,context_link
snap-316-011,Honeywell Aerospace,b6474ad3bdcebf1a4bc4ad174871e04eb833690fa90e4cb391329419892e44e2,context_link
snap-316-012,Honeywell Aerospace,b6474ad3bdcebf1a4bc4ad174871e04eb833690fa90e4cb391329419892e44e2,context_link
snap-317-000,Hong Kong,e97492130619381cd2159c814f4c70031c3a367315e9f05f74005fc56a87d775,entity_card
snap-317-001,Hong Kong,e97492130619381cd2159c814f4c70031c3a367315e9f05f74005fc56a87d775,context_link
snap-317-002,Hong Kong,e97492130619381cd2159c814f4c70031c3a367315e9f05f74005fc56a87d775,context_link
snap-317-003,Hong Kong,e97492130619381cd2159c814f4c70031c3a367315e9f05f74005fc56a87d775,context_link
snap-318-000,Horniman Circle Gardens,c6fd483c80fd6a225aee05c8495b51db75bd44346031bbd0eb988008b484794e,entity_card
snap-318-001,Horniman Circle Gardens,c6fd483c80fd6a225aee05c8495b51db75bd44346031bbd0eb988008b484794e,context_link
snap-318-002,Horniman Circle Gardens,c6fd483c80fd6a225aee05c8495b51db75bd44346031bbd0eb988008b484794e,context_link
snap-318-003,Horniman Circle Gardens,c6fd483c80fd6a225aee05c8495b51db75bd44346031bbd0eb988008b484794e,context_link
snap-318-004,Horniman Circle Gardens,c6fd483c80fd6a225aee05c8495b51db75bd44346031bbd0eb988008b484794e,context_link
snap-318-005,Horniman Circle Gardens,c6fd483c80fd6a225aee05c8495b51db75bd44346031bbd0eb988008b484794e,context_link
snap-319-000,Hubble Space Telescope,9c6b9f551ec039d99854490b8c6387e99adb27c3a369b59aa01c5b0c928d589c,entity_card
snap-319-001,Hubble Space Telescope,9c6b9f551ec039d99854490b8c6387e99adb27c3a369b59aa01c5b0c928d589c,context_link
snap-319-002,Hubble Space Telescope,9c6b9f551ec039d99854490b8c6387e99adb27c3a369b59aa01c5b0c928d589c,context_link
snap-319-003,Hubble Space Telescope,9c6b9f551ec039d99854490b8c6387e99adb27c3a369b59aa01c5b0c928d589c,context_link
snap-319-004,Hubble Space Telescope,9c6b9f551ec039d99854490b8c6387e99adb27c3a369b59aa01c5b0c928d589c,context_link
snap-320-000,Hughes Aircraft Company,4c855aa0d13bc35f81a2b6135a3f270fda82c56b00eedfc2eddfbc25289ef851,entity_card
snap-320-001,Hughes Aircraft Company,4c855aa0d13bc35f81a2b6135a3f270fda82c56b00eedfc2eddfbc25289ef851,context_link
snap-320-002,Hughes Aircraft Company,4c855aa0d13bc35f81a2b6135a3f270fda82c56b00eedfc2eddfbc25289ef851,context_link
snap-320-003,Hughes Aircraft Company,4c855aa0d13bc35f81a2b6135a3f270fda82c56b00eedfc2eddfbc25289ef851,context_link
snap-320-004,Hughes Aircraft Company,4c855aa0d13bc35f81a2b6135a3f270fda82c56b00eedfc2eddfbc25289ef851,context_link
snap-320-005,Hughes Aircraft Company,4c855aa0d13bc35f81a2b6135a3f270fda82c56b00eedfc2eddfbc25289ef851,context_link
snap-320-006,Hughes Aircraft Company,4c855aa0d13bc35f81a2b6135a3f270fda82c56b00eedfc2eddfbc25289ef851,context_link
snap-320-007,Hughes Aircraft Company,4c855aa0d13bc35f81a2b6135a3f270fda82c56b00eedfc2eddfbc25289ef851,context_link
snap-321-000,Hyperloop One,0313ded5099ccbcb671d0ee8426f5f64d9ab3fc5109243de407266130baf2277,entity_card
snap-321-001,Hyperloop One,0313ded5099ccbcb671d0ee8426f5f64d9ab3fc5109243de407266130baf2277,context_link
snap-321-002,Hyperloop One,0313ded5099ccbcb671d0ee8426f5f64d9ab3fc5109243de407266130baf2277,context_link
snap-321-003,Hyperloop One,0313ded5099ccbcb671d0ee8426f5f64d9ab3fc5109243de407266130baf2277,context_link
snap-321-004,Hyperloop One,0313ded5099ccbcb671d0ee8426f5f64d9ab3fc5109243de407266130baf2277,context_link
snap-321-005,Hyperloop One,0313ded5099ccbcb671d0ee8426f5f64d9ab3fc5109243de407266130baf2277,context_link
snap-321-006,Hyperloop One,0313ded5099ccbcb671d0ee8426f5f64d9ab3fc5109243de407266130baf2277,context_link
snap-321-007,Hyperloop One,0313ded5099ccbcb671d0ee8426f5f64d9ab3fc5109243de407266130baf2277,context_link
snap-321-008,Hyperloop One,0313ded5099ccbcb671d0ee8426f5f64d9ab3fc5109243de407266130baf2277,context_link
snap-321-009,Hyperloop One,0313ded5099ccbcb671d0ee8426f5f64d9ab3fc5109243de407266130baf2277,context_link
snap-321-010,Hyperloop One,0313ded5099ccbcb671d0ee8426f5f64d9ab3fc5109243de407266130baf2277,context_link
snap-321-011,Hyperloop One,0313ded5099ccbcb671d0ee8426f5f64d9ab3fc5109243de407266130baf2277,context_link
snap-321-012,Hyperloop One,0313ded5099ccbcb671d0ee8426f5f64d9ab3fc5109243de407266130baf2277,context_link
snap-321-013,Hyperloop One,0313ded5099ccbcb671d0ee8426f5f64d9ab3fc5109243de407266130baf2277,context_link
snap-321-014,Hyperloop One,0313ded5099ccbcb671d0ee8426f5f64d9ab3fc5109243de407266130baf2277,context_link
snap-322-000,Hyperloop Transportation Technologies,3e2c8d72f1f875610dd14bd7ae8638ddb900008d2104020b41d86219b016fad1,entity_card
snap-322-001,Hyperloop Transportation Technologies,3e2c8d72f1f875610dd14bd7ae8638ddb900008d2104020b41d86219b016fad1,context_link
snap-322-002,Hyperloop Transportation Technologies,3e2c8d72f1f875610dd14bd7ae8638ddb900008d2104020b41d86219b016fad1,context_link
snap-322-003,Hyperloop Transportation Technologies,3e2c8d72f1f875610dd14bd7ae8638ddb900008d2104020b41d86219b016fad1,context_link
snap-322-004,Hyperloop Transportation Technologies,3e2c8d72f1f875610dd14bd7ae8638ddb900008d2104020b41d86219b016fad1,context_link
snap-322-005,Hyperloop Transportation Technologies,3e2c8d72f1f875610dd14bd7ae8638ddb900008d2104020b41d86219b016fad1,context_link
snap-322-006,Hyperloop Transportation Technologies,3e2c8d72f1f875610dd14bd7ae8638ddb900008d2104020b41d86219b016fad1,context_link
snap-322-007,Hyperloop Transportation Technologies,3e2c8d72f1f875610dd14bd7ae8638ddb900008d2104020b41d86219b016fad1,context_link
snap-322-008,Hyperloop Transportation Technologies,3e2c8d72f1f875610dd14bd7ae8638ddb900008d2104020b41d86219b016fad1,context_link
snap-322-009,Hyperloop Transportation Technologies,3e2c8d72f1f875610dd14bd7ae8638ddb900008d2104020b41d86219b016fad1,context_link
snap-322-010,Hyperloop Transportation Technologies,3e2c8d72f1f875610dd14bd7ae8638ddb900008d2104020b41d86219b016fad1,context_link
snap-322-011,Hyperloop Transportation Technologies,3e2c8d72f1f875610dd14bd7ae8638ddb900008d2104020b41d86219b016fad1,context_link
snap-322-012,Hyperloop Transportation Technologies,3e2c8d72f1f875610dd14bd7ae8638ddb900008d2104020b41d86219b016fad1,context_link
snap-323-000,Hyperloop pod competition,c56e24dacfdea26b0e3f209fb92a378988385b4404cb9259bcbf3a064c0e8f17,entity_card
snap-323-001,Hyperloop pod competition,c56e24dacfdea26b0e3f209fb92a378988385b4404cb9259bcbf3a064c0e8f17,context_link
snap-323-002,Hyperloop pod competition,c56e24dacfdea26b0e3f209fb92a378988385b4404cb9259bcbf3a064c0e8f17,context_link
snap-323-003,Hyperloop pod competition,c56e24dacfdea26b0e3f209fb92a378988385b4404cb9259bcbf3a064c0e8f17,context_link
snap-323-004,Hyperloop pod competition,c56e24dacfdea26b0e3f209fb92a378988385b4404cb9259bcbf3a064c0e8f17,context_link
snap-323-005,Hyperloop pod competition,c56e24dacfdea26b0e3f209fb92a378988385b4404cb9259bcbf3a064c0e8f17,context_link
snap-323-006,Hyperloop pod competition,c56e24dacfdea26b0e3f209fb92a378988385b4404cb9259bcbf3a064c0e8f17,context_link
snap-323-007,Hyperloop pod competition,c56e24dacfdea26b0e3f209fb92a378988385b4404cb9259bcbf3a064c0e8f17,context_link
snap-323-008,Hyperloop pod competition,c56e24dacfdea26b0e3f209fb92a378988385b4404cb9259bcbf3a064c0e8f17,context_link
snap-323-009,Hyperloop pod competition,c56e24dacfdea26b0e3f209fb92a378988385b4404cb9259bcbf3a064c0e8f17,context_link
snap-323-010,Hyperloop pod competition,c56e24dacfdea26b0e3f209fb92a378988385b4404cb9259bcbf3a064c0e8f17,context_link
snap-324-000,IBM System,019db4d3ba60b27b356f6c1a2b77ad16dc8f33317d26038e02792e767e51319a,entity_card
snap-324-001,IBM System,019db4d3ba60b27b356f6c1a2b77ad16dc8f33317d26038e02792e767e51319a,context_link
snap-324-002,IBM System,019db4d3ba60b27b356f6c1a2b77ad16dc8f33317d26038e02792e767e51319a,context_link
snap-324-003,IBM System,019db4d3ba60b27b356f6c1a2b77ad16dc8f33317d26038e02792e767e51319a,context_link
snap-324-004,IBM System,019db4d3ba60b27b356f6c1a2b77ad16dc8f33317d26038e02792e767e51319a,context_link
snap-325-000,In August,19df931cd456bc8f238792ae865550c1c72e2b0f085b44b376e14778a8a3e31c,entity_card
snap-326-000,In September,58ef05b1fc222f1677ccf49ff771003cb9c9592288c2cc8c5ab339b780650885,entity_card
snap-326-001,In September,58ef05b1fc222f1677ccf49ff771003cb9c9592288c2cc8c5ab339b780650885,context_link
snap-326-002,In September,58ef05b1fc222f1677ccf49ff771003cb9c9592288c2cc8c5ab339b780650885,context_link
snap-327-000,India,bd481f47deb6f3d5e91901d92df11eee80af16c4b97f98e810a5cd81d9caf169,entity_card
snap-327-001,India,bd481f47deb6f3d5e91901d92df11eee80af16c4b97f98e810a5cd81d9caf169,context_link
snap-327-002,India,bd481f47deb6f3d5e91901d92df11eee80af16c4b97f98e810a5cd81d9caf169,context_link
snap-328-000,Industrial Revolution,0e062ed3faa69a1e53e963a90d5e5ad0a97dbb1b14b5a1c2b4825c304af6a1db,entity_card
snap-328-001,Industrial Revolution,0e062ed3faa69a1e53e963a90d5e5ad0a97dbb1b14b5a1c2b4825c304af6a1db,context_link
snap-328-002,Industrial Revolution,0e062ed3faa69a1e53e963a90d5e5ad0a97dbb1b14b5a1c2b4825c304af6a1db,context_link
snap-328-003,Industrial Revolution,0e062ed3faa69a1e53e963a90d5e5ad0a97dbb1b14b5a1c2b4825c304af6a1db,context_link
snap-328-004,Industrial Revolution,0e062ed3faa69a1e53e963a90d5e5ad0a97dbb1b14b5a1c2b4825c304af6a1db,context_link
snap-328-005,Industrial Revolution,0e062ed3faa69a1e53e963a90d5e5ad0a97dbb1b14b5a1c2b4825c304af6a1db,context_link
snap-328-006,Industrial Revolution,0e062ed3faa69a1e53e963a90d5e5ad0a97dbb1b14b5a1c2b4825c304af6a1db,context_link
snap-329-000,Informix Corporation,b2905f17028820020bc9dbec33ed2704c0a4f797eee5e3f64983210ac5b3130b,entity_card
snap-329-001,Informix Corporation,b2905f17028820020bc9dbec33ed2704c0a4f797eee5e3f64983210ac5b3130b,context_link
snap-329-002,Informix Corporation,b2905f17028820020bc9dbec33ed2704c0a4f797eee5e3f64983210ac5b3130b,context_link
snap-329-003,Informix Corporation,b2905f17028820020bc9dbec33ed2704c0a4f797eee5e3f64983210ac5b3130b,context_link
snap-329-004,Informix Corporation,b2905f17028820020bc9dbec33ed2704c0a4f797eee5e3f64983210ac5b3130b,context_link
snap-330-000,Institute of technology,f58f516c2c808e6b6bde0692d462501744a62a7c7c1851dce5176d9f501d6a91,entity_card
snap-330-001,Institute of technology,f58f516c2c808e6b6bde0692d462501744a62a7c7c1851dce5176d9f501d6a91,context_link
snap-330-002,Institute of technology,f58f516c2c808e6b6bde0692d462501744a62a7c7c1851dce5176d9f501d6a91,context_link
snap-330-003,Institute of technology,f58f516c2c808e6b6bde0692d462501744a62a7c7c1851dce5176d9f501d6a91,context_link
snap-330-004,Institute of technology,f58f516c2c808e6b6bde0692d462501744a62a7c7c1851dce5176d9f501d6a91,context_link
snap-330-005,Institute of technology,f58f516c2c808e6b6bde0692d462501744a62a7c7c1851dce5176d9f501d6a91,context_link
snap-330-006,Institute of technology,f58f516c2c808e6b6bde0692d462501744a62a7c7c1851dce5176d9f501d6a91,context_link
snap-330-007,Institute of technology,f58f516c2c808e6b6bde0692d462501744a62a7c7c1851dce5176d9f501d6a91,context_link
snap-330-008,Institute of technology,f58f516c2c808e6b6bde0692d462501744a62a7c7c1851dce5176d9f501d6a91,context_link
snap-331-000,Integrate-Transfer-Launch Complex,6c4c5920b3e28efab5f7e235aad8ffeef08cb104961f1a1fb872a9bcbe75f6c0,entity_card
snap-331-001,Integrate-Transfer-Launch Complex,6c4c5920b3e28efab5f7e235aad8ffeef08cb104961f1a1fb872a9bcbe75f6c0,context_link
snap-331-002,Integrate-Transfer-Launch Complex,6c4c5920b3e28efab5f7e235aad8ffeef08cb104961f1a1fb872a9bcbe75f6c0,context_link
snap-331-003,Integrate-Transfer-Launch Complex,6c4c5920b3e28efab5f7e235aad8ffeef08cb104961f1a1fb872a9bcbe75f6c0,context_link
snap-331-004,Integrate-Transfer-Launch Complex,6c4c5920b3e28efab5f7e235aad8ffeef08cb104961f1a1fb872a9bcbe75f6c0,context_link
snap-331-005,Integrate-Transfer-Launch Complex,6c4c5920b3e28efab5f7e235aad8ffeef08cb104961f1a1fb872a9bcbe75f6c0,context_link
snap-331-006,Integrate-Transfer-Launch Complex,6c4c5920b3e28efab5f7e235aad8ffeef08cb104961f1a1fb872a9bcbe75f6c0,context_link
snap-331-007,Integrate-Transfer-Launch Complex,6c4c5920b3e28efab5f7e235aad8ffeef08cb104961f1a1fb872a9bcbe75f6c0,context_link
snap-331-008,Integrate-Transfer-Launch Complex,6c4c5920b3e28efab5f7e235aad8ffeef08cb104961f1a1fb872a9bcbe75f6c0,context_link
snap-331-009,Integrate-Transfer-Launch Complex,6c4c5920b3e28efab5f7e235aad8ffeef08cb104961f1a1fb872a9bcbe75f6c0,context_link
snap-332-000,Intel,a691de6e3251789655e2ecddbe8d6a5079b8bf28013fc59ef265d241e49d3cda,entity_card
snap-332-001,Intel,a691de6e3251789655e2ecddbe8d6a5079b8bf28013fc59ef265d241e49d3cda,relation_claim
snap-332-002,Intel,a691de6e3251789655e2ecddbe8d6a5079b8bf28013fc59ef265d241e49d3cda,relation_claim
snap-332-003,Intel,a691de6e3251789655e2ecddbe8d6a5079b8bf28013fc59ef265d241e49d3cda,relation_claim
snap-332-004,Intel,a691de6e3251789655e2ecddbe8d6a5079b8bf28013fc59ef265d241e49d3cda,context_link
snap-332-005,Intel,a691de6e3251789655e2ecddbe8d6a5079b8bf28013fc59ef265d241e49d3cda,context_link
snap-332-006,Intel,a691de6e3251789655e2ecddbe8d6a5079b8bf28013fc59ef265d241e49d3cda,context_link
snap-332-007,Intel,a691de6e3251789655e2ecddbe8d6a5079b8bf28013fc59ef265d241e49d3cda,context_link
snap-332-008,Intel,a691de6e3251789655e2ecddbe8d6a5079b8bf28013fc59ef265d241e49d3cda,context_link
snap-332-009,Intel,a691de6e3251789655e2ecddbe8d6a5079b8bf28013fc59ef265d241e49d3cda,context_link
snap-333-000,Intercontinental Exchange,cc0144e30bdfa558c1f1840a241b3cb97c66e00f8e2b6e8137131e95e930274b,entity_card
snap-333-001,Intercontinental Exchange,cc0144e30bdfa558c1f1840a241b3cb97c66e00f8e2b6e8137131e95e930274b,definition_claim
snap-333-002,Intercontinental Exchange,cc0144e30bdfa558c1f1840a241b3cb97c66e00f8e2b6e8137131e95e930274b,context_link
snap-333-003,Intercontinental Exchange,cc0144e30bdfa558c1f1840a241b3cb97c66e00f8e2b6e8137131e95e930274b,context_link
snap-333-004,Intercontinental Exchange,cc0144e30bdfa558c1f1840a241b3cb97c66e00f8e2b6e8137131e95e930274b,context_link
snap-333-005,Intercontinental Exchange,cc0144e30bdfa558c1f1840a241b3cb97c66e00f8e2b6e8137131e95e930274b,context_link
snap-333-006,Intercontinental Exchange,cc0144e30bdfa558c1f1840a241b3cb97c66e00f8e2b6e8137131e95e930274b,context_link
snap-333-007,Intercontinental Exchange,cc0144e30bdfa558c1f1840a241b3cb97c66e00f8e2b6e8137131e95e930274b,context_link
snap-333-008,Intercontinental Exchange,cc0144e30bdfa558c1f1840a241b3cb97c66e00f8e2b6e8137131e95e930274b,context_link
snap-333-009,Intercontinental Exchange,cc0144e30bdfa558c1f1840a241b3cb97c66e00f8e2b6e8137131e95e930274b,context_link
snap-333-010,Intercontinental Exchange,cc0144e30bdfa558c1f1840a241b3cb97c66e00f8e2b6e8137131e95e930274b,context_link
snap-334-000,International Energy Agency,feea70121189f972f591ba83f0ee1440f7a2d6de3607f2aa8458cffe71222550,entity_card
snap-334-001,International Energy Agency,feea70121189f972f591ba83f0ee1440f7a2d6de3607f2aa8458cffe71222550,relation_claim
snap-334-002,International Energy Agency,feea70121189f972f591ba83f0ee1440f7a2d6de3607f2aa8458cffe71222550,relation_claim
snap-334-003,International Energy Agency,feea70121189f972f591ba83f0ee1440f7a2d6de3607f2aa8458cffe71222550,relation_claim
snap-334-004,International Energy Agency,feea70121189f972f591ba83f0ee1440f7a2d6de3607f2aa8458cffe71222550,relation_claim
snap-334-005,International Energy Agency,feea70121189f972f591ba83f0ee1440f7a2d6de3607f2aa8458cffe71222550,context_link
snap-334-006,International Energy Agency,feea70121189f972f591ba83f0ee1440f7a2d6de3607f2aa8458cffe71222550,context_link
snap-334-007,International Energy Agency,feea70121189f972f591ba83f0ee1440f7a2d6de3607f2aa8458cffe71222550,context_link
snap-334-008,International Energy Agency,feea70121189f972f591ba83f0ee1440f7a2d6de3607f2aa8458cffe71222550,context_link
snap-334-009,International Energy Agency,feea70121189f972f591ba83f0ee1440f7a2d6de3607f2aa8458cffe71222550,context_link
snap-335-000,International Space Station,2aa3e1a45174eee298c939c21c01e0e98634f7a71294ddb53df8d20f4f5de901,entity_card
snap-335-001,International Space Station,2aa3e1a45174eee298c939c21c01e0e98634f7a71294ddb53df8d20f4f5de901,context_link
snap-335-002,International Space Station,2aa3e1a45174eee298c939c21c01e0e98634f7a71294ddb53df8d20f4f5de901,context_link
snap-335-003,International Space Station,2aa3e1a45174eee298c939c21c01e0e98634f7a71294ddb53df8d20f4f5de901,context_link
snap-335-004,International Space Station,2aa3e1a45174eee298c939c21c01e0e98634f7a71294ddb53df8d20f4f5de901,context_link
snap-335-005,International Space Station,2aa3e1a45174eee298c939c21c01e0e98634f7a71294ddb53df8d20f4f5de901,context_link
snap-335-006,International Space Station,2aa3e1a45174eee298c939c21c01e0e98634f7a71294ddb53df8d20f4f5de901,context_link
snap-336-000,International Telecommunication Union,c449582ec3364a5dd74a4b8dcdf1313513b4d366c5a4c06edeafd214a8311f0c,entity_card
snap-336-001,International Telecommunication Union,c449582ec3364a5dd74a4b8dcdf1313513b4d366c5a4c06edeafd214a8311f0c,context_link
snap-336-002,International Telecommunication Union,c449582ec3364a5dd74a4b8dcdf1313513b4d366c5a4c06edeafd214a8311f0c,context_link
snap-336-003,International Telecommunication Union,c449582ec3364a5dd74a4b8dcdf1313513b4d366c5a4c06edeafd214a8311f0c,context_link
snap-337-000,International airport,4caf94c7db8aeda7cd102f7d943b774a7cf9ae6ab225af8bf79823f55ccf06d0,entity_card
snap-337-001,International airport,4caf94c7db8aeda7cd102f7d943b774a7cf9ae6ab225af8bf79823f55ccf06d0,context_link
snap-337-002,International airport,4caf94c7db8aeda7cd102f7d943b774a7cf9ae6ab225af8bf79823f55ccf06d0,context_link
snap-337-003,International airport,4caf94c7db8aeda7cd102f7d943b774a7cf9ae6ab225af8bf79823f55ccf06d0,context_link
snap-337-004,International airport,4caf94c7db8aeda7cd102f7d943b774a7cf9ae6ab225af8bf79823f55ccf06d0,context_link
snap-337-005,International airport,4caf94c7db8aeda7cd102f7d943b774a7cf9ae6ab225af8bf79823f55ccf06d0,context_link
snap-337-006,International airport,4caf94c7db8aeda7cd102f7d943b774a7cf9ae6ab225af8bf79823f55ccf06d0,context_link
snap-337-007,International airport,4caf94c7db8aeda7cd102f7d943b774a7cf9ae6ab225af8bf79823f55ccf06d0,context_link
snap-338-000,Internet,5e76665873491a41b6f921b62df89f02d5a0e2ec4b9b2cab1ab51c6c0aabad85,entity_card
snap-338-001,Internet,5e76665873491a41b6f921b62df89f02d5a0e2ec4b9b2cab1ab51c6c0aabad85,context_link
snap-338-002,Internet,5e76665873491a41b6f921b62df89f02d5a0e2ec4b9b2cab1ab51c6c0aabad85,context_link
snap-338-003,Internet,5e76665873491a41b6f921b62df89f02d5a0e2ec4b9b2cab1ab51c6c0aabad85,context_link
snap-338-004,Internet,5e76665873491a41b6f921b62df89f02d5a0e2ec4b9b2cab1ab51c6c0aabad85,context_link
snap-338-005,Internet,5e76665873491a41b6f921b62df89f02d5a0e2ec4b9b2cab1ab51c6c0aabad85,context_link
snap-338-006,Internet,5e76665873491a41b6f921b62df89f02d5a0e2ec4b9b2cab1ab51c6c0aabad85,context_link
snap-339-000,Internet service provider,b4d5712aaa6e7e493a7b60686d163280e44fe4504be90053655c92212df1c43c,entity_card
snap-339-001,Internet service provider,b4d5712aaa6e7e493a7b60686d163280e44fe4504be90053655c92212df1c43c,context_link
snap-339-002,Internet service provider,b4d5712aaa6e7e493a7b60686d163280e44fe4504be90053655c92212df1c43c,context_link
snap-339-003,Internet service provider,b4d5712aaa6e7e493a7b60686d163280e44fe4504be90053655c92212df1c43c,context_link
snap-339-004,Internet service provider,b4d5712aaa6e7e493a7b60686d163280e44fe4504be90053655c92212df1c43c,context_link
snap-340-000,Investment Advisers Act of 1940,a1fd2a81b0090bec2978862fdfb42b7f571423abc6819decc7e01143d670f03b,entity_card
snap-340-001,Investment Advisers Act of 1940,a1fd2a81b0090bec2978862fdfb42b7f571423abc6819decc7e01143d670f03b,context_link
snap-340-002,Investment Advisers Act of 1940,a1fd2a81b0090bec2978862fdfb42b7f571423abc6819decc7e01143d670f03b,context_link
snap-340-003,Investment Advisers Act of 1940,a1fd2a81b0090bec2978862fdfb42b7f571423abc6819decc7e01143d670f03b,context_link
snap-341-000,Investment Company Act of 1940,c3548261e27e45c68e74d8bc32c79a1d9a8bbcfcbb031823f9cdd5cce3ecbf02,entity_card
snap-341-001,Investment Company Act of 1940,c3548261e27e45c68e74d8bc32c79a1d9a8bbcfcbb031823f9cdd5cce3ecbf02,context_link
snap-341-002,Investment Company Act of 1940,c3548261e27e45c68e74d8bc32c79a1d9a8bbcfcbb031823f9cdd5cce3ecbf02,context_link
snap-341-003,Investment Company Act of 1940,c3548261e27e45c68e74d8bc32c79a1d9a8bbcfcbb031823f9cdd5cce3ecbf02,context_link
snap-341-004,Investment Company Act of 1940,c3548261e27e45c68e74d8bc32c79a1d9a8bbcfcbb031823f9cdd5cce3ecbf02,context_link
snap-341-005,Investment Company Act of 1940,c3548261e27e45c68e74d8bc32c79a1d9a8bbcfcbb031823f9cdd5cce3ecbf02,context_link
snap-341-006,Investment Company Act of 1940,c3548261e27e45c68e74d8bc32c79a1d9a8bbcfcbb031823f9cdd5cce3ecbf02,context_link
snap-341-007,Investment Company Act of 1940,c3548261e27e45c68e74d8bc32c79a1d9a8bbcfcbb031823f9cdd5cce3ecbf02,context_link
snap-341-008,Investment Company Act of 1940,c3548261e27e45c68e74d8bc32c79a1d9a8bbcfcbb031823f9cdd5cce3ecbf02,context_link
snap-341-009,Investment Company Act of 1940,c3548261e27e45c68e74d8bc32c79a1d9a8bbcfcbb031823f9cdd5cce3ecbf02,context_link
snap-342-000,J. B. Straubel,6c7656e68299098a0fdc74eb5559a94fc8a17322cb4f2551f7761745ea4f8739,entity_card
snap-342-001,J. B. Straubel,6c7656e68299098a0fdc74eb5559a94fc8a17322cb4f2551f7761745ea4f8739,context_link
snap-342-002,J. B. Straubel,6c7656e68299098a0fdc74eb5559a94fc8a17322cb4f2551f7761745ea4f8739,context_link
snap-342-003,J. B. Straubel,6c7656e68299098a0fdc74eb5559a94fc8a17322cb4f2551f7761745ea4f8739,context_link
snap-342-004,J. B. Straubel,6c7656e68299098a0fdc74eb5559a94fc8a17322cb4f2551f7761745ea4f8739,context_link
snap-342-005,J. B. Straubel,6c7656e68299098a0fdc74eb5559a94fc8a17322cb4f2551f7761745ea4f8739,context_link
snap-342-006,J. B. Straubel,6c7656e68299098a0fdc74eb5559a94fc8a17322cb4f2551f7761745ea4f8739,context_link
snap-342-007,J. B. Straubel,6c7656e68299098a0fdc74eb5559a94fc8a17322cb4f2551f7761745ea4f8739,context_link
snap-342-008,J. B. Straubel,6c7656e68299098a0fdc74eb5559a94fc8a17322cb4f2551f7761745ea4f8739,context_link
snap-342-009,J. B. Straubel,6c7656e68299098a0fdc74eb5559a94fc8a17322cb4f2551f7761745ea4f8739,context_link
snap-342-010,J. B. Straubel,6c7656e68299098a0fdc74eb5559a94fc8a17322cb4f2551f7761745ea4f8739,context_link
snap-343-000,JD Edwards,ae6de8dda30e3bb1215bc517f049e45a4af32a76f4279b725a0d20194e566497,entity_card
snap-343-001,JD Edwards,ae6de8dda30e3bb1215bc517f049e45a4af32a76f4279b725a0d20194e566497,context_link
snap-343-002,JD Edwards,ae6de8dda30e3bb1215bc517f049e45a4af32a76f4279b725a0d20194e566497,context_link
snap-343-003,JD Edwards,ae6de8dda30e3bb1215bc517f049e45a4af32a76f4279b725a0d20194e566497,context_link
snap-343-004,JD Edwards,ae6de8dda30e3bb1215bc517f049e45a4af32a76f4279b725a0d20194e566497,context_link
snap-343-005,JD Edwards,ae6de8dda30e3bb1215bc517f049e45a4af32a76f4279b725a0d20194e566497,context_link
snap-343-006,JD Edwards,ae6de8dda30e3bb1215bc517f049e45a4af32a76f4279b725a0d20194e566497,context_link
snap-343-007,JD Edwards,ae6de8dda30e3bb1215bc517f049e45a4af32a76f4279b725a0d20194e566497,context_link
snap-344-000,Jack Dorsey,61d6c87d8c64be86e7b5a500b1c713eacf0535e654ee24040f35db6922bfa8d2,entity_card
snap-344-001,Jack Dorsey,61d6c87d8c64be86e7b5a500b1c713eacf0535e654ee24040f35db6922bfa8d2,context_link
snap-344-002,Jack Dorsey,61d6c87d8c64be86e7b5a500b1c713eacf0535e654ee24040f35db6922bfa8d2,context_link
snap-344-003,Jack Dorsey,61d6c87d8c64be86e7b5a500b1c713eacf0535e654ee24040f35db6922bfa8d2,context_link
snap-344-004,Jack Dorsey,61d6c87d8c64be86e7b5a500b1c713eacf0535e654ee24040f35db6922bfa8d2,context_link
snap-344-005,Jack Dorsey,61d6c87d8c64be86e7b5a500b1c713eacf0535e654ee24040f35db6922bfa8d2,context_link
snap-344-006,Jack Dorsey,61d6c87d8c64be86e7b5a500b1c713eacf0535e654ee24040f35db6922bfa8d2,context_link
snap-344-007,Jack Dorsey,61d6c87d8c64be86e7b5a500b1c713eacf0535e654ee24040f35db6922bfa8d2,context_link
snap-344-008,Jack Dorsey,61d6c87d8c64be86e7b5a500b1c713eacf0535e654ee24040f35db6922bfa8d2,context_link
snap-344-009,Jack Dorsey,61d6c87d8c64be86e7b5a500b1c713eacf0535e654ee24040f35db6922bfa8d2,context_link
snap-344-010,Jack Dorsey,61d6c87d8c64be86e7b5a500b1c713eacf0535e654ee24040f35db6922bfa8d2,context_link
snap-344-011,Jack Dorsey,61d6c87d8c64be86e7b5a500b1c713eacf0535e654ee24040f35db6922bfa8d2,context_link
snap-344-012,Jack Dorsey,61d6c87d8c64be86e7b5a500b1c713eacf0535e654ee24040f35db6922bfa8d2,context_link
snap-345-000,Jaguar Land Rover,951b0e6ccae24b3bff33f2427bb4299197e12bae7b3aabfbc2f6be1d43bd6ff1,entity_card
snap-345-001,Jaguar Land Rover,951b0e6ccae24b3bff33f2427bb4299197e12bae7b3aabfbc2f6be1d43bd6ff1,context_link
snap-345-002,Jaguar Land Rover,951b0e6ccae24b3bff33f2427bb4299197e12bae7b3aabfbc2f6be1d43bd6ff1,context_link
snap-345-003,Jaguar Land Rover,951b0e6ccae24b3bff33f2427bb4299197e12bae7b3aabfbc2f6be1d43bd6ff1,context_link
snap-345-004,Jaguar Land Rover,951b0e6ccae24b3bff33f2427bb4299197e12bae7b3aabfbc2f6be1d43bd6ff1,context_link
snap-345-005,Jaguar Land Rover,951b0e6ccae24b3bff33f2427bb4299197e12bae7b3aabfbc2f6be1d43bd6ff1,context_link
snap-345-006,Jaguar Land Rover,951b0e6ccae24b3bff33f2427bb4299197e12bae7b3aabfbc2f6be1d43bd6ff1,context_link
snap-345-007,Jaguar Land Rover,951b0e6ccae24b3bff33f2427bb4299197e12bae7b3aabfbc2f6be1d43bd6ff1,context_link
snap-345-008,Jaguar Land Rover,951b0e6ccae24b3bff33f2427bb4299197e12bae7b3aabfbc2f6be1d43bd6ff1,context_link
snap-345-009,Jaguar Land Rover,951b0e6ccae24b3bff33f2427bb4299197e12bae7b3aabfbc2f6be1d43bd6ff1,context_link
snap-346-000,James Bond,2985171a906e67a969eee76318f14a79278d7327b4c9142dbff3900e2bd11fc3,entity_card
snap-346-001,James Bond,2985171a906e67a969eee76318f14a79278d7327b4c9142dbff3900e2bd11fc3,context_link
snap-347-000,James E. Webb,ff4cca13e69799babd6dc9dc8e7343a399ee68c3e466ac1e0a834769613ba6b9,entity_card
snap-347-001,James E. Webb,ff4cca13e69799babd6dc9dc8e7343a399ee68c3e466ac1e0a834769613ba6b9,context_link
snap-347-002,James E. Webb,ff4cca13e69799babd6dc9dc8e7343a399ee68c3e466ac1e0a834769613ba6b9,context_link
snap-347-003,James E. Webb,ff4cca13e69799babd6dc9dc8e7343a399ee68c3e466ac1e0a834769613ba6b9,context_link
snap-347-004,James E. Webb,ff4cca13e69799babd6dc9dc8e7343a399ee68c3e466ac1e0a834769613ba6b9,context_link
snap-348-000,James Webb Space Telescope,d27d1752b70458d72fa72a1fde7f39a4211fc11eef09ed47a15ba96a29568ee4,entity_card
snap-348-001,James Webb Space Telescope,d27d1752b70458d72fa72a1fde7f39a4211fc11eef09ed47a15ba96a29568ee4,context_link
snap-348-002,James Webb Space Telescope,d27d1752b70458d72fa72a1fde7f39a4211fc11eef09ed47a15ba96a29568ee4,context_link
snap-348-003,James Webb Space Telescope,d27d1752b70458d72fa72a1fde7f39a4211fc11eef09ed47a15ba96a29568ee4,context_link
snap-349-000,January,92764e88a4543054601c6817e7758a3c43032eef52b2c367af73767ed365babd,entity_card
snap-349-001,January,92764e88a4543054601c6817e7758a3c43032eef52b2c367af73767ed365babd,context_link
snap-349-002,January,92764e88a4543054601c6817e7758a3c43032eef52b2c367af73767ed365babd,context_link
snap-349-003,January,92764e88a4543054601c6817e7758a3c43032eef52b2c367af73767ed365babd,context_link
snap-349-004,January,92764e88a4543054601c6817e7758a3c43032eef52b2c367af73767ed365babd,context_link
snap-349-005,January,92764e88a4543054601c6817e7758a3c43032eef52b2c367af73767ed365babd,context_link
snap-349-006,January,92764e88a4543054601c6817e7758a3c43032eef52b2c367af73767ed365babd,context_link
snap-350-000,Japan,f7ad494072c18a5064ba17f4315945c2b837983ea6c37f2b762f36f8e1d5eab0,entity_card
snap-350-001,Japan,f7ad494072c18a5064ba17f4315945c2b837983ea6c37f2b762f36f8e1d5eab0,context_link
snap-350-002,Japan,f7ad494072c18a5064ba17f4315945c2b837983ea6c37f2b762f36f8e1d5eab0,context_link
snap-351-000,Jean-Baptiste Say,6192c796e4b635d8ca799c27f036f509815f921869c6d14cc5cc6c72ba05bd8c,entity_card
snap-351-001,Jean-Baptiste Say,6192c796e4b635d8ca799c27f036f509815f921869c6d14cc5cc6c72ba05bd8c,context_link
snap-351-002,Jean-Baptiste Say,6192c796e4b635d8ca799c27f036f509815f921869c6d14cc5cc6c72ba05bd8c,context_link
snap-351-003,Jean-Baptiste Say,6192c796e4b635d8ca799c27f036f509815f921869c6d14cc5cc6c72ba05bd8c,context_link
snap-351-004,Jean-Baptiste Say,6192c796e4b635d8ca799c27f036f509815f921869c6d14cc5cc6c72ba05bd8c,context_link
snap-351-005,Jean-Baptiste Say,6192c796e4b635d8ca799c27f036f509815f921869c6d14cc5cc6c72ba05bd8c,context_link
snap-352-000,Jeff Bezos,6879f50f1b2ee20f10e9e5d5dc2c853624a1f4b1f20649b220520dffe39749a6,entity_card
snap-352-001,Jeff Bezos,6879f50f1b2ee20f10e9e5d5dc2c853624a1f4b1f20649b220520dffe39749a6,context_link
snap-352-002,Jeff Bezos,6879f50f1b2ee20f10e9e5d5dc2c853624a1f4b1f20649b220520dffe39749a6,context_link
snap-352-003,Jeff Bezos,6879f50f1b2ee20f10e9e5d5dc2c853624a1f4b1f20649b220520dffe39749a6,context_link
snap-352-004,Jeff Bezos,6879f50f1b2ee20f10e9e5d5dc2c853624a1f4b1f20649b220520dffe39749a6,context_link
snap-352-005,Jeff Bezos,6879f50f1b2ee20f10e9e5d5dc2c853624a1f4b1f20649b220520dffe39749a6,context_link
snap-352-006,Jeff Bezos,6879f50f1b2ee20f10e9e5d5dc2c853624a1f4b1f20649b220520dffe39749a6,context_link
snap-352-007,Jeff Bezos,6879f50f1b2ee20f10e9e5d5dc2c853624a1f4b1f20649b220520dffe39749a6,context_link
snap-352-008,Jeff Bezos,6879f50f1b2ee20f10e9e5d5dc2c853624a1f4b1f20649b220520dffe39749a6,context_link
snap-352-009,Jeff Bezos,6879f50f1b2ee20f10e9e5d5dc2c853624a1f4b1f20649b220520dffe39749a6,context_link
snap-352-010,Jeff Bezos,6879f50f1b2ee20f10e9e5d5dc2c853624a1f4b1f20649b220520dffe39749a6,context_link
snap-352-011,Jeff Bezos,6879f50f1b2ee20f10e9e5d5dc2c853624a1f4b1f20649b220520dffe39749a6,context_link
snap-352-012,Jeff Bezos,6879f50f1b2ee20f10e9e5d5dc2c853624a1f4b1f20649b220520dffe39749a6,context_link
snap-352-013,Jeff Bezos,6879f50f1b2ee20f10e9e5d5dc2c853624a1f4b1f20649b220520dffe39749a6,context_link
snap-352-014,Jeff Bezos,6879f50f1b2ee20f10e9e5d5dc2c853624a1f4b1f20649b220520dffe39749a6,context_link
snap-352-015,Jeff Bezos,6879f50f1b2ee20f10e9e5d5dc2c853624a1f4b1f20649b220520dffe39749a6,context_link
snap-352-016,Jeff Bezos,6879f50f1b2ee20f10e9e5d5dc2c853624a1f4b1f20649b220520dffe39749a6,context_link
snap-353-000,"Jersey City, New Jersey",7221bfec4e6a1d479ffdbd598a19ac1f342bcdcb1b6cec2d866e5f17f5647e56,entity_card
snap-353-001,"Jersey City, New Jersey",7221bfec4e6a1d479ffdbd598a19ac1f342bcdcb1b6cec2d866e5f17f5647e56,context_link
snap-353-002,"Jersey City, New Jersey",7221bfec4e6a1d479ffdbd598a19ac1f342bcdcb1b6cec2d866e5f17f5647e56,context_link
snap-353-003,"Jersey City, New Jersey",7221bfec4e6a1d479ffdbd598a19ac1f342bcdcb1b6cec2d866e5f17f5647e56,context_link
snap-353-004,"Jersey City, New Jersey",7221bfec4e6a1d479ffdbd598a19ac1f342bcdcb1b6cec2d866e5f17f5647e56,context_link
snap-353-005,"Jersey City, New Jersey",7221bfec4e6a1d479ffdbd598a19ac1f342bcdcb1b6cec2d866e5f17f5647e56,context_link
snap-354-000,Jim Cantrell,ab4f316fbc4ddd3ad315f31bd519f58db802dab1a820faa69eba9a7ac0109b6a,entity_card
snap-354-001,Jim Cantrell,ab4f316fbc4ddd3ad315f31bd519f58db802dab1a820faa69eba9a7ac0109b6a,context_link
snap-354-002,Jim Cantrell,ab4f316fbc4ddd3ad315f31bd519f58db802dab1a820faa69eba9a7ac0109b6a,context_link
snap-354-003,Jim Cantrell,ab4f316fbc4ddd3ad315f31bd519f58db802dab1a820faa69eba9a7ac0109b6a,context_link
snap-354-004,Jim Cantrell,ab4f316fbc4ddd3ad315f31bd519f58db802dab1a820faa69eba9a7ac0109b6a,context_link
snap-354-005,Jim Cantrell,ab4f316fbc4ddd3ad315f31bd519f58db802dab1a820faa69eba9a7ac0109b6a,context_link
snap-354-006,Jim Cantrell,ab4f316fbc4ddd3ad315f31bd519f58db802dab1a820faa69eba9a7ac0109b6a,context_link
snap-354-007,Jim Cantrell,ab4f316fbc4ddd3ad315f31bd519f58db802dab1a820faa69eba9a7ac0109b6a,context_link
snap-354-008,Jim Cantrell,ab4f316fbc4ddd3ad315f31bd519f58db802dab1a820faa69eba9a7ac0109b6a,context_link
snap-354-009,Jim Cantrell,ab4f316fbc4ddd3ad315f31bd519f58db802dab1a820faa69eba9a7ac0109b6a,context_link
snap-354-010,Jim Cantrell,ab4f316fbc4ddd3ad315f31bd519f58db802dab1a820faa69eba9a7ac0109b6a,context_link
snap-354-011,Jim Cantrell,ab4f316fbc4ddd3ad315f31bd519f58db802dab1a820faa69eba9a7ac0109b6a,context_link
snap-354-012,Jim Cantrell,ab4f316fbc4ddd3ad315f31bd519f58db802dab1a820faa69eba9a7ac0109b6a,context_link
snap-355-000,John D. Rockefeller,bb11e2ddadcbd0c41fb6d55edd093bc64e5b604842017828c16b0037d3d3d7e5,entity_card
snap-355-001,John D. Rockefeller,bb11e2ddadcbd0c41fb6d55edd093bc64e5b604842017828c16b0037d3d3d7e5,context_link
snap-355-002,John D. Rockefeller,bb11e2ddadcbd0c41fb6d55edd093bc64e5b604842017828c16b0037d3d3d7e5,context_link
snap-355-003,John D. Rockefeller,bb11e2ddadcbd0c41fb6d55edd093bc64e5b604842017828c16b0037d3d3d7e5,context_link
snap-355-004,John D. Rockefeller,bb11e2ddadcbd0c41fb6d55edd093bc64e5b604842017828c16b0037d3d3d7e5,context_link
snap-356-000,John F. Kennedy,c0c5e3864330b0aeb22ce6faca4c61e540682dd13940c1eae2064c860848717d,entity_card
snap-356-001,John F. Kennedy,c0c5e3864330b0aeb22ce6faca4c61e540682dd13940c1eae2064c860848717d,context_link
snap-356-002,John F. Kennedy,c0c5e3864330b0aeb22ce6faca4c61e540682dd13940c1eae2064c860848717d,context_link
snap-356-003,John F. Kennedy,c0c5e3864330b0aeb22ce6faca4c61e540682dd13940c1eae2064c860848717d,context_link
snap-356-004,John F. Kennedy,c0c5e3864330b0aeb22ce6faca4c61e540682dd13940c1eae2064c860848717d,context_link
snap-356-005,John F. Kennedy,c0c5e3864330b0aeb22ce6faca4c61e540682dd13940c1eae2064c860848717d,context_link
snap-356-006,John F. Kennedy,c0c5e3864330b0aeb22ce6faca4c61e540682dd13940c1eae2064c860848717d,context_link
snap-356-007,John F. Kennedy,c0c5e3864330b0aeb22ce6faca4c61e540682dd13940c1eae2064c860848717d,context_link
snap-356-008,John F. Kennedy,c0c5e3864330b0aeb22ce6faca4c61e540682dd13940c1eae2064c860848717d,context_link
snap-356-009,John F. Kennedy,c0c5e3864330b0aeb22ce6faca4c61e540682dd13940c1eae2064c860848717d,context_link
snap-357-000,John Glenn,adf36ae35d2f103fb0853a8aafc9f55713a613787ee15f5d87d07bb948a22acb,entity_card
snap-357-001,John Glenn,adf36ae35d2f103fb0853a8aafc9f55713a613787ee15f5d87d07bb948a22acb,context_link
snap-357-002,John Glenn,adf36ae35d2f103fb0853a8aafc9f55713a613787ee15f5d87d07bb948a22acb,context_link
snap-357-003,John Glenn,adf36ae35d2f103fb0853a8aafc9f55713a613787ee15f5d87d07bb948a22acb,context_link
snap-357-004,John Glenn,adf36ae35d2f103fb0853a8aafc9f55713a613787ee15f5d87d07bb948a22acb,context_link
snap-357-005,John Glenn,adf36ae35d2f103fb0853a8aafc9f55713a613787ee15f5d87d07bb948a22acb,context_link
snap-357-006,John Glenn,adf36ae35d2f103fb0853a8aafc9f55713a613787ee15f5d87d07bb948a22acb,context_link
snap-357-007,John Glenn,adf36ae35d2f103fb0853a8aafc9f55713a613787ee15f5d87d07bb948a22acb,context_link
snap-357-008,John Glenn,adf36ae35d2f103fb0853a8aafc9f55713a613787ee15f5d87d07bb948a22acb,context_link
snap-357-009,John Glenn,adf36ae35d2f103fb0853a8aafc9f55713a613787ee15f5d87d07bb948a22acb,context_link
snap-357-010,John Glenn,adf36ae35d2f103fb0853a8aafc9f55713a613787ee15f5d87d07bb948a22acb,context_link
snap-357-011,John Glenn,adf36ae35d2f103fb0853a8aafc9f55713a613787ee15f5d87d07bb948a22acb,context_link
snap-357-012,John Glenn,adf36ae35d2f103fb0853a8aafc9f55713a613787ee15f5d87d07bb948a22acb,context_link
snap-357-013,John Glenn,adf36ae35d2f103fb0853a8aafc9f55713a613787ee15f5d87d07bb948a22acb,context_link
snap-357-014,John Glenn,adf36ae35d2f103fb0853a8aafc9f55713a613787ee15f5d87d07bb948a22acb,context_link
snap-358-000,John Law's Company,fb8cb31c1c38ef420b1763686485a691de3c0af560674bf89375692573db130b,entity_card
snap-358-001,John Law's Company,fb8cb31c1c38ef420b1763686485a691de3c0af560674bf89375692573db130b,context_link
snap-358-002,John Law's Company,fb8cb31c1c38ef420b1763686485a691de3c0af560674bf89375692573db130b,context_link
snap-358-003,John Law's Company,fb8cb31c1c38ef420b1763686485a691de3c0af560674bf89375692573db130b,context_link
snap-358-004,John Law's Company,fb8cb31c1c38ef420b1763686485a691de3c0af560674bf89375692573db130b,context_link
snap-358-005,John Law's Company,fb8cb31c1c38ef420b1763686485a691de3c0af560674bf89375692573db130b,context_link
snap-358-006,John Law's Company,fb8cb31c1c38ef420b1763686485a691de3c0af560674bf89375692573db130b,context_link
snap-359-000,John Micklethwait,fea133f29f97808a0a0d4d3947745c366ad95242b32e4174ef3d49ebf9a6ecf6,entity_card
snap-359-001,John Micklethwait,fea133f29f97808a0a0d4d3947745c366ad95242b32e4174ef3d49ebf9a6ecf6,context_link
snap-359-002,John Micklethwait,fea133f29f97808a0a0d4d3947745c366ad95242b32e4174ef3d49ebf9a6ecf6,context_link
snap-359-003,John Micklethwait,fea133f29f97808a0a0d4d3947745c366ad95242b32e4174ef3d49ebf9a6ecf6,context_link
snap-359-004,John Micklethwait,fea133f29f97808a0a0d4d3947745c366ad95242b32e4174ef3d49ebf9a6ecf6,context_link
snap-359-005,John Micklethwait,fea133f29f97808a0a0d4d3947745c366ad95242b32e4174ef3d49ebf9a6ecf6,context_link
snap-359-006,John Micklethwait,fea133f29f97808a0a0d4d3947745c366ad95242b32e4174ef3d49ebf9a6ecf6,context_link
snap-359-007,John Micklethwait,fea133f29f97808a0a0d4d3947745c366ad95242b32e4174ef3d49ebf9a6ecf6,context_link
snap-359-008,John Micklethwait,fea133f29f97808a0a0d4d3947745c366ad95242b32e4174ef3d49ebf9a6ecf6,context_link
snap-359-009,John Micklethwait,fea133f29f97808a0a0d4d3947745c366ad95242b32e4174ef3d49ebf9a6ecf6,context_link
snap-359-010,John Micklethwait,fea133f29f97808a0a0d4d3947745c366ad95242b32e4174ef3d49ebf9a6ecf6,context_link
snap-359-011,John Micklethwait,fea133f29f97808a0a0d4d3947745c366ad95242b32e4174ef3d49ebf9a6ecf6,context_link
snap-359-012,John Micklethwait,fea133f29f97808a0a0d4d3947745c366ad95242b32e4174ef3d49ebf9a6ecf6,context_link
snap-359-013,John Micklethwait,fea133f29f97808a0a0d4d3947745c366ad95242b32e4174ef3d49ebf9a6ecf6,context_link
snap-360-000,Johns Hopkins,20664e21b013893c5fd3fe1ccaf10403166793481deb4aa9b8bb3ed21f986a86,entity_card
snap-360-001,Johns Hopkins,20664e21b013893c5fd3fe1ccaf10403166793481deb4aa9b8bb3ed21f986a86,context_link
snap-360-002,Johns Hopkins,20664e21b013893c5fd3fe1ccaf10403166793481deb4aa9b8bb3ed21f986a86,context_link
snap-360-003,Johns Hopkins,20664e21b013893c5fd3fe1ccaf10403166793481deb4aa9b8bb3ed21f986a86,context_link
snap-361-000,Johns Hopkins University,ead0b766c4ab6db6d70a6f07e504892487b4aef099879e0400a25719ff9c7fce,entity_card
snap-361-001,Johns Hopkins University,ead0b766c4ab6db6d70a6f07e504892487b4aef099879e0400a25719ff9c7fce,context_link
snap-361-002,Johns Hopkins University,ead0b766c4ab6db6d70a6f07e504892487b4aef099879e0400a25719ff9c7fce,context_link
snap-361-003,Johns Hopkins University,ead0b766c4ab6db6d70a6f07e504892487b4aef099879e0400a25719ff9c7fce,context_link
snap-361-004,Johns Hopkins University,ead0b766c4ab6db6d70a6f07e504892487b4aef099879e0400a25719ff9c7fce,context_link
snap-361-005,Johns Hopkins University,ead0b766c4ab6db6d70a6f07e504892487b4aef099879e0400a25719ff9c7fce,context_link
snap-362-000,Johnson Space Center,deb567a79e0ca4618dd758476cbe1447196d063b59f6cbd44fd55c0d0011f88a,entity_card
snap-362-001,Johnson Space Center,deb567a79e0ca4618dd758476cbe1447196d063b59f6cbd44fd55c0d0011f88a,context_link
snap-362-002,Johnson Space Center,deb567a79e0ca4618dd758476cbe1447196d063b59f6cbd44fd55c0d0011f88a,context_link
snap-362-003,Johnson Space Center,deb567a79e0ca4618dd758476cbe1447196d063b59f6cbd44fd55c0d0011f88a,context_link
snap-362-004,Johnson Space Center,deb567a79e0ca4618dd758476cbe1447196d063b59f6cbd44fd55c0d0011f88a,context_link
snap-362-005,Johnson Space Center,deb567a79e0ca4618dd758476cbe1447196d063b59f6cbd44fd55c0d0011f88a,context_link
snap-362-006,Johnson Space Center,deb567a79e0ca4618dd758476cbe1447196d063b59f6cbd44fd55c0d0011f88a,context_link
snap-362-007,Johnson Space Center,deb567a79e0ca4618dd758476cbe1447196d063b59f6cbd44fd55c0d0011f88a,context_link
snap-362-008,Johnson Space Center,deb567a79e0ca4618dd758476cbe1447196d063b59f6cbd44fd55c0d0011f88a,context_link
snap-362-009,Johnson Space Center,deb567a79e0ca4618dd758476cbe1447196d063b59f6cbd44fd55c0d0011f88a,context_link
snap-362-010,Johnson Space Center,deb567a79e0ca4618dd758476cbe1447196d063b59f6cbd44fd55c0d0011f88a,context_link
snap-362-011,Johnson Space Center,deb567a79e0ca4618dd758476cbe1447196d063b59f6cbd44fd55c0d0011f88a,context_link
snap-362-012,Johnson Space Center,deb567a79e0ca4618dd758476cbe1447196d063b59f6cbd44fd55c0d0011f88a,context_link
snap-362-013,Johnson Space Center,deb567a79e0ca4618dd758476cbe1447196d063b59f6cbd44fd55c0d0011f88a,context_link
snap-362-014,Johnson Space Center,deb567a79e0ca4618dd758476cbe1447196d063b59f6cbd44fd55c0d0011f88a,context_link
snap-363-000,Joseph Schumpeter,2c10af76a1038b5d7aa9907afd08c0cc6f060b99f9131a78b8debfbd2e773363,entity_card
snap-363-001,Joseph Schumpeter,2c10af76a1038b5d7aa9907afd08c0cc6f060b99f9131a78b8debfbd2e773363,relation_claim
snap-363-002,Joseph Schumpeter,2c10af76a1038b5d7aa9907afd08c0cc6f060b99f9131a78b8debfbd2e773363,relation_claim
snap-363-003,Joseph Schumpeter,2c10af76a1038b5d7aa9907afd08c0cc6f060b99f9131a78b8debfbd2e773363,relation_claim
snap-363-004,Joseph Schumpeter,2c10af76a1038b5d7aa9907afd08c0cc6f060b99f9131a78b8debfbd2e773363,relation_claim
snap-363-005,Joseph Schumpeter,2c10af76a1038b5d7aa9907afd08c0cc6f060b99f9131a78b8debfbd2e773363,relation_claim
snap-363-006,Joseph Schumpeter,2c10af76a1038b5d7aa9907afd08c0cc6f060b99f9131a78b8debfbd2e773363,context_link
snap-363-007,Joseph Schumpeter,2c10af76a1038b5d7aa9907afd08c0cc6f060b99f9131a78b8debfbd2e773363,context_link
snap-363-008,Joseph Schumpeter,2c10af76a1038b5d7aa9907afd08c0cc6f060b99f9131a78b8debfbd2e773363,context_link
snap-363-009,Joseph Schumpeter,2c10af76a1038b5d7aa9907afd08c0cc6f060b99f9131a78b8debfbd2e773363,context_link
snap-363-010,Joseph Schumpeter,2c10af76a1038b5d7aa9907afd08c0cc6f060b99f9131a78b8debfbd2e773363,context_link
snap-363-011,Joseph Schumpeter,2c10af76a1038b5d7aa9907afd08c0cc6f060b99f9131a78b8debfbd2e773363,context_link
snap-363-012,Joseph Schumpeter,2c10af76a1038b5d7aa9907afd08c0cc6f060b99f9131a78b8debfbd2e773363,context_link
snap-363-013,Joseph Schumpeter,2c10af76a1038b5d7aa9907afd08c0cc6f060b99f9131a78b8debfbd2e773363,context_link
snap-363-014,Joseph Schumpeter,2c10af76a1038b5d7aa9907afd08c0cc6f060b99f9131a78b8debfbd2e773363,context_link
snap-363-015,Joseph Schumpeter,2c10af76a1038b5d7aa9907afd08c0cc6f060b99f9131a78b8debfbd2e773363,context_link
snap-363-016,Joseph Schumpeter,2c10af76a1038b5d7aa9907afd08c0cc6f060b99f9131a78b8debfbd2e773363,context_link
snap-363-017,Joseph Schumpeter,2c10af76a1038b5d7aa9907afd08c0cc6f060b99f9131a78b8debfbd2e773363,context_link
snap-364-000,Journalism,ef0cbe1467370eef85c38ae5ca3ed79e11bbf8377bea32841ce493462a222d67,entity_card
snap-364-001,Journalism,ef0cbe1467370eef85c38ae5ca3ed79e11bbf8377bea32841ce493462a222d67,context_link
snap-364-002,Journalism,ef0cbe1467370eef85c38ae5ca3ed79e11bbf8377bea32841ce493462a222d67,context_link
snap-364-003,Journalism,ef0cbe1467370eef85c38ae5ca3ed79e11bbf8377bea32841ce493462a222d67,context_link
snap-365-000,July,1e239595a1c8b89ff597866dd826e40d559810369a669294fec1d6a08211306b,entity_card
snap-365-001,July,1e239595a1c8b89ff597866dd826e40d559810369a669294fec1d6a08211306b,definition_claim
snap-365-002,July,1e239595a1c8b89ff597866dd826e40d559810369a669294fec1d6a08211306b,context_link
snap-365-003,July,1e239595a1c8b89ff597866dd826e40d559810369a669294fec1d6a08211306b,context_link
snap-365-004,July,1e239595a1c8b89ff597866dd826e40d559810369a669294fec1d6a08211306b,context_link
snap-365-005,July,1e239595a1c8b89ff597866dd826e40d559810369a669294fec1d6a08211306b,context_link
snap-365-006,July,1e239595a1c8b89ff597866dd826e40d559810369a669294fec1d6a08211306b,context_link
snap-365-007,July,1e239595a1c8b89ff597866dd826e40d559810369a669294fec1d6a08211306b,context_link
snap-365-008,July,1e239595a1c8b89ff597866dd826e40d559810369a669294fec1d6a08211306b,context_link
snap-366-000,June,0737acd7925478e433fb7eff2e862a79e9d2d339b1b139a20c95b51dfd4eea84,entity_card
snap-366-001,June,0737acd7925478e433fb7eff2e862a79e9d2d339b1b139a20c95b51dfd4eea84,definition_claim
snap-366-002,June,0737acd7925478e433fb7eff2e862a79e9d2d339b1b139a20c95b51dfd4eea84,context_link
snap-366-003,June,0737acd7925478e433fb7eff2e862a79e9d2d339b1b139a20c95b51dfd4eea84,context_link
snap-366-004,June,0737acd7925478e433fb7eff2e862a79e9d2d339b1b139a20c95b51dfd4eea84,context_link
snap-366-005,June,0737acd7925478e433fb7eff2e862a79e9d2d339b1b139a20c95b51dfd4eea84,context_link
snap-366-006,June,0737acd7925478e433fb7eff2e862a79e9d2d339b1b139a20c95b51dfd4eea84,context_link
snap-366-007,June,0737acd7925478e433fb7eff2e862a79e9d2d339b1b139a20c95b51dfd4eea84,context_link
snap-366-008,June,0737acd7925478e433fb7eff2e862a79e9d2d339b1b139a20c95b51dfd4eea84,context_link
snap-366-009,June,0737acd7925478e433fb7eff2e862a79e9d2d339b1b139a20c95b51dfd4eea84,context_link
snap-366-010,June,0737acd7925478e433fb7eff2e862a79e9d2d339b1b139a20c95b51dfd4eea84,context_link
snap-366-011,June,0737acd7925478e433fb7eff2e862a79e9d2d339b1b139a20c95b51dfd4eea84,context_link
snap-367-000,Kamen Rider,79180f9ef9aba035acbf01810b29cc67bf027718704aaa1c49ea0f4b46f86756,entity_card
snap-367-001,Kamen Rider,79180f9ef9aba035acbf01810b29cc67bf027718704aaa1c49ea0f4b46f86756,context_link
snap-367-002,Kamen Rider,79180f9ef9aba035acbf01810b29cc67bf027718704aaa1c49ea0f4b46f86756,context_link
snap-368-000,Kamen Rider Amazon,be2f0a5bb43216eef29d0febfa70f0a0dda4adabb017f214249a2d4e0971bcb6,entity_card
snap-368-001,Kamen Rider Amazon,be2f0a5bb43216eef29d0febfa70f0a0dda4adabb017f214249a2d4e0971bcb6,context_link
snap-368-002,Kamen Rider Amazon,be2f0a5bb43216eef29d0febfa70f0a0dda4adabb017f214249a2d4e0971bcb6,context_link
snap-368-003,Kamen Rider Amazon,be2f0a5bb43216eef29d0febfa70f0a0dda4adabb017f214249a2d4e0971bcb6,context_link
snap-369-000,Kawasaki Aerospace Systems Company,af7166cd50ed7c96d42ca2a2014a89a123a5d35764047b88fc501a595c948126,entity_card
snap-369-001,Kawasaki Aerospace Systems Company,af7166cd50ed7c96d42ca2a2014a89a123a5d35764047b88fc501a595c948126,context_link
snap-369-002,Kawasaki Aerospace Systems Company,af7166cd50ed7c96d42ca2a2014a89a123a5d35764047b88fc501a595c948126,context_link
snap-369-003,Kawasaki Aerospace Systems Company,af7166cd50ed7c96d42ca2a2014a89a123a5d35764047b88fc501a595c948126,context_link
snap-369-004,Kawasaki Aerospace Systems Company,af7166cd50ed7c96d42ca2a2014a89a123a5d35764047b88fc501a595c948126,context_link
snap-369-005,Kawasaki Aerospace Systems Company,af7166cd50ed7c96d42ca2a2014a89a123a5d35764047b88fc501a595c948126,context_link
snap-369-006,Kawasaki Aerospace Systems Company,af7166cd50ed7c96d42ca2a2014a89a123a5d35764047b88fc501a595c948126,context_link
snap-369-007,Kawasaki Aerospace Systems Company,af7166cd50ed7c96d42ca2a2014a89a123a5d35764047b88fc501a595c948126,context_link
snap-369-008,Kawasaki Aerospace Systems Company,af7166cd50ed7c96d42ca2a2014a89a123a5d35764047b88fc501a595c948126,context_link
snap-370-000,Kennedy Space Center,7edd341e7ca7c98975fa20bf9f89983f0e3af6c922c850502c8c2669ac934568,entity_card
snap-370-001,Kennedy Space Center,7edd341e7ca7c98975fa20bf9f89983f0e3af6c922c850502c8c2669ac934568,context_link
snap-370-002,Kennedy Space Center,7edd341e7ca7c98975fa20bf9f89983f0e3af6c922c850502c8c2669ac934568,context_link
snap-370-003,Kennedy Space Center,7edd341e7ca7c98975fa20bf9f89983f0e3af6c922c850502c8c2669ac934568,context_link
snap-370-004,Kennedy Space Center,7edd341e7ca7c98975fa20bf9f89983f0e3af6c922c850502c8c2669ac934568,context_link
snap-370-005,Kennedy Space Center,7edd341e7ca7c98975fa20bf9f89983f0e3af6c922c850502c8c2669ac934568,context_link
snap-370-006,Kennedy Space Center,7edd341e7ca7c98975fa20bf9f89983f0e3af6c922c850502c8c2669ac934568,context_link
snap-370-007,Kennedy Space Center,7edd341e7ca7c98975fa20bf9f89983f0e3af6c922c850502c8c2669ac934568,context_link
snap-370-008,Kennedy Space Center,7edd341e7ca7c98975fa20bf9f89983f0e3af6c922c850502c8c2669ac934568,context_link
snap-370-009,Kennedy Space Center,7edd341e7ca7c98975fa20bf9f89983f0e3af6c922c850502c8c2669ac934568,context_link
snap-370-010,Kennedy Space Center,7edd341e7ca7c98975fa20bf9f89983f0e3af6c922c850502c8c2669ac934568,context_link
snap-370-011,Kennedy Space Center,7edd341e7ca7c98975fa20bf9f89983f0e3af6c922c850502c8c2669ac934568,context_link
snap-370-012,Kennedy Space Center,7edd341e7ca7c98975fa20bf9f89983f0e3af6c922c850502c8c2669ac934568,context_link
snap-370-013,Kennedy Space Center,7edd341e7ca7c98975fa20bf9f89983f0e3af6c922c850502c8c2669ac934568,context_link
snap-371-000,Kimbal Musk,fa79335dffad3261a128b49a5163427144b6c30e8bc124e0282b681832c14b11,entity_card
snap-371-001,Kimbal Musk,fa79335dffad3261a128b49a5163427144b6c30e8bc124e0282b681832c14b11,context_link
snap-371-002,Kimbal Musk,fa79335dffad3261a128b49a5163427144b6c30e8bc124e0282b681832c14b11,context_link
snap-371-003,Kimbal Musk,fa79335dffad3261a128b49a5163427144b6c30e8bc124e0282b681832c14b11,context_link
snap-371-004,Kimbal Musk,fa79335dffad3261a128b49a5163427144b6c30e8bc124e0282b681832c14b11,context_link
snap-371-005,Kimbal Musk,fa79335dffad3261a128b49a5163427144b6c30e8bc124e0282b681832c14b11,context_link
snap-371-006,Kimbal Musk,fa79335dffad3261a128b49a5163427144b6c30e8bc124e0282b681832c14b11,context_link
snap-371-007,Kimbal Musk,fa79335dffad3261a128b49a5163427144b6c30e8bc124e0282b681832c14b11,context_link
snap-371-008,Kimbal Musk,fa79335dffad3261a128b49a5163427144b6c30e8bc124e0282b681832c14b11,context_link
snap-371-009,Kimbal Musk,fa79335dffad3261a128b49a5163427144b6c30e8bc124e0282b681832c14b11,context_link
snap-371-010,Kimbal Musk,fa79335dffad3261a128b49a5163427144b6c30e8bc124e0282b681832c14b11,context_link
snap-371-011,Kimbal Musk,fa79335dffad3261a128b49a5163427144b6c30e8bc124e0282b681832c14b11,context_link
snap-371-012,Kimbal Musk,fa79335dffad3261a128b49a5163427144b6c30e8bc124e0282b681832c14b11,context_link
snap-371-013,Kimbal Musk,fa79335dffad3261a128b49a5163427144b6c30e8bc124e0282b681832c14b11,context_link
snap-371-014,Kimbal Musk,fa79335dffad3261a128b49a5163427144b6c30e8bc124e0282b681832c14b11,context_link
snap-371-015,Kimbal Musk,fa79335dffad3261a128b49a5163427144b6c30e8bc124e0282b681832c14b11,context_link
snap-371-016,Kimbal Musk,fa79335dffad3261a128b49a5163427144b6c30e8bc124e0282b681832c14b11,context_link
snap-371-017,Kimbal Musk,fa79335dffad3261a128b49a5163427144b6c30e8bc124e0282b681832c14b11,context_link
snap-371-018,Kimbal Musk,fa79335dffad3261a128b49a5163427144b6c30e8bc124e0282b681832c14b11,context_link
snap-371-019,Kimbal Musk,fa79335dffad3261a128b49a5163427144b6c30e8bc124e0282b681832c14b11,context_link
snap-371-020,Kimbal Musk,fa79335dffad3261a128b49a5163427144b6c30e8bc124e0282b681832c14b11,context_link
snap-372-000,Korean War,e50f13e09409f1a5a8b782e02f89fa26fba1ab3bdcacf5d7b2b63478779b90c2,entity_card
snap-372-001,Korean War,e50f13e09409f1a5a8b782e02f89fa26fba1ab3bdcacf5d7b2b63478779b90c2,context_link
snap-372-002,Korean War,e50f13e09409f1a5a8b782e02f89fa26fba1ab3bdcacf5d7b2b63478779b90c2,context_link
snap-372-003,Korean War,e50f13e09409f1a5a8b782e02f89fa26fba1ab3bdcacf5d7b2b63478779b90c2,context_link
snap-372-004,Korean War,e50f13e09409f1a5a8b782e02f89fa26fba1ab3bdcacf5d7b2b63478779b90c2,context_link
snap-372-005,Korean War,e50f13e09409f1a5a8b782e02f89fa26fba1ab3bdcacf5d7b2b63478779b90c2,context_link
snap-372-006,Korean War,e50f13e09409f1a5a8b782e02f89fa26fba1ab3bdcacf5d7b2b63478779b90c2,context_link
snap-372-007,Korean War,e50f13e09409f1a5a8b782e02f89fa26fba1ab3bdcacf5d7b2b63478779b90c2,context_link
snap-372-008,Korean War,e50f13e09409f1a5a8b782e02f89fa26fba1ab3bdcacf5d7b2b63478779b90c2,context_link
snap-372-009,Korean War,e50f13e09409f1a5a8b782e02f89fa26fba1ab3bdcacf5d7b2b63478779b90c2,context_link
snap-372-010,Korean War,e50f13e09409f1a5a8b782e02f89fa26fba1ab3bdcacf5d7b2b63478779b90c2,context_link
snap-373-000,Kwajalein Atoll,b08de8123dc11dfe30c1e49f0d6a198fc68ca7f0dc60db275d25310493522a8c,entity_card
snap-373-001,Kwajalein Atoll,b08de8123dc11dfe30c1e49f0d6a198fc68ca7f0dc60db275d25310493522a8c,context_link
snap-373-002,Kwajalein Atoll,b08de8123dc11dfe30c1e49f0d6a198fc68ca7f0dc60db275d25310493522a8c,context_link
snap-373-003,Kwajalein Atoll,b08de8123dc11dfe30c1e49f0d6a198fc68ca7f0dc60db275d25310493522a8c,context_link
snap-374-000,LVMH,439822b29406d40d1015734cf01478cbb398eafacc7bc694539fd57b07875656,entity_card
snap-374-001,LVMH,439822b29406d40d1015734cf01478cbb398eafacc7bc694539fd57b07875656,context_link
snap-374-002,LVMH,439822b29406d40d1015734cf01478cbb398eafacc7bc694539fd57b07875656,context_link
snap-374-003,LVMH,439822b29406d40d1015734cf01478cbb398eafacc7bc694539fd57b07875656,context_link
snap-374-004,LVMH,439822b29406d40d1015734cf01478cbb398eafacc7bc694539fd57b07875656,context_link
snap-374-005,LVMH,439822b29406d40d1015734cf01478cbb398eafacc7bc694539fd57b07875656,context_link
snap-374-006,LVMH,439822b29406d40d1015734cf01478cbb398eafacc7bc694539fd57b07875656,context_link
snap-374-007,LVMH,439822b29406d40d1015734cf01478cbb398eafacc7bc694539fd57b07875656,context_link
snap-374-008,LVMH,439822b29406d40d1015734cf01478cbb398eafacc7bc694539fd57b07875656,context_link
snap-374-009,LVMH,439822b29406d40d1015734cf01478cbb398eafacc7bc694539fd57b07875656,context_link
snap-374-010,LVMH,439822b29406d40d1015734cf01478cbb398eafacc7bc694539fd57b07875656,context_link
snap-374-011,LVMH,439822b29406d40d1015734cf01478cbb398eafacc7bc694539fd57b07875656,context_link
snap-375-000,Land Rover,f2467551a8d27f8dca806f60739c8e713996092dc065c138957c377aea122769,entity_card
snap-375-001,Land Rover,f2467551a8d27f8dca806f60739c8e713996092dc065c138957c377aea122769,context_link
snap-375-002,Land Rover,f2467551a8d27f8dca806f60739c8e713996092dc065c138957c377aea122769,context_link
snap-375-003,Land Rover,f2467551a8d27f8dca806f60739c8e713996092dc065c138957c377aea122769,context_link
snap-375-004,Land Rover,f2467551a8d27f8dca806f60739c8e713996092dc065c138957c377aea122769,context_link
snap-375-005,Land Rover,f2467551a8d27f8dca806f60739c8e713996092dc065c138957c377aea122769,context_link
snap-375-006,Land Rover,f2467551a8d27f8dca806f60739c8e713996092dc065c138957c377aea122769,context_link
snap-375-007,Land Rover,f2467551a8d27f8dca806f60739c8e713996092dc065c138957c377aea122769,context_link
snap-375-008,Land Rover,f2467551a8d27f8dca806f60739c8e713996092dc065c138957c377aea122769,context_link
snap-376-000,Large language model,4e13a68a7b493f0a399e9221d82a79d4f9a0aabefd6ca1d08e67d0e17a6c61b0,entity_card
snap-376-001,Large language model,4e13a68a7b493f0a399e9221d82a79d4f9a0aabefd6ca1d08e67d0e17a6c61b0,context_link
snap-376-002,Large language model,4e13a68a7b493f0a399e9221d82a79d4f9a0aabefd6ca1d08e67d0e17a6c61b0,context_link
snap-376-003,Large language model,4e13a68a7b493f0a399e9221d82a79d4f9a0aabefd6ca1d08e67d0e17a6c61b0,context_link
snap-376-004,Large language model,4e13a68a7b493f0a399e9221d82a79d4f9a0aabefd6ca1d08e67d0e17a6c61b0,context_link
snap-376-005,Large language model,4e13a68a7b493f0a399e9221d82a79d4f9a0aabefd6ca1d08e67d0e17a6c61b0,context_link
snap-377-000,Larry Page,28e022dd15629fb8fdbd8af62a20aab6d9de8552d962f7d61e3419c80ea06da8,entity_card
snap-377-001,Larry Page,28e022dd15629fb8fdbd8af62a20aab6d9de8552d962f7d61e3419c80ea06da8,context_link
snap-377-002,Larry Page,28e022dd15629fb8fdbd8af62a20aab6d9de8552d962f7d61e3419c80ea06da8,context_link
snap-377-003,Larry Page,28e022dd15629fb8fdbd8af62a20aab6d9de8552d962f7d61e3419c80ea06da8,context_link
snap-377-004,Larry Page,28e022dd15629fb8fdbd8af62a20aab6d9de8552d962f7d61e3419c80ea06da8,context_link
snap-377-005,Larry Page,28e022dd15629fb8fdbd8af62a20aab6d9de8552d962f7d61e3419c80ea06da8,context_link
snap-377-006,Larry Page,28e022dd15629fb8fdbd8af62a20aab6d9de8552d962f7d61e3419c80ea06da8,context_link
snap-378-000,Las Vegas,98a1da137bef589adc946443945392f224e5a91142e6b1973bf549fa65bd9c8f,entity_card
snap-378-001,Las Vegas,98a1da137bef589adc946443945392f224e5a91142e6b1973bf549fa65bd9c8f,context_link
snap-378-002,Las Vegas,98a1da137bef589adc946443945392f224e5a91142e6b1973bf549fa65bd9c8f,context_link
snap-378-003,Las Vegas,98a1da137bef589adc946443945392f224e5a91142e6b1973bf549fa65bd9c8f,context_link
snap-379-000,Late Heavy Bombardment,6a435a950bb0ade9df670205ca37ed91e0ec308828c12b0803b2975a8a7dc369,entity_card
snap-379-001,Late Heavy Bombardment,6a435a950bb0ade9df670205ca37ed91e0ec308828c12b0803b2975a8a7dc369,context_link
snap-379-002,Late Heavy Bombardment,6a435a950bb0ade9df670205ca37ed91e0ec308828c12b0803b2975a8a7dc369,context_link
snap-379-003,Late Heavy Bombardment,6a435a950bb0ade9df670205ca37ed91e0ec308828c12b0803b2975a8a7dc369,context_link
snap-379-004,Late Heavy Bombardment,6a435a950bb0ade9df670205ca37ed91e0ec308828c12b0803b2975a8a7dc369,context_link
snap-380-000,Launch Control Center,057e5fd74c7031316cd2a7e539530b08fb5283d48fcdb2bbaffa892d7342154a,entity_card
snap-380-001,Launch Control Center,057e5fd74c7031316cd2a7e539530b08fb5283d48fcdb2bbaffa892d7342154a,context_link
snap-380-002,Launch Control Center,057e5fd74c7031316cd2a7e539530b08fb5283d48fcdb2bbaffa892d7342154a,context_link
snap-380-003,Launch Control Center,057e5fd74c7031316cd2a7e539530b08fb5283d48fcdb2bbaffa892d7342154a,context_link
snap-380-004,Launch Control Center,057e5fd74c7031316cd2a7e539530b08fb5283d48fcdb2bbaffa892d7342154a,context_link
snap-380-005,Launch Control Center,057e5fd74c7031316cd2a7e539530b08fb5283d48fcdb2bbaffa892d7342154a,context_link
snap-380-006,Launch Control Center,057e5fd74c7031316cd2a7e539530b08fb5283d48fcdb2bbaffa892d7342154a,context_link
snap-380-007,Launch Control Center,057e5fd74c7031316cd2a7e539530b08fb5283d48fcdb2bbaffa892d7342154a,context_link
snap-380-008,Launch Control Center,057e5fd74c7031316cd2a7e539530b08fb5283d48fcdb2bbaffa892d7342154a,context_link
snap-380-009,Launch Control Center,057e5fd74c7031316cd2a7e539530b08fb5283d48fcdb2bbaffa892d7342154a,context_link
snap-380-010,Launch Control Center,057e5fd74c7031316cd2a7e539530b08fb5283d48fcdb2bbaffa892d7342154a,context_link
snap-380-011,Launch Control Center,057e5fd74c7031316cd2a7e539530b08fb5283d48fcdb2bbaffa892d7342154a,context_link
snap-380-012,Launch Control Center,057e5fd74c7031316cd2a7e539530b08fb5283d48fcdb2bbaffa892d7342154a,context_link
snap-380-013,Launch Control Center,057e5fd74c7031316cd2a7e539530b08fb5283d48fcdb2bbaffa892d7342154a,context_link
snap-381-000,Lawrence Sperry,88050941166a9d48374757c146c76f2359fd75b512b53192aa428ed7f87d203f,entity_card
snap-381-001,Lawrence Sperry,88050941166a9d48374757c146c76f2359fd75b512b53192aa428ed7f87d203f,definition_claim
snap-381-002,Lawrence Sperry,88050941166a9d48374757c146c76f2359fd75b512b53192aa428ed7f87d203f,context_link
snap-381-003,Lawrence Sperry,88050941166a9d48374757c146c76f2359fd75b512b53192aa428ed7f87d203f,context_link
snap-381-004,Lawrence Sperry,88050941166a9d48374757c146c76f2359fd75b512b53192aa428ed7f87d203f,context_link
snap-381-005,Lawrence Sperry,88050941166a9d48374757c146c76f2359fd75b512b53192aa428ed7f87d203f,context_link
snap-381-006,Lawrence Sperry,88050941166a9d48374757c146c76f2359fd75b512b53192aa428ed7f87d203f,context_link
snap-381-007,Lawrence Sperry,88050941166a9d48374757c146c76f2359fd75b512b53192aa428ed7f87d203f,context_link
snap-381-008,Lawrence Sperry,88050941166a9d48374757c146c76f2359fd75b512b53192aa428ed7f87d203f,context_link
snap-381-009,Lawrence Sperry,88050941166a9d48374757c146c76f2359fd75b512b53192aa428ed7f87d203f,context_link
snap-381-010,Lawrence Sperry,88050941166a9d48374757c146c76f2359fd75b512b53192aa428ed7f87d203f,context_link
snap-381-011,Lawrence Sperry,88050941166a9d48374757c146c76f2359fd75b512b53192aa428ed7f87d203f,context_link
snap-381-012,Lawrence Sperry,88050941166a9d48374757c146c76f2359fd75b512b53192aa428ed7f87d203f,context_link
snap-381-013,Lawrence Sperry,88050941166a9d48374757c146c76f2359fd75b512b53192aa428ed7f87d203f,context_link
snap-381-014,Lawrence Sperry,88050941166a9d48374757c146c76f2359fd75b512b53192aa428ed7f87d203f,context_link
snap-382-000,Limited liability company,07ad77a025247e9b32b357209d882f87b263eff2a10ef5e37aa9dbedc3bff7ad,entity_card
snap-382-001,Limited liability company,07ad77a025247e9b32b357209d882f87b263eff2a10ef5e37aa9dbedc3bff7ad,context_link
snap-382-002,Limited liability company,07ad77a025247e9b32b357209d882f87b263eff2a10ef5e37aa9dbedc3bff7ad,context_link
snap-382-003,Limited liability company,07ad77a025247e9b32b357209d882f87b263eff2a10ef5e37aa9dbedc3bff7ad,context_link
snap-383-000,Linda Yaccarino,7870856ba123178f23b25e0e0fc0d6fdeca8ffb0d620d1134ac39f13fc7a09aa,entity_card
snap-383-001,Linda Yaccarino,7870856ba123178f23b25e0e0fc0d6fdeca8ffb0d620d1134ac39f13fc7a09aa,definition_claim
snap-383-002,Linda Yaccarino,7870856ba123178f23b25e0e0fc0d6fdeca8ffb0d620d1134ac39f13fc7a09aa,context_link
snap-383-003,Linda Yaccarino,7870856ba123178f23b25e0e0fc0d6fdeca8ffb0d620d1134ac39f13fc7a09aa,context_link
snap-383-004,Linda Yaccarino,7870856ba123178f23b25e0e0fc0d6fdeca8ffb0d620d1134ac39f13fc7a09aa,context_link
snap-383-005,Linda Yaccarino,7870856ba123178f23b25e0e0fc0d6fdeca8ffb0d620d1134ac39f13fc7a09aa,context_link
snap-383-006,Linda Yaccarino,7870856ba123178f23b25e0e0fc0d6fdeca8ffb0d620d1134ac39f13fc7a09aa,context_link
snap-383-007,Linda Yaccarino,7870856ba123178f23b25e0e0fc0d6fdeca8ffb0d620d1134ac39f13fc7a09aa,context_link
snap-383-008,Linda Yaccarino,7870856ba123178f23b25e0e0fc0d6fdeca8ffb0d620d1134ac39f13fc7a09aa,context_link
snap-384-000,List,c4835ccb881f4a42965917c025da7431934442ada12ad640bd985d63ee3ffb6e,entity_card
snap-384-001,List,c4835ccb881f4a42965917c025da7431934442ada12ad640bd985d63ee3ffb6e,context_link
snap-385-000,List of government space agencies,d2b47b6e9ed713223a4f6b0cd3af0c321cb1ea0d1c0c08196cf0d8fcbbcd06ec,entity_card
snap-385-001,List of government space agencies,d2b47b6e9ed713223a4f6b0cd3af0c321cb1ea0d1c0c08196cf0d8fcbbcd06ec,context_link
snap-385-002,List of government space agencies,d2b47b6e9ed713223a4f6b0cd3af0c321cb1ea0d1c0c08196cf0d8fcbbcd06ec,context_link
snap-385-003,List of government space agencies,d2b47b6e9ed713223a4f6b0cd3af0c321cb1ea0d1c0c08196cf0d8fcbbcd06ec,context_link
snap-385-004,List of government space agencies,d2b47b6e9ed713223a4f6b0cd3af0c321cb1ea0d1c0c08196cf0d8fcbbcd06ec,context_link
snap-385-005,List of government space agencies,d2b47b6e9ed713223a4f6b0cd3af0c321cb1ea0d1c0c08196cf0d8fcbbcd06ec,context_link
snap-385-006,List of government space agencies,d2b47b6e9ed713223a4f6b0cd3af0c321cb1ea0d1c0c08196cf0d8fcbbcd06ec,context_link
snap-386-000,List of launch complexes,79bcfaa3d245be1727f1ad8cc28f3edd4c45c9cbef6ccdc1cd47efd3b9b361d8,entity_card
snap-386-001,List of launch complexes,79bcfaa3d245be1727f1ad8cc28f3edd4c45c9cbef6ccdc1cd47efd3b9b361d8,context_link
snap-386-002,List of launch complexes,79bcfaa3d245be1727f1ad8cc28f3edd4c45c9cbef6ccdc1cd47efd3b9b361d8,context_link
snap-386-003,List of launch complexes,79bcfaa3d245be1727f1ad8cc28f3edd4c45c9cbef6ccdc1cd47efd3b9b361d8,context_link
snap-386-004,List of launch complexes,79bcfaa3d245be1727f1ad8cc28f3edd4c45c9cbef6ccdc1cd47efd3b9b361d8,context_link
snap-386-005,List of launch complexes,79bcfaa3d245be1727f1ad8cc28f3edd4c45c9cbef6ccdc1cd47efd3b9b361d8,context_link
snap-386-006,List of launch complexes,79bcfaa3d245be1727f1ad8cc28f3edd4c45c9cbef6ccdc1cd47efd3b9b361d8,context_link
snap-386-007,List of launch complexes,79bcfaa3d245be1727f1ad8cc28f3edd4c45c9cbef6ccdc1cd47efd3b9b361d8,context_link
snap-386-008,List of launch complexes,79bcfaa3d245be1727f1ad8cc28f3edd4c45c9cbef6ccdc1cd47efd3b9b361d8,context_link
snap-386-009,List of launch complexes,79bcfaa3d245be1727f1ad8cc28f3edd4c45c9cbef6ccdc1cd47efd3b9b361d8,context_link
snap-386-010,List of launch complexes,79bcfaa3d245be1727f1ad8cc28f3edd4c45c9cbef6ccdc1cd47efd3b9b361d8,context_link
snap-386-011,List of launch complexes,79bcfaa3d245be1727f1ad8cc28f3edd4c45c9cbef6ccdc1cd47efd3b9b361d8,context_link
snap-386-012,List of launch complexes,79bcfaa3d245be1727f1ad8cc28f3edd4c45c9cbef6ccdc1cd47efd3b9b361d8,context_link
snap-386-013,List of launch complexes,79bcfaa3d245be1727f1ad8cc28f3edd4c45c9cbef6ccdc1cd47efd3b9b361d8,context_link
snap-387-000,Litvaks,f2584672906f05a6ff6bfd470ed97988d2c8922369fdf13e68929a6475929520,entity_card
snap-387-001,Litvaks,f2584672906f05a6ff6bfd470ed97988d2c8922369fdf13e68929a6475929520,context_link
snap-387-002,Litvaks,f2584672906f05a6ff6bfd470ed97988d2c8922369fdf13e68929a6475929520,context_link
snap-387-003,Litvaks,f2584672906f05a6ff6bfd470ed97988d2c8922369fdf13e68929a6475929520,context_link
snap-388-000,Livery company,109550c8d1f69ff4571b84b02294b466ec65ff905c28523dbf33d8928076ffb6,entity_card
snap-388-001,Livery company,109550c8d1f69ff4571b84b02294b466ec65ff905c28523dbf33d8928076ffb6,context_link
snap-388-002,Livery company,109550c8d1f69ff4571b84b02294b466ec65ff905c28523dbf33d8928076ffb6,context_link
snap-388-003,Livery company,109550c8d1f69ff4571b84b02294b466ec65ff905c28523dbf33d8928076ffb6,context_link
snap-388-004,Livery company,109550c8d1f69ff4571b84b02294b466ec65ff905c28523dbf33d8928076ffb6,context_link
snap-389-000,Lockheed Martin,8fbd535e2727f54f1698eb6da5577dd328865dd7211f1e72f103e6c3ee95b448,entity_card
snap-389-001,Lockheed Martin,8fbd535e2727f54f1698eb6da5577dd328865dd7211f1e72f103e6c3ee95b448,context_link
snap-389-002,Lockheed Martin,8fbd535e2727f54f1698eb6da5577dd328865dd7211f1e72f103e6c3ee95b448,context_link
snap-389-003,Lockheed Martin,8fbd535e2727f54f1698eb6da5577dd328865dd7211f1e72f103e6c3ee95b448,context_link
snap-389-004,Lockheed Martin,8fbd535e2727f54f1698eb6da5577dd328865dd7211f1e72f103e6c3ee95b448,context_link
snap-389-005,Lockheed Martin,8fbd535e2727f54f1698eb6da5577dd328865dd7211f1e72f103e6c3ee95b448,context_link
snap-389-006,Lockheed Martin,8fbd535e2727f54f1698eb6da5577dd328865dd7211f1e72f103e6c3ee95b448,context_link
snap-389-007,Lockheed Martin,8fbd535e2727f54f1698eb6da5577dd328865dd7211f1e72f103e6c3ee95b448,context_link
snap-389-008,Lockheed Martin,8fbd535e2727f54f1698eb6da5577dd328865dd7211f1e72f103e6c3ee95b448,context_link
snap-389-009,Lockheed Martin,8fbd535e2727f54f1698eb6da5577dd328865dd7211f1e72f103e6c3ee95b448,context_link
snap-389-010,Lockheed Martin,8fbd535e2727f54f1698eb6da5577dd328865dd7211f1e72f103e6c3ee95b448,context_link
snap-389-011,Lockheed Martin,8fbd535e2727f54f1698eb6da5577dd328865dd7211f1e72f103e6c3ee95b448,context_link
snap-389-012,Lockheed Martin,8fbd535e2727f54f1698eb6da5577dd328865dd7211f1e72f103e6c3ee95b448,context_link
snap-390-000,London Stock Exchange,4dfb941bff57092f3dd488c662ff868a774efaf54c38723a94d3d7bc3fb38919,entity_card
snap-390-001,London Stock Exchange,4dfb941bff57092f3dd488c662ff868a774efaf54c38723a94d3d7bc3fb38919,context_link
snap-390-002,London Stock Exchange,4dfb941bff57092f3dd488c662ff868a774efaf54c38723a94d3d7bc3fb38919,context_link
snap-390-003,London Stock Exchange,4dfb941bff57092f3dd488c662ff868a774efaf54c38723a94d3d7bc3fb38919,context_link
snap-390-004,London Stock Exchange,4dfb941bff57092f3dd488c662ff868a774efaf54c38723a94d3d7bc3fb38919,context_link
snap-391-000,Los Angeles,fdf483edee0ce1de7c24f7a41e2b71a5d68da369a7af4c5a96943ec8e8483958,entity_card
snap-391-001,Los Angeles,fdf483edee0ce1de7c24f7a41e2b71a5d68da369a7af4c5a96943ec8e8483958,context_link
snap-391-002,Los Angeles,fdf483edee0ce1de7c24f7a41e2b71a5d68da369a7af4c5a96943ec8e8483958,context_link
snap-391-003,Los Angeles,fdf483edee0ce1de7c24f7a41e2b71a5d68da369a7af4c5a96943ec8e8483958,context_link
snap-391-004,Los Angeles,fdf483edee0ce1de7c24f7a41e2b71a5d68da369a7af4c5a96943ec8e8483958,context_link
snap-391-005,Los Angeles,fdf483edee0ce1de7c24f7a41e2b71a5d68da369a7af4c5a96943ec8e8483958,context_link
snap-392-000,Lotus Esprit,ca476f77a5dad8f892e461350d3b33e293d4f87c804edb91a2d26548a24c6aba,entity_card
snap-392-001,Lotus Esprit,ca476f77a5dad8f892e461350d3b33e293d4f87c804edb91a2d26548a24c6aba,context_link
snap-392-002,Lotus Esprit,ca476f77a5dad8f892e461350d3b33e293d4f87c804edb91a2d26548a24c6aba,context_link
snap-392-003,Lotus Esprit,ca476f77a5dad8f892e461350d3b33e293d4f87c804edb91a2d26548a24c6aba,context_link
snap-392-004,Lotus Esprit,ca476f77a5dad8f892e461350d3b33e293d4f87c804edb91a2d26548a24c6aba,context_link
snap-392-005,Lotus Esprit,ca476f77a5dad8f892e461350d3b33e293d4f87c804edb91a2d26548a24c6aba,context_link
snap-392-006,Lotus Esprit,ca476f77a5dad8f892e461350d3b33e293d4f87c804edb91a2d26548a24c6aba,context_link
snap-393-000,Louis Vuitton,2399bdeeb17eb5978c582c2bf1a054ffaf06f7cc1c34a3203df8c51cef2e1e15,entity_card
snap-393-001,Louis Vuitton,2399bdeeb17eb5978c582c2bf1a054ffaf06f7cc1c34a3203df8c51cef2e1e15,context_link
snap-393-002,Louis Vuitton,2399bdeeb17eb5978c582c2bf1a054ffaf06f7cc1c34a3203df8c51cef2e1e15,context_link
snap-393-003,Louis Vuitton,2399bdeeb17eb5978c582c2bf1a054ffaf06f7cc1c34a3203df8c51cef2e1e15,context_link
snap-393-004,Louis Vuitton,2399bdeeb17eb5978c582c2bf1a054ffaf06f7cc1c34a3203df8c51cef2e1e15,context_link
snap-393-005,Louis Vuitton,2399bdeeb17eb5978c582c2bf1a054ffaf06f7cc1c34a3203df8c51cef2e1e15,context_link
snap-393-006,Louis Vuitton,2399bdeeb17eb5978c582c2bf1a054ffaf06f7cc1c34a3203df8c51cef2e1e15,context_link
snap-394-000,Lyndon B. Johnson,1035e70ac5360883570bd0f03e7d32d845c9dff4af3c2d995e7cc9efbd4986ab,entity_card
snap-394-001,Lyndon B. Johnson,1035e70ac5360883570bd0f03e7d32d845c9dff4af3c2d995e7cc9efbd4986ab,context_link
snap-394-002,Lyndon B. Johnson,1035e70ac5360883570bd0f03e7d32d845c9dff4af3c2d995e7cc9efbd4986ab,context_link
snap-394-003,Lyndon B. Johnson,1035e70ac5360883570bd0f03e7d32d845c9dff4af3c2d995e7cc9efbd4986ab,context_link
snap-394-004,Lyndon B. Johnson,1035e70ac5360883570bd0f03e7d32d845c9dff4af3c2d995e7cc9efbd4986ab,context_link
snap-395-000,Lyndon Rive,58aaeb0ea661f5c5878931a2253009222723931031c801e61baec2fb83a05e1f,entity_card
snap-395-001,Lyndon Rive,58aaeb0ea661f5c5878931a2253009222723931031c801e61baec2fb83a05e1f,definition_claim
snap-395-002,Lyndon Rive,58aaeb0ea661f5c5878931a2253009222723931031c801e61baec2fb83a05e1f,context_link
snap-395-003,Lyndon Rive,58aaeb0ea661f5c5878931a2253009222723931031c801e61baec2fb83a05e1f,context_link
snap-395-004,Lyndon Rive,58aaeb0ea661f5c5878931a2253009222723931031c801e61baec2fb83a05e1f,context_link
snap-395-005,Lyndon Rive,58aaeb0ea661f5c5878931a2253009222723931031c801e61baec2fb83a05e1f,context_link
snap-395-006,Lyndon Rive,58aaeb0ea661f5c5878931a2253009222723931031c801e61baec2fb83a05e1f,context_link
snap-395-007,Lyndon Rive,58aaeb0ea661f5c5878931a2253009222723931031c801e61baec2fb83a05e1f,context_link
snap-395-008,Lyndon Rive,58aaeb0ea661f5c5878931a2253009222723931031c801e61baec2fb83a05e1f,context_link
snap-395-009,Lyndon Rive,58aaeb0ea661f5c5878931a2253009222723931031c801e61baec2fb83a05e1f,context_link
snap-395-010,Lyndon Rive,58aaeb0ea661f5c5878931a2253009222723931031c801e61baec2fb83a05e1f,context_link
snap-395-011,Lyndon Rive,58aaeb0ea661f5c5878931a2253009222723931031c801e61baec2fb83a05e1f,context_link
snap-395-012,Lyndon Rive,58aaeb0ea661f5c5878931a2253009222723931031c801e61baec2fb83a05e1f,context_link
snap-395-013,Lyndon Rive,58aaeb0ea661f5c5878931a2253009222723931031c801e61baec2fb83a05e1f,context_link
snap-396-000,MacKenzie Scott,6c2b4a74d34631031178b770bae39ccf6e1d85b6e708ac7a40784cc9eae8183d,entity_card
snap-396-001,MacKenzie Scott,6c2b4a74d34631031178b770bae39ccf6e1d85b6e708ac7a40784cc9eae8183d,context_link
snap-396-002,MacKenzie Scott,6c2b4a74d34631031178b770bae39ccf6e1d85b6e708ac7a40784cc9eae8183d,context_link
snap-396-003,MacKenzie Scott,6c2b4a74d34631031178b770bae39ccf6e1d85b6e708ac7a40784cc9eae8183d,context_link
snap-396-004,MacKenzie Scott,6c2b4a74d34631031178b770bae39ccf6e1d85b6e708ac7a40784cc9eae8183d,context_link
snap-396-005,MacKenzie Scott,6c2b4a74d34631031178b770bae39ccf6e1d85b6e708ac7a40784cc9eae8183d,context_link
snap-396-006,MacKenzie Scott,6c2b4a74d34631031178b770bae39ccf6e1d85b6e708ac7a40784cc9eae8183d,context_link
snap-396-007,MacKenzie Scott,6c2b4a74d34631031178b770bae39ccf6e1d85b6e708ac7a40784cc9eae8183d,context_link
snap-396-008,MacKenzie Scott,6c2b4a74d34631031178b770bae39ccf6e1d85b6e708ac7a40784cc9eae8183d,context_link
snap-396-009,MacKenzie Scott,6c2b4a74d34631031178b770bae39ccf6e1d85b6e708ac7a40784cc9eae8183d,context_link
snap-396-010,MacKenzie Scott,6c2b4a74d34631031178b770bae39ccf6e1d85b6e708ac7a40784cc9eae8183d,context_link
snap-396-011,MacKenzie Scott,6c2b4a74d34631031178b770bae39ccf6e1d85b6e708ac7a40784cc9eae8183d,context_link
snap-397-000,Major general,341d6b00a905ac6657107f71cb03082fae604dcfaa849f25b39f73f6b469e43f,entity_card
snap-397-001,Major general,341d6b00a905ac6657107f71cb03082fae604dcfaa849f25b39f73f6b469e43f,context_link
snap-397-002,Major general,341d6b00a905ac6657107f71cb03082fae604dcfaa849f25b39f73f6b469e43f,context_link
snap-397-003,Major general,341d6b00a905ac6657107f71cb03082fae604dcfaa849f25b39f73f6b469e43f,context_link
snap-397-004,Major general,341d6b00a905ac6657107f71cb03082fae604dcfaa849f25b39f73f6b469e43f,context_link
snap-398-000,Malcolm Forbes,8782f034ab26fb444458e1bf12e5440dcc50a1582f0ade031b42ce528b97a3b0,entity_card
snap-398-001,Malcolm Forbes,8782f034ab26fb444458e1bf12e5440dcc50a1582f0ade031b42ce528b97a3b0,context_link
snap-398-002,Malcolm Forbes,8782f034ab26fb444458e1bf12e5440dcc50a1582f0ade031b42ce528b97a3b0,context_link
snap-398-003,Malcolm Forbes,8782f034ab26fb444458e1bf12e5440dcc50a1582f0ade031b42ce528b97a3b0,context_link
snap-398-004,Malcolm Forbes,8782f034ab26fb444458e1bf12e5440dcc50a1582f0ade031b42ce528b97a3b0,context_link
snap-398-005,Malcolm Forbes,8782f034ab26fb444458e1bf12e5440dcc50a1582f0ade031b42ce528b97a3b0,context_link
snap-398-006,Malcolm Forbes,8782f034ab26fb444458e1bf12e5440dcc50a1582f0ade031b42ce528b97a3b0,context_link
snap-398-007,Malcolm Forbes,8782f034ab26fb444458e1bf12e5440dcc50a1582f0ade031b42ce528b97a3b0,context_link
snap-398-008,Malcolm Forbes,8782f034ab26fb444458e1bf12e5440dcc50a1582f0ade031b42ce528b97a3b0,context_link
snap-398-009,Malcolm Forbes,8782f034ab26fb444458e1bf12e5440dcc50a1582f0ade031b42ce528b97a3b0,context_link
snap-398-010,Malcolm Forbes,8782f034ab26fb444458e1bf12e5440dcc50a1582f0ade031b42ce528b97a3b0,context_link
snap-398-011,Malcolm Forbes,8782f034ab26fb444458e1bf12e5440dcc50a1582f0ade031b42ce528b97a3b0,context_link
snap-398-012,Malcolm Forbes,8782f034ab26fb444458e1bf12e5440dcc50a1582f0ade031b42ce528b97a3b0,context_link
snap-399-000,Marc Jacobs,6b96580be514a04c90dfc6c9f37151ef4bd87c0fbf196749e82422f02befe41b,entity_card
snap-399-001,Marc Jacobs,6b96580be514a04c90dfc6c9f37151ef4bd87c0fbf196749e82422f02befe41b,context_link
snap-399-002,Marc Jacobs,6b96580be514a04c90dfc6c9f37151ef4bd87c0fbf196749e82422f02befe41b,context_link
snap-399-003,Marc Jacobs,6b96580be514a04c90dfc6c9f37151ef4bd87c0fbf196749e82422f02befe41b,context_link
snap-399-004,Marc Jacobs,6b96580be514a04c90dfc6c9f37151ef4bd87c0fbf196749e82422f02befe41b,context_link
snap-399-005,Marc Jacobs,6b96580be514a04c90dfc6c9f37151ef4bd87c0fbf196749e82422f02befe41b,context_link
snap-400-000,Marc Tarpenning,06203e57ecba5e869d90865a7059bcabc2cf9ed34ec6ea59c59d7b49b93e754d,entity_card
snap-400-001,Marc Tarpenning,06203e57ecba5e869d90865a7059bcabc2cf9ed34ec6ea59c59d7b49b93e754d,context_link
snap-400-002,Marc Tarpenning,06203e57ecba5e869d90865a7059bcabc2cf9ed34ec6ea59c59d7b49b93e754d,context_link
snap-400-003,Marc Tarpenning,06203e57ecba5e869d90865a7059bcabc2cf9ed34ec6ea59c59d7b49b93e754d,context_link
snap-400-004,Marc Tarpenning,06203e57ecba5e869d90865a7059bcabc2cf9ed34ec6ea59c59d7b49b93e754d,context_link
snap-400-005,Marc Tarpenning,06203e57ecba5e869d90865a7059bcabc2cf9ed34ec6ea59c59d7b49b93e754d,context_link
snap-400-006,Marc Tarpenning,06203e57ecba5e869d90865a7059bcabc2cf9ed34ec6ea59c59d7b49b93e754d,context_link
snap-400-007,Marc Tarpenning,06203e57ecba5e869d90865a7059bcabc2cf9ed34ec6ea59c59d7b49b93e754d,context_link
snap-400-008,Marc Tarpenning,06203e57ecba5e869d90865a7059bcabc2cf9ed34ec6ea59c59d7b49b93e754d,context_link
snap-400-009,Marc Tarpenning,06203e57ecba5e869d90865a7059bcabc2cf9ed34ec6ea59c59d7b49b93e754d,context_link
snap-400-010,Marc Tarpenning,06203e57ecba5e869d90865a7059bcabc2cf9ed34ec6ea59c59d7b49b93e754d,context_link
snap-400-011,Marc Tarpenning,06203e57ecba5e869d90865a7059bcabc2cf9ed34ec6ea59c59d7b49b93e754d,context_link
snap-400-012,Marc Tarpenning,06203e57ecba5e869d90865a7059bcabc2cf9ed34ec6ea59c59d7b49b93e754d,context_link
snap-400-013,Marc Tarpenning,06203e57ecba5e869d90865a7059bcabc2cf9ed34ec6ea59c59d7b49b93e754d,context_link
snap-401-000,March,b4f703cfd6f65191304cd0116085afc4536ab9178d739ff7d89a4774d83dae0c,entity_card
snap-401-001,March,b4f703cfd6f65191304cd0116085afc4536ab9178d739ff7d89a4774d83dae0c,context_link
snap-401-002,March,b4f703cfd6f65191304cd0116085afc4536ab9178d739ff7d89a4774d83dae0c,context_link
snap-401-003,March,b4f703cfd6f65191304cd0116085afc4536ab9178d739ff7d89a4774d83dae0c,context_link
snap-401-004,March,b4f703cfd6f65191304cd0116085afc4536ab9178d739ff7d89a4774d83dae0c,context_link
snap-401-005,March,b4f703cfd6f65191304cd0116085afc4536ab9178d739ff7d89a4774d83dae0c,context_link
snap-401-006,March,b4f703cfd6f65191304cd0116085afc4536ab9178d739ff7d89a4774d83dae0c,context_link
snap-401-007,March,b4f703cfd6f65191304cd0116085afc4536ab9178d739ff7d89a4774d83dae0c,context_link
snap-402-000,Mark Carney,aba23725a9a8d0a94b5d7fbb71e8d1a07b930d88e2e9f0e4b7696874a0bf5676,entity_card
snap-402-001,Mark Carney,aba23725a9a8d0a94b5d7fbb71e8d1a07b930d88e2e9f0e4b7696874a0bf5676,relation_claim
snap-402-002,Mark Carney,aba23725a9a8d0a94b5d7fbb71e8d1a07b930d88e2e9f0e4b7696874a0bf5676,context_link
snap-402-003,Mark Carney,aba23725a9a8d0a94b5d7fbb71e8d1a07b930d88e2e9f0e4b7696874a0bf5676,context_link
snap-402-004,Mark Carney,aba23725a9a8d0a94b5d7fbb71e8d1a07b930d88e2e9f0e4b7696874a0bf5676,context_link
snap-402-005,Mark Carney,aba23725a9a8d0a94b5d7fbb71e8d1a07b930d88e2e9f0e4b7696874a0bf5676,context_link
snap-402-006,Mark Carney,aba23725a9a8d0a94b5d7fbb71e8d1a07b930d88e2e9f0e4b7696874a0bf5676,context_link
snap-402-007,Mark Carney,aba23725a9a8d0a94b5d7fbb71e8d1a07b930d88e2e9f0e4b7696874a0bf5676,context_link
snap-403-000,Mark Hurd,0f46cf4533fc9647de8c1432823a023f5ddcba3fa7af80a3019dabcfa9cc2a9a,entity_card
snap-403-001,Mark Hurd,0f46cf4533fc9647de8c1432823a023f5ddcba3fa7af80a3019dabcfa9cc2a9a,context_link
snap-403-002,Mark Hurd,0f46cf4533fc9647de8c1432823a023f5ddcba3fa7af80a3019dabcfa9cc2a9a,context_link
snap-403-003,Mark Hurd,0f46cf4533fc9647de8c1432823a023f5ddcba3fa7af80a3019dabcfa9cc2a9a,context_link
snap-403-004,Mark Hurd,0f46cf4533fc9647de8c1432823a023f5ddcba3fa7af80a3019dabcfa9cc2a9a,context_link
snap-403-005,Mark Hurd,0f46cf4533fc9647de8c1432823a023f5ddcba3fa7af80a3019dabcfa9cc2a9a,context_link
snap-403-006,Mark Hurd,0f46cf4533fc9647de8c1432823a023f5ddcba3fa7af80a3019dabcfa9cc2a9a,context_link
snap-403-007,Mark Hurd,0f46cf4533fc9647de8c1432823a023f5ddcba3fa7af80a3019dabcfa9cc2a9a,context_link
snap-403-008,Mark Hurd,0f46cf4533fc9647de8c1432823a023f5ddcba3fa7af80a3019dabcfa9cc2a9a,context_link
snap-403-009,Mark Hurd,0f46cf4533fc9647de8c1432823a023f5ddcba3fa7af80a3019dabcfa9cc2a9a,context_link
snap-403-010,Mark Hurd,0f46cf4533fc9647de8c1432823a023f5ddcba3fa7af80a3019dabcfa9cc2a9a,context_link
snap-403-011,Mark Hurd,0f46cf4533fc9647de8c1432823a023f5ddcba3fa7af80a3019dabcfa9cc2a9a,context_link
snap-404-000,Mark Zuckerberg,7650e224b3793573f687c5d03594d786db255d3340fdfd7c26ab0d4439fa99dc,entity_card
snap-404-001,Mark Zuckerberg,7650e224b3793573f687c5d03594d786db255d3340fdfd7c26ab0d4439fa99dc,context_link
snap-404-002,Mark Zuckerberg,7650e224b3793573f687c5d03594d786db255d3340fdfd7c26ab0d4439fa99dc,context_link
snap-404-003,Mark Zuckerberg,7650e224b3793573f687c5d03594d786db255d3340fdfd7c26ab0d4439fa99dc,context_link
snap-404-004,Mark Zuckerberg,7650e224b3793573f687c5d03594d786db255d3340fdfd7c26ab0d4439fa99dc,context_link
snap-405-000,Market value,06fb0382b66b5f664bd092c673f4eb23fa41769ce7e614f59038fe665a772019,entity_card
snap-405-001,Market value,06fb0382b66b5f664bd092c673f4eb23fa41769ce7e614f59038fe665a772019,context_link
snap-405-002,Market value,06fb0382b66b5f664bd092c673f4eb23fa41769ce7e614f59038fe665a772019,context_link
snap-406-000,Mars in fiction,ff0e1b5f4e4f699b9dffb1ac1940eae90ec38aafd5249bfc32e0d85607948115,entity_card
snap-406-001,Mars in fiction,ff0e1b5f4e4f699b9dffb1ac1940eae90ec38aafd5249bfc32e0d85607948115,context_link
snap-406-002,Mars in fiction,ff0e1b5f4e4f699b9dffb1ac1940eae90ec38aafd5249bfc32e0d85607948115,context_link
snap-406-003,Mars in fiction,ff0e1b5f4e4f699b9dffb1ac1940eae90ec38aafd5249bfc32e0d85607948115,context_link
snap-407-000,Marshall Space Flight Center,8067225642371e72a45095a5d5f16e450ba3c404f4bd6278b2354c06e54b21ac,entity_card
snap-407-001,Marshall Space Flight Center,8067225642371e72a45095a5d5f16e450ba3c404f4bd6278b2354c06e54b21ac,context_link
snap-407-002,Marshall Space Flight Center,8067225642371e72a45095a5d5f16e450ba3c404f4bd6278b2354c06e54b21ac,context_link
snap-407-003,Marshall Space Flight Center,8067225642371e72a45095a5d5f16e450ba3c404f4bd6278b2354c06e54b21ac,context_link
snap-407-004,Marshall Space Flight Center,8067225642371e72a45095a5d5f16e450ba3c404f4bd6278b2354c06e54b21ac,context_link
snap-407-005,Marshall Space Flight Center,8067225642371e72a45095a5d5f16e450ba3c404f4bd6278b2354c06e54b21ac,context_link
snap-407-006,Marshall Space Flight Center,8067225642371e72a45095a5d5f16e450ba3c404f4bd6278b2354c06e54b21ac,context_link
snap-407-007,Marshall Space Flight Center,8067225642371e72a45095a5d5f16e450ba3c404f4bd6278b2354c06e54b21ac,context_link
snap-407-008,Marshall Space Flight Center,8067225642371e72a45095a5d5f16e450ba3c404f4bd6278b2354c06e54b21ac,context_link
snap-407-009,Marshall Space Flight Center,8067225642371e72a45095a5d5f16e450ba3c404f4bd6278b2354c06e54b21ac,context_link
snap-407-010,Marshall Space Flight Center,8067225642371e72a45095a5d5f16e450ba3c404f4bd6278b2354c06e54b21ac,context_link
snap-407-011,Marshall Space Flight Center,8067225642371e72a45095a5d5f16e450ba3c404f4bd6278b2354c06e54b21ac,context_link
snap-407-012,Marshall Space Flight Center,8067225642371e72a45095a5d5f16e450ba3c404f4bd6278b2354c06e54b21ac,context_link
snap-407-013,Marshall Space Flight Center,8067225642371e72a45095a5d5f16e450ba3c404f4bd6278b2354c06e54b21ac,context_link
snap-407-014,Marshall Space Flight Center,8067225642371e72a45095a5d5f16e450ba3c404f4bd6278b2354c06e54b21ac,context_link
snap-407-015,Marshall Space Flight Center,8067225642371e72a45095a5d5f16e450ba3c404f4bd6278b2354c06e54b21ac,context_link
snap-408-000,Martin Eberhard,13e183e2661041c2d16f89003e66ffa13e0ee112de499c55f80a4c15de486786,entity_card
snap-408-001,Martin Eberhard,13e183e2661041c2d16f89003e66ffa13e0ee112de499c55f80a4c15de486786,context_link
snap-408-002,Martin Eberhard,13e183e2661041c2d16f89003e66ffa13e0ee112de499c55f80a4c15de486786,context_link
snap-408-003,Martin Eberhard,13e183e2661041c2d16f89003e66ffa13e0ee112de499c55f80a4c15de486786,context_link
snap-408-004,Martin Eberhard,13e183e2661041c2d16f89003e66ffa13e0ee112de499c55f80a4c15de486786,context_link
snap-408-005,Martin Eberhard,13e183e2661041c2d16f89003e66ffa13e0ee112de499c55f80a4c15de486786,context_link
snap-408-006,Martin Eberhard,13e183e2661041c2d16f89003e66ffa13e0ee112de499c55f80a4c15de486786,context_link
snap-408-007,Martin Eberhard,13e183e2661041c2d16f89003e66ffa13e0ee112de499c55f80a4c15de486786,context_link
snap-408-008,Martin Eberhard,13e183e2661041c2d16f89003e66ffa13e0ee112de499c55f80a4c15de486786,context_link
snap-408-009,Martin Eberhard,13e183e2661041c2d16f89003e66ffa13e0ee112de499c55f80a4c15de486786,context_link
snap-408-010,Martin Eberhard,13e183e2661041c2d16f89003e66ffa13e0ee112de499c55f80a4c15de486786,context_link
snap-408-011,Martin Eberhard,13e183e2661041c2d16f89003e66ffa13e0ee112de499c55f80a4c15de486786,context_link
snap-408-012,Martin Eberhard,13e183e2661041c2d16f89003e66ffa13e0ee112de499c55f80a4c15de486786,context_link
snap-408-013,Martin Eberhard,13e183e2661041c2d16f89003e66ffa13e0ee112de499c55f80a4c15de486786,context_link
snap-409-000,Mass media,e8b98996fbb98f786a3866e06b7a375e497399b69e8b7e8df3ccf72885791d29,entity_card
snap-409-001,Mass media,e8b98996fbb98f786a3866e06b7a375e497399b69e8b7e8df3ccf72885791d29,context_link
snap-409-002,Mass media,e8b98996fbb98f786a3866e06b7a375e497399b69e8b7e8df3ccf72885791d29,context_link
snap-409-003,Mass media,e8b98996fbb98f786a3866e06b7a375e497399b69e8b7e8df3ccf72885791d29,context_link
snap-409-004,Mass media,e8b98996fbb98f786a3866e06b7a375e497399b69e8b7e8df3ccf72885791d29,context_link
snap-410-000,Max Hodak,e86e1c33f38127ddc915eef63c536223afcfac11a1f6bfa6c8748af1479c7857,entity_card
snap-410-001,Max Hodak,e86e1c33f38127ddc915eef63c536223afcfac11a1f6bfa6c8748af1479c7857,context_link
snap-410-002,Max Hodak,e86e1c33f38127ddc915eef63c536223afcfac11a1f6bfa6c8748af1479c7857,context_link
snap-410-003,Max Hodak,e86e1c33f38127ddc915eef63c536223afcfac11a1f6bfa6c8748af1479c7857,context_link
snap-410-004,Max Hodak,e86e1c33f38127ddc915eef63c536223afcfac11a1f6bfa6c8748af1479c7857,context_link
snap-410-005,Max Hodak,e86e1c33f38127ddc915eef63c536223afcfac11a1f6bfa6c8748af1479c7857,context_link
snap-410-006,Max Hodak,e86e1c33f38127ddc915eef63c536223afcfac11a1f6bfa6c8748af1479c7857,context_link
snap-410-007,Max Hodak,e86e1c33f38127ddc915eef63c536223afcfac11a1f6bfa6c8748af1479c7857,context_link
snap-411-000,Max Levchin,d887ccc62add9bfa76bff38f93db79df3ca74a255b75b8548d8ef6e82a1548a4,entity_card
snap-411-001,Max Levchin,d887ccc62add9bfa76bff38f93db79df3ca74a255b75b8548d8ef6e82a1548a4,context_link
snap-411-002,Max Levchin,d887ccc62add9bfa76bff38f93db79df3ca74a255b75b8548d8ef6e82a1548a4,context_link
snap-411-003,Max Levchin,d887ccc62add9bfa76bff38f93db79df3ca74a255b75b8548d8ef6e82a1548a4,context_link
snap-411-004,Max Levchin,d887ccc62add9bfa76bff38f93db79df3ca74a255b75b8548d8ef6e82a1548a4,context_link
snap-411-005,Max Levchin,d887ccc62add9bfa76bff38f93db79df3ca74a255b75b8548d8ef6e82a1548a4,context_link
snap-411-006,Max Levchin,d887ccc62add9bfa76bff38f93db79df3ca74a255b75b8548d8ef6e82a1548a4,context_link
snap-411-007,Max Levchin,d887ccc62add9bfa76bff38f93db79df3ca74a255b75b8548d8ef6e82a1548a4,context_link
snap-411-008,Max Levchin,d887ccc62add9bfa76bff38f93db79df3ca74a255b75b8548d8ef6e82a1548a4,context_link
snap-411-009,Max Levchin,d887ccc62add9bfa76bff38f93db79df3ca74a255b75b8548d8ef6e82a1548a4,context_link
snap-412-000,Mazda MX-5 (NA),7a67d31c77ae18d479b8c51b53d45b3479e7b81518fe829dc3082e636edf1db7,entity_card
snap-412-001,Mazda MX-5 (NA),7a67d31c77ae18d479b8c51b53d45b3479e7b81518fe829dc3082e636edf1db7,context_link
snap-412-002,Mazda MX-5 (NA),7a67d31c77ae18d479b8c51b53d45b3479e7b81518fe829dc3082e636edf1db7,context_link
snap-412-003,Mazda MX-5 (NA),7a67d31c77ae18d479b8c51b53d45b3479e7b81518fe829dc3082e636edf1db7,context_link
snap-412-004,Mazda MX-5 (NA),7a67d31c77ae18d479b8c51b53d45b3479e7b81518fe829dc3082e636edf1db7,context_link
snap-412-005,Mazda MX-5 (NA),7a67d31c77ae18d479b8c51b53d45b3479e7b81518fe829dc3082e636edf1db7,context_link
snap-412-006,Mazda MX-5 (NA),7a67d31c77ae18d479b8c51b53d45b3479e7b81518fe829dc3082e636edf1db7,context_link
snap-412-007,Mazda MX-5 (NA),7a67d31c77ae18d479b8c51b53d45b3479e7b81518fe829dc3082e636edf1db7,context_link
snap-412-008,Mazda MX-5 (NA),7a67d31c77ae18d479b8c51b53d45b3479e7b81518fe829dc3082e636edf1db7,context_link
snap-412-009,Mazda MX-5 (NA),7a67d31c77ae18d479b8c51b53d45b3479e7b81518fe829dc3082e636edf1db7,context_link
snap-413-000,McDonnell Douglas,84c5a134500beabd298919f416a3fae811efad85333b717e288b191bd28ebb83,entity_card
snap-413-001,McDonnell Douglas,84c5a134500beabd298919f416a3fae811efad85333b717e288b191bd28ebb83,context_link
snap-413-002,McDonnell Douglas,84c5a134500beabd298919f416a3fae811efad85333b717e288b191bd28ebb83,context_link
snap-413-003,McDonnell Douglas,84c5a134500beabd298919f416a3fae811efad85333b717e288b191bd28ebb83,context_link
snap-413-004,McDonnell Douglas,84c5a134500beabd298919f416a3fae811efad85333b717e288b191bd28ebb83,context_link
snap-413-005,McDonnell Douglas,84c5a134500beabd298919f416a3fae811efad85333b717e288b191bd28ebb83,context_link
snap-413-006,McDonnell Douglas,84c5a134500beabd298919f416a3fae811efad85333b717e288b191bd28ebb83,context_link
snap-413-007,McDonnell Douglas,84c5a134500beabd298919f416a3fae811efad85333b717e288b191bd28ebb83,context_link
snap-413-008,McDonnell Douglas,84c5a134500beabd298919f416a3fae811efad85333b717e288b191bd28ebb83,context_link
snap-413-009,McDonnell Douglas,84c5a134500beabd298919f416a3fae811efad85333b717e288b191bd28ebb83,context_link
snap-413-010,McDonnell Douglas,84c5a134500beabd298919f416a3fae811efad85333b717e288b191bd28ebb83,context_link
snap-413-011,McDonnell Douglas,84c5a134500beabd298919f416a3fae811efad85333b717e288b191bd28ebb83,context_link
snap-413-012,McDonnell Douglas,84c5a134500beabd298919f416a3fae811efad85333b717e288b191bd28ebb83,context_link
snap-414-000,Media Matters for America,ae74393b02a68c921a9fa889184da03accebf40eea3cea4d7dd107627532bd71,entity_card
snap-414-001,Media Matters for America,ae74393b02a68c921a9fa889184da03accebf40eea3cea4d7dd107627532bd71,context_link
snap-414-002,Media Matters for America,ae74393b02a68c921a9fa889184da03accebf40eea3cea4d7dd107627532bd71,context_link
snap-415-000,Mercedes-Benz Group,e8075cbd9e3185a9d5a2a72b77786d4b7a83eeb16c7af4fd6d53d569a81e7377,entity_card
snap-415-001,Mercedes-Benz Group,e8075cbd9e3185a9d5a2a72b77786d4b7a83eeb16c7af4fd6d53d569a81e7377,context_link
snap-415-002,Mercedes-Benz Group,e8075cbd9e3185a9d5a2a72b77786d4b7a83eeb16c7af4fd6d53d569a81e7377,context_link
snap-415-003,Mercedes-Benz Group,e8075cbd9e3185a9d5a2a72b77786d4b7a83eeb16c7af4fd6d53d569a81e7377,context_link
snap-415-004,Mercedes-Benz Group,e8075cbd9e3185a9d5a2a72b77786d4b7a83eeb16c7af4fd6d53d569a81e7377,context_link
snap-415-005,Mercedes-Benz Group,e8075cbd9e3185a9d5a2a72b77786d4b7a83eeb16c7af4fd6d53d569a81e7377,context_link
snap-415-006,Mercedes-Benz Group,e8075cbd9e3185a9d5a2a72b77786d4b7a83eeb16c7af4fd6d53d569a81e7377,context_link
snap-416-000,Mercury Control Center,37cc9d8d6ad15acad7b2a2014101944af7e5fdaac1905900d514d3e4dbd40361,entity_card
snap-416-001,Mercury Control Center,37cc9d8d6ad15acad7b2a2014101944af7e5fdaac1905900d514d3e4dbd40361,context_link
snap-416-002,Mercury Control Center,37cc9d8d6ad15acad7b2a2014101944af7e5fdaac1905900d514d3e4dbd40361,context_link
snap-416-003,Mercury Control Center,37cc9d8d6ad15acad7b2a2014101944af7e5fdaac1905900d514d3e4dbd40361,context_link
snap-416-004,Mercury Control Center,37cc9d8d6ad15acad7b2a2014101944af7e5fdaac1905900d514d3e4dbd40361,context_link
snap-416-005,Mercury Control Center,37cc9d8d6ad15acad7b2a2014101944af7e5fdaac1905900d514d3e4dbd40361,context_link
snap-416-006,Mercury Control Center,37cc9d8d6ad15acad7b2a2014101944af7e5fdaac1905900d514d3e4dbd40361,context_link
snap-416-007,Mercury Control Center,37cc9d8d6ad15acad7b2a2014101944af7e5fdaac1905900d514d3e4dbd40361,context_link
snap-416-008,Mercury Control Center,37cc9d8d6ad15acad7b2a2014101944af7e5fdaac1905900d514d3e4dbd40361,context_link
snap-416-009,Mercury Control Center,37cc9d8d6ad15acad7b2a2014101944af7e5fdaac1905900d514d3e4dbd40361,context_link
snap-416-010,Mercury Control Center,37cc9d8d6ad15acad7b2a2014101944af7e5fdaac1905900d514d3e4dbd40361,context_link
snap-416-011,Mercury Control Center,37cc9d8d6ad15acad7b2a2014101944af7e5fdaac1905900d514d3e4dbd40361,context_link
snap-416-012,Mercury Control Center,37cc9d8d6ad15acad7b2a2014101944af7e5fdaac1905900d514d3e4dbd40361,context_link
snap-417-000,Merlin,d005cbd7ee2cf94150b69e9c5d796c0e43d0bd020e89c0321ec9ac2e538aa9e6,entity_card
snap-418-000,Merrill (company),6a926dcc5ddb53acefacab1baa4a19752f6df16e262460db02c6f16a2870fe15,entity_card
snap-418-001,Merrill (company),6a926dcc5ddb53acefacab1baa4a19752f6df16e262460db02c6f16a2870fe15,context_link
snap-418-002,Merrill (company),6a926dcc5ddb53acefacab1baa4a19752f6df16e262460db02c6f16a2870fe15,context_link
snap-418-003,Merrill (company),6a926dcc5ddb53acefacab1baa4a19752f6df16e262460db02c6f16a2870fe15,context_link
snap-418-004,Merrill (company),6a926dcc5ddb53acefacab1baa4a19752f6df16e262460db02c6f16a2870fe15,context_link
snap-418-005,Merrill (company),6a926dcc5ddb53acefacab1baa4a19752f6df16e262460db02c6f16a2870fe15,context_link
snap-418-006,Merrill (company),6a926dcc5ddb53acefacab1baa4a19752f6df16e262460db02c6f16a2870fe15,context_link
snap-418-007,Merrill (company),6a926dcc5ddb53acefacab1baa4a19752f6df16e262460db02c6f16a2870fe15,context_link
snap-419-000,"Merritt Island, Florida",b49174e1732925d930e66fe926d27349ac6a6572fda5f5f3e3c71295aaa45198,entity_card
snap-419-001,"Merritt Island, Florida",b49174e1732925d930e66fe926d27349ac6a6572fda5f5f3e3c71295aaa45198,context_link
snap-420-000,Meta Platforms,b90f2d4960c2a8b916b5685045c977f65160dbd724786fe0dbfdaddc72e298e1,entity_card
snap-420-001,Meta Platforms,b90f2d4960c2a8b916b5685045c977f65160dbd724786fe0dbfdaddc72e298e1,context_link
snap-420-002,Meta Platforms,b90f2d4960c2a8b916b5685045c977f65160dbd724786fe0dbfdaddc72e298e1,context_link
snap-420-003,Meta Platforms,b90f2d4960c2a8b916b5685045c977f65160dbd724786fe0dbfdaddc72e298e1,context_link
snap-420-004,Meta Platforms,b90f2d4960c2a8b916b5685045c977f65160dbd724786fe0dbfdaddc72e298e1,context_link
snap-420-005,Meta Platforms,b90f2d4960c2a8b916b5685045c977f65160dbd724786fe0dbfdaddc72e298e1,context_link
snap-421-000,Michael Bloomberg,5d05bb067a7c06f593dae45bf10e0b0239e44c9ec82358e617c9f1535f5a007b,entity_card
snap-421-001,Michael Bloomberg,5d05bb067a7c06f593dae45bf10e0b0239e44c9ec82358e617c9f1535f5a007b,context_link
snap-421-002,Michael Bloomberg,5d05bb067a7c06f593dae45bf10e0b0239e44c9ec82358e617c9f1535f5a007b,context_link
snap-421-003,Michael Bloomberg,5d05bb067a7c06f593dae45bf10e0b0239e44c9ec82358e617c9f1535f5a007b,context_link
snap-421-004,Michael Bloomberg,5d05bb067a7c06f593dae45bf10e0b0239e44c9ec82358e617c9f1535f5a007b,context_link
snap-421-005,Michael Bloomberg,5d05bb067a7c06f593dae45bf10e0b0239e44c9ec82358e617c9f1535f5a007b,context_link
snap-421-006,Michael Bloomberg,5d05bb067a7c06f593dae45bf10e0b0239e44c9ec82358e617c9f1535f5a007b,context_link
snap-421-007,Michael Bloomberg,5d05bb067a7c06f593dae45bf10e0b0239e44c9ec82358e617c9f1535f5a007b,context_link
snap-421-008,Michael Bloomberg,5d05bb067a7c06f593dae45bf10e0b0239e44c9ec82358e617c9f1535f5a007b,context_link
snap-421-009,Michael Bloomberg,5d05bb067a7c06f593dae45bf10e0b0239e44c9ec82358e617c9f1535f5a007b,context_link
snap-421-010,Michael Bloomberg,5d05bb067a7c06f593dae45bf10e0b0239e44c9ec82358e617c9f1535f5a007b,context_link
snap-421-011,Michael Bloomberg,5d05bb067a7c06f593dae45bf10e0b0239e44c9ec82358e617c9f1535f5a007b,context_link
snap-421-012,Michael Bloomberg,5d05bb067a7c06f593dae45bf10e0b0239e44c9ec82358e617c9f1535f5a007b,context_link
snap-421-013,Michael Bloomberg,5d05bb067a7c06f593dae45bf10e0b0239e44c9ec82358e617c9f1535f5a007b,context_link
snap-422-000,Michael Faraday,6e28999c9146f081779b9e11f5f3fe32737cf677d19f87abf44b1aaff568a589,entity_card
snap-422-001,Michael Faraday,6e28999c9146f081779b9e11f5f3fe32737cf677d19f87abf44b1aaff568a589,context_link
snap-422-002,Michael Faraday,6e28999c9146f081779b9e11f5f3fe32737cf677d19f87abf44b1aaff568a589,context_link
snap-422-003,Michael Faraday,6e28999c9146f081779b9e11f5f3fe32737cf677d19f87abf44b1aaff568a589,context_link
snap-422-004,Michael Faraday,6e28999c9146f081779b9e11f5f3fe32737cf677d19f87abf44b1aaff568a589,context_link
snap-423-000,Michael Liebreich,02cbae498f2236a7246613ed10ffec15fdbed2ead43ed4b3eed15fd3ae67c7c1,entity_card
snap-423-001,Michael Liebreich,02cbae498f2236a7246613ed10ffec15fdbed2ead43ed4b3eed15fd3ae67c7c1,context_link
snap-423-002,Michael Liebreich,02cbae498f2236a7246613ed10ffec15fdbed2ead43ed4b3eed15fd3ae67c7c1,context_link
snap-423-003,Michael Liebreich,02cbae498f2236a7246613ed10ffec15fdbed2ead43ed4b3eed15fd3ae67c7c1,context_link
snap-423-004,Michael Liebreich,02cbae498f2236a7246613ed10ffec15fdbed2ead43ed4b3eed15fd3ae67c7c1,context_link
snap-423-005,Michael Liebreich,02cbae498f2236a7246613ed10ffec15fdbed2ead43ed4b3eed15fd3ae67c7c1,context_link
snap-423-006,Michael Liebreich,02cbae498f2236a7246613ed10ffec15fdbed2ead43ed4b3eed15fd3ae67c7c1,context_link
snap-423-007,Michael Liebreich,02cbae498f2236a7246613ed10ffec15fdbed2ead43ed4b3eed15fd3ae67c7c1,context_link
snap-424-000,Michael Rubens,b82b97982262fa04103b1bc29910940d6a4a7e7ff005acbeec38d302b0be8087,entity_card
snap-424-001,Michael Rubens,b82b97982262fa04103b1bc29910940d6a4a7e7ff005acbeec38d302b0be8087,context_link
snap-424-002,Michael Rubens,b82b97982262fa04103b1bc29910940d6a4a7e7ff005acbeec38d302b0be8087,context_link
snap-424-003,Michael Rubens,b82b97982262fa04103b1bc29910940d6a4a7e7ff005acbeec38d302b0be8087,context_link
snap-424-004,Michael Rubens,b82b97982262fa04103b1bc29910940d6a4a7e7ff005acbeec38d302b0be8087,context_link
snap-424-005,Michael Rubens,b82b97982262fa04103b1bc29910940d6a4a7e7ff005acbeec38d302b0be8087,context_link
snap-425-000,Microsoft,95694bb1fa4f2ceaa50e8f9678364af7240f224d6f623c46fb114799f0d29987,entity_card
snap-425-001,Microsoft,95694bb1fa4f2ceaa50e8f9678364af7240f224d6f623c46fb114799f0d29987,context_link
snap-425-002,Microsoft,95694bb1fa4f2ceaa50e8f9678364af7240f224d6f623c46fb114799f0d29987,context_link
snap-425-003,Microsoft,95694bb1fa4f2ceaa50e8f9678364af7240f224d6f623c46fb114799f0d29987,context_link
snap-425-004,Microsoft,95694bb1fa4f2ceaa50e8f9678364af7240f224d6f623c46fb114799f0d29987,context_link
snap-425-005,Microsoft,95694bb1fa4f2ceaa50e8f9678364af7240f224d6f623c46fb114799f0d29987,context_link
snap-425-006,Microsoft,95694bb1fa4f2ceaa50e8f9678364af7240f224d6f623c46fb114799f0d29987,context_link
snap-425-007,Microsoft,95694bb1fa4f2ceaa50e8f9678364af7240f224d6f623c46fb114799f0d29987,context_link
snap-425-008,Microsoft,95694bb1fa4f2ceaa50e8f9678364af7240f224d6f623c46fb114799f0d29987,context_link
snap-425-009,Microsoft,95694bb1fa4f2ceaa50e8f9678364af7240f224d6f623c46fb114799f0d29987,context_link
snap-425-010,Microsoft,95694bb1fa4f2ceaa50e8f9678364af7240f224d6f623c46fb114799f0d29987,context_link
snap-425-011,Microsoft,95694bb1fa4f2ceaa50e8f9678364af7240f224d6f623c46fb114799f0d29987,context_link
snap-425-012,Microsoft,95694bb1fa4f2ceaa50e8f9678364af7240f224d6f623c46fb114799f0d29987,context_link
snap-425-013,Microsoft,95694bb1fa4f2ceaa50e8f9678364af7240f224d6f623c46fb114799f0d29987,context_link
snap-425-014,Microsoft,95694bb1fa4f2ceaa50e8f9678364af7240f224d6f623c46fb114799f0d29987,context_link
snap-425-015,Microsoft,95694bb1fa4f2ceaa50e8f9678364af7240f224d6f623c46fb114799f0d29987,context_link
snap-425-016,Microsoft,95694bb1fa4f2ceaa50e8f9678364af7240f224d6f623c46fb114799f0d29987,context_link
snap-426-000,Microsoft Azure,dda7dcf7ab87db37ca04ef7f7d828c0b9ed114e4235190c4c2f890a2e84eee20,entity_card
snap-426-001,Microsoft Azure,dda7dcf7ab87db37ca04ef7f7d828c0b9ed114e4235190c4c2f890a2e84eee20,context_link
snap-426-002,Microsoft Azure,dda7dcf7ab87db37ca04ef7f7d828c0b9ed114e4235190c4c2f890a2e84eee20,context_link
snap-426-003,Microsoft Azure,dda7dcf7ab87db37ca04ef7f7d828c0b9ed114e4235190c4c2f890a2e84eee20,context_link
snap-426-004,Microsoft Azure,dda7dcf7ab87db37ca04ef7f7d828c0b9ed114e4235190c4c2f890a2e84eee20,context_link
snap-426-005,Microsoft Azure,dda7dcf7ab87db37ca04ef7f7d828c0b9ed114e4235190c4c2f890a2e84eee20,context_link
snap-427-000,Microsoft SQL Server,752d322ec4d1f80078e63c39bf01e83706f98cf2415a8b4ea0fba711c53366d2,entity_card
snap-427-001,Microsoft SQL Server,752d322ec4d1f80078e63c39bf01e83706f98cf2415a8b4ea0fba711c53366d2,context_link
snap-427-002,Microsoft SQL Server,752d322ec4d1f80078e63c39bf01e83706f98cf2415a8b4ea0fba711c53366d2,context_link
snap-427-003,Microsoft SQL Server,752d322ec4d1f80078e63c39bf01e83706f98cf2415a8b4ea0fba711c53366d2,context_link
snap-427-004,Microsoft SQL Server,752d322ec4d1f80078e63c39bf01e83706f98cf2415a8b4ea0fba711c53366d2,context_link
snap-428-000,Middle Ages,c624b3833d5f2fedc92b2c5af605cc676c7db4209b45291269dd3282113b55ac,entity_card
snap-428-001,Middle Ages,c624b3833d5f2fedc92b2c5af605cc676c7db4209b45291269dd3282113b55ac,context_link
snap-428-002,Middle Ages,c624b3833d5f2fedc92b2c5af605cc676c7db4209b45291269dd3282113b55ac,context_link
snap-428-003,Middle Ages,c624b3833d5f2fedc92b2c5af605cc676c7db4209b45291269dd3282113b55ac,context_link
snap-429-000,Middle East,70096e9ca96a4820b9e354f745aeb7d3380437fe4972a0358e8d0c6d834487e2,entity_card
snap-429-001,Middle East,70096e9ca96a4820b9e354f745aeb7d3380437fe4972a0358e8d0c6d834487e2,context_link
snap-429-002,Middle East,70096e9ca96a4820b9e354f745aeb7d3380437fe4972a0358e8d0c6d834487e2,context_link
snap-429-003,Middle East,70096e9ca96a4820b9e354f745aeb7d3380437fe4972a0358e8d0c6d834487e2,context_link
snap-429-004,Middle East,70096e9ca96a4820b9e354f745aeb7d3380437fe4972a0358e8d0c6d834487e2,context_link
snap-430-000,Mike Melvill,b252a1b31aa06ad95869e88a605dca0162dfe886ad2918430a870eb2eae8bcf8,entity_card
snap-430-001,Mike Melvill,b252a1b31aa06ad95869e88a605dca0162dfe886ad2918430a870eb2eae8bcf8,context_link
snap-430-002,Mike Melvill,b252a1b31aa06ad95869e88a605dca0162dfe886ad2918430a870eb2eae8bcf8,context_link
snap-430-003,Mike Melvill,b252a1b31aa06ad95869e88a605dca0162dfe886ad2918430a870eb2eae8bcf8,context_link
snap-430-004,Mike Melvill,b252a1b31aa06ad95869e88a605dca0162dfe886ad2918430a870eb2eae8bcf8,context_link
snap-430-005,Mike Melvill,b252a1b31aa06ad95869e88a605dca0162dfe886ad2918430a870eb2eae8bcf8,context_link
snap-430-006,Mike Melvill,b252a1b31aa06ad95869e88a605dca0162dfe886ad2918430a870eb2eae8bcf8,context_link
snap-430-007,Mike Melvill,b252a1b31aa06ad95869e88a605dca0162dfe886ad2918430a870eb2eae8bcf8,context_link
snap-430-008,Mike Melvill,b252a1b31aa06ad95869e88a605dca0162dfe886ad2918430a870eb2eae8bcf8,context_link
snap-430-009,Mike Melvill,b252a1b31aa06ad95869e88a605dca0162dfe886ad2918430a870eb2eae8bcf8,context_link
snap-430-010,Mike Melvill,b252a1b31aa06ad95869e88a605dca0162dfe886ad2918430a870eb2eae8bcf8,context_link
snap-430-011,Mike Melvill,b252a1b31aa06ad95869e88a605dca0162dfe886ad2918430a870eb2eae8bcf8,context_link
snap-430-012,Mike Melvill,b252a1b31aa06ad95869e88a605dca0162dfe886ad2918430a870eb2eae8bcf8,context_link
snap-430-013,Mike Melvill,b252a1b31aa06ad95869e88a605dca0162dfe886ad2918430a870eb2eae8bcf8,context_link
snap-430-014,Mike Melvill,b252a1b31aa06ad95869e88a605dca0162dfe886ad2918430a870eb2eae8bcf8,context_link
snap-430-015,Mike Melvill,b252a1b31aa06ad95869e88a605dca0162dfe886ad2918430a870eb2eae8bcf8,context_link
snap-430-016,Mike Melvill,b252a1b31aa06ad95869e88a605dca0162dfe886ad2918430a870eb2eae8bcf8,context_link
snap-431-000,Military,718a45cbc1753067a2ed667d91586cc7092e5f5bba8171be912f8688a174854d,entity_card
snap-431-001,Military,718a45cbc1753067a2ed667d91586cc7092e5f5bba8171be912f8688a174854d,context_link
snap-431-002,Military,718a45cbc1753067a2ed667d91586cc7092e5f5bba8171be912f8688a174854d,context_link
snap-432-000,Millennium Falcon,ed4ab8578e1457555d0eb679688bae22216026d3dc3aef623b446231fc1ae176,entity_card
snap-432-001,Millennium Falcon,ed4ab8578e1457555d0eb679688bae22216026d3dc3aef623b446231fc1ae176,context_link
snap-432-002,Millennium Falcon,ed4ab8578e1457555d0eb679688bae22216026d3dc3aef623b446231fc1ae176,context_link
snap-432-003,Millennium Falcon,ed4ab8578e1457555d0eb679688bae22216026d3dc3aef623b446231fc1ae176,context_link
snap-432-004,Millennium Falcon,ed4ab8578e1457555d0eb679688bae22216026d3dc3aef623b446231fc1ae176,context_link
snap-432-005,Millennium Falcon,ed4ab8578e1457555d0eb679688bae22216026d3dc3aef623b446231fc1ae176,context_link
snap-433-000,"Mission District, San Francisco",0595bdc72bcf9afdf778a8d6a313d5b9777b487d8d5528692dc704938251b364,entity_card
snap-433-001,"Mission District, San Francisco",0595bdc72bcf9afdf778a8d6a313d5b9777b487d8d5528692dc704938251b364,context_link
snap-433-002,"Mission District, San Francisco",0595bdc72bcf9afdf778a8d6a313d5b9777b487d8d5528692dc704938251b364,context_link
snap-433-003,"Mission District, San Francisco",0595bdc72bcf9afdf778a8d6a313d5b9777b487d8d5528692dc704938251b364,context_link
snap-433-004,"Mission District, San Francisco",0595bdc72bcf9afdf778a8d6a313d5b9777b487d8d5528692dc704938251b364,context_link
snap-433-005,"Mission District, San Francisco",0595bdc72bcf9afdf778a8d6a313d5b9777b487d8d5528692dc704938251b364,context_link
snap-434-000,Mission control center,ba4b9dee5e66045f17e4086ef296dfda29fbe53983d4d670423d83b3d115be91,entity_card
snap-434-001,Mission control center,ba4b9dee5e66045f17e4086ef296dfda29fbe53983d4d670423d83b3d115be91,context_link
snap-434-002,Mission control center,ba4b9dee5e66045f17e4086ef296dfda29fbe53983d4d670423d83b3d115be91,context_link
snap-434-003,Mission control center,ba4b9dee5e66045f17e4086ef296dfda29fbe53983d4d670423d83b3d115be91,context_link
snap-434-004,Mission control center,ba4b9dee5e66045f17e4086ef296dfda29fbe53983d4d670423d83b3d115be91,context_link
snap-434-005,Mission control center,ba4b9dee5e66045f17e4086ef296dfda29fbe53983d4d670423d83b3d115be91,context_link
snap-434-006,Mission control center,ba4b9dee5e66045f17e4086ef296dfda29fbe53983d4d670423d83b3d115be91,context_link
snap-434-007,Mission control center,ba4b9dee5e66045f17e4086ef296dfda29fbe53983d4d670423d83b3d115be91,context_link
snap-434-008,Mission control center,ba4b9dee5e66045f17e4086ef296dfda29fbe53983d4d670423d83b3d115be91,context_link
snap-434-009,Mission control center,ba4b9dee5e66045f17e4086ef296dfda29fbe53983d4d670423d83b3d115be91,context_link
snap-434-010,Mission control center,ba4b9dee5e66045f17e4086ef296dfda29fbe53983d4d670423d83b3d115be91,context_link
snap-434-011,Mission control center,ba4b9dee5e66045f17e4086ef296dfda29fbe53983d4d670423d83b3d115be91,context_link
snap-434-012,Mission control center,ba4b9dee5e66045f17e4086ef296dfda29fbe53983d4d670423d83b3d115be91,context_link
snap-434-013,Mission control center,ba4b9dee5e66045f17e4086ef296dfda29fbe53983d4d670423d83b3d115be91,context_link
snap-434-014,Mission control center,ba4b9dee5e66045f17e4086ef296dfda29fbe53983d4d670423d83b3d115be91,context_link
snap-434-015,Mission control center,ba4b9dee5e66045f17e4086ef296dfda29fbe53983d4d670423d83b3d115be91,context_link
snap-434-016,Mission control center,ba4b9dee5e66045f17e4086ef296dfda29fbe53983d4d670423d83b3d115be91,context_link
snap-434-017,Mission control center,ba4b9dee5e66045f17e4086ef296dfda29fbe53983d4d670423d83b3d115be91,context_link
snap-434-018,Mission control center,ba4b9dee5e66045f17e4086ef296dfda29fbe53983d4d670423d83b3d115be91,context_link
snap-434-019,Mission control center,ba4b9dee5e66045f17e4086ef296dfda29fbe53983d4d670423d83b3d115be91,context_link
snap-434-020,Mission control center,ba4b9dee5e66045f17e4086ef296dfda29fbe53983d4d670423d83b3d115be91,context_link
snap-435-000,Mitsubishi Heavy Industries,48c63be994bf69c9b707241a2b02cfda27f8fb37bc1215c49283f519db8f7b57,entity_card
snap-435-001,Mitsubishi Heavy Industries,48c63be994bf69c9b707241a2b02cfda27f8fb37bc1215c49283f519db8f7b57,context_link
snap-435-002,Mitsubishi Heavy Industries,48c63be994bf69c9b707241a2b02cfda27f8fb37bc1215c49283f519db8f7b57,context_link
snap-435-003,Mitsubishi Heavy Industries,48c63be994bf69c9b707241a2b02cfda27f8fb37bc1215c49283f519db8f7b57,context_link
snap-435-004,Mitsubishi Heavy Industries,48c63be994bf69c9b707241a2b02cfda27f8fb37bc1215c49283f519db8f7b57,context_link
snap-435-005,Mitsubishi Heavy Industries,48c63be994bf69c9b707241a2b02cfda27f8fb37bc1215c49283f519db8f7b57,context_link
snap-435-006,Mitsubishi Heavy Industries,48c63be994bf69c9b707241a2b02cfda27f8fb37bc1215c49283f519db8f7b57,context_link
snap-435-007,Mitsubishi Heavy Industries,48c63be994bf69c9b707241a2b02cfda27f8fb37bc1215c49283f519db8f7b57,context_link
snap-436-000,Model,4110b771d7826757b9a1cd8654faff9bb1a97840943c24bb2ed605b0c01f0904,entity_card
snap-436-001,Model,4110b771d7826757b9a1cd8654faff9bb1a97840943c24bb2ed605b0c01f0904,context_link
snap-437-000,Mojave Desert,6575ff23c7b43ff7e97961d5edc8332bdad7bdc832e369059d451faa59850882,entity_card
snap-437-001,Mojave Desert,6575ff23c7b43ff7e97961d5edc8332bdad7bdc832e369059d451faa59850882,context_link
snap-437-002,Mojave Desert,6575ff23c7b43ff7e97961d5edc8332bdad7bdc832e369059d451faa59850882,context_link
snap-437-003,Mojave Desert,6575ff23c7b43ff7e97961d5edc8332bdad7bdc832e369059d451faa59850882,context_link
snap-437-004,Mojave Desert,6575ff23c7b43ff7e97961d5edc8332bdad7bdc832e369059d451faa59850882,context_link
snap-438-000,Moon,8a38ff67684b50ca3cfbf8e8049d7a4dbd5bac50d1283043669a6370783d7eb0,entity_card
snap-438-001,Moon,8a38ff67684b50ca3cfbf8e8049d7a4dbd5bac50d1283043669a6370783d7eb0,context_link
snap-438-002,Moon,8a38ff67684b50ca3cfbf8e8049d7a4dbd5bac50d1283043669a6370783d7eb0,context_link
snap-438-003,Moon,8a38ff67684b50ca3cfbf8e8049d7a4dbd5bac50d1283043669a6370783d7eb0,context_link
snap-439-000,Morgan Motor Company,3067dca584e82adce41786940c49ef5a8f6e1fd3b611ca618540aa4da9e4c9b5,entity_card
snap-439-001,Morgan Motor Company,3067dca584e82adce41786940c49ef5a8f6e1fd3b611ca618540aa4da9e4c9b5,context_link
snap-439-002,Morgan Motor Company,3067dca584e82adce41786940c49ef5a8f6e1fd3b611ca618540aa4da9e4c9b5,context_link
snap-439-003,Morgan Motor Company,3067dca584e82adce41786940c49ef5a8f6e1fd3b611ca618540aa4da9e4c9b5,context_link
snap-439-004,Morgan Motor Company,3067dca584e82adce41786940c49ef5a8f6e1fd3b611ca618540aa4da9e4c9b5,context_link
snap-439-005,Morgan Motor Company,3067dca584e82adce41786940c49ef5a8f6e1fd3b611ca618540aa4da9e4c9b5,context_link
snap-440-000,Morgan Stanley,2385b9a6a5555b3c00652602c8e8b241204322aefbd11891fbc2bc34173ff682,entity_card
snap-440-001,Morgan Stanley,2385b9a6a5555b3c00652602c8e8b241204322aefbd11891fbc2bc34173ff682,context_link
snap-440-002,Morgan Stanley,2385b9a6a5555b3c00652602c8e8b241204322aefbd11891fbc2bc34173ff682,context_link
snap-440-003,Morgan Stanley,2385b9a6a5555b3c00652602c8e8b241204322aefbd11891fbc2bc34173ff682,context_link
snap-440-004,Morgan Stanley,2385b9a6a5555b3c00652602c8e8b241204322aefbd11891fbc2bc34173ff682,context_link
snap-440-005,Morgan Stanley,2385b9a6a5555b3c00652602c8e8b241204322aefbd11891fbc2bc34173ff682,context_link
snap-440-006,Morgan Stanley,2385b9a6a5555b3c00652602c8e8b241204322aefbd11891fbc2bc34173ff682,context_link
snap-440-007,Morgan Stanley,2385b9a6a5555b3c00652602c8e8b241204322aefbd11891fbc2bc34173ff682,context_link
snap-440-008,Morgan Stanley,2385b9a6a5555b3c00652602c8e8b241204322aefbd11891fbc2bc34173ff682,context_link
snap-441-000,Motor Trend,65d9ff1f2ed880235a661f6cd1900fd10d11db0bdbd5831fbbe66fa40547040e,entity_card
snap-441-001,Motor Trend,65d9ff1f2ed880235a661f6cd1900fd10d11db0bdbd5831fbbe66fa40547040e,context_link
snap-441-002,Motor Trend,65d9ff1f2ed880235a661f6cd1900fd10d11db0bdbd5831fbbe66fa40547040e,context_link
snap-441-003,Motor Trend,65d9ff1f2ed880235a661f6cd1900fd10d11db0bdbd5831fbbe66fa40547040e,context_link
snap-441-004,Motor Trend,65d9ff1f2ed880235a661f6cd1900fd10d11db0bdbd5831fbbe66fa40547040e,context_link
snap-442-000,Municipal Securities Rulemaking Board,b5620d28a768f3e1433627875217553291e81078a6720d1e93d2186e51a2ef2b,entity_card
snap-442-001,Municipal Securities Rulemaking Board,b5620d28a768f3e1433627875217553291e81078a6720d1e93d2186e51a2ef2b,context_link
snap-442-002,Municipal Securities Rulemaking Board,b5620d28a768f3e1433627875217553291e81078a6720d1e93d2186e51a2ef2b,context_link
snap-442-003,Municipal Securities Rulemaking Board,b5620d28a768f3e1433627875217553291e81078a6720d1e93d2186e51a2ef2b,context_link
snap-442-004,Municipal Securities Rulemaking Board,b5620d28a768f3e1433627875217553291e81078a6720d1e93d2186e51a2ef2b,context_link
snap-442-005,Municipal Securities Rulemaking Board,b5620d28a768f3e1433627875217553291e81078a6720d1e93d2186e51a2ef2b,context_link
snap-443-000,Musk,6cf7263eac50256017a6de0b7e320a223bdaa863e2b06cd4f4cedd7b03b23c37,entity_card
snap-443-001,Musk,6cf7263eac50256017a6de0b7e320a223bdaa863e2b06cd4f4cedd7b03b23c37,context_link
snap-443-002,Musk,6cf7263eac50256017a6de0b7e320a223bdaa863e2b06cd4f4cedd7b03b23c37,context_link
snap-443-003,Musk,6cf7263eac50256017a6de0b7e320a223bdaa863e2b06cd4f4cedd7b03b23c37,context_link
snap-444-000,NASA Deep Space Network,0ffdca4a473d1e897a27a084582c3cf5114fb50eac567823152e5c164158bc88,entity_card
snap-444-001,NASA Deep Space Network,0ffdca4a473d1e897a27a084582c3cf5114fb50eac567823152e5c164158bc88,context_link
snap-444-002,NASA Deep Space Network,0ffdca4a473d1e897a27a084582c3cf5114fb50eac567823152e5c164158bc88,context_link
snap-444-003,NASA Deep Space Network,0ffdca4a473d1e897a27a084582c3cf5114fb50eac567823152e5c164158bc88,context_link
snap-444-004,NASA Deep Space Network,0ffdca4a473d1e897a27a084582c3cf5114fb50eac567823152e5c164158bc88,context_link
snap-444-005,NASA Deep Space Network,0ffdca4a473d1e897a27a084582c3cf5114fb50eac567823152e5c164158bc88,context_link
snap-445-000,NASA Launch Services Program,81ee28d38b069d68eb9bc78b66d1960d688ffa40125c691f80d3b126c9e90980,entity_card
snap-445-001,NASA Launch Services Program,81ee28d38b069d68eb9bc78b66d1960d688ffa40125c691f80d3b126c9e90980,context_link
snap-445-002,NASA Launch Services Program,81ee28d38b069d68eb9bc78b66d1960d688ffa40125c691f80d3b126c9e90980,context_link
snap-445-003,NASA Launch Services Program,81ee28d38b069d68eb9bc78b66d1960d688ffa40125c691f80d3b126c9e90980,context_link
snap-445-004,NASA Launch Services Program,81ee28d38b069d68eb9bc78b66d1960d688ffa40125c691f80d3b126c9e90980,context_link
snap-445-005,NASA Launch Services Program,81ee28d38b069d68eb9bc78b66d1960d688ffa40125c691f80d3b126c9e90980,context_link
snap-445-006,NASA Launch Services Program,81ee28d38b069d68eb9bc78b66d1960d688ffa40125c691f80d3b126c9e90980,context_link
snap-445-007,NASA Launch Services Program,81ee28d38b069d68eb9bc78b66d1960d688ffa40125c691f80d3b126c9e90980,context_link
snap-445-008,NASA Launch Services Program,81ee28d38b069d68eb9bc78b66d1960d688ffa40125c691f80d3b126c9e90980,context_link
snap-445-009,NASA Launch Services Program,81ee28d38b069d68eb9bc78b66d1960d688ffa40125c691f80d3b126c9e90980,context_link
snap-445-010,NASA Launch Services Program,81ee28d38b069d68eb9bc78b66d1960d688ffa40125c691f80d3b126c9e90980,context_link
snap-445-011,NASA Launch Services Program,81ee28d38b069d68eb9bc78b66d1960d688ffa40125c691f80d3b126c9e90980,context_link
snap-445-012,NASA Launch Services Program,81ee28d38b069d68eb9bc78b66d1960d688ffa40125c691f80d3b126c9e90980,context_link
snap-445-013,NASA Launch Services Program,81ee28d38b069d68eb9bc78b66d1960d688ffa40125c691f80d3b126c9e90980,context_link
snap-445-014,NASA Launch Services Program,81ee28d38b069d68eb9bc78b66d1960d688ffa40125c691f80d3b126c9e90980,context_link
snap-445-015,NASA Launch Services Program,81ee28d38b069d68eb9bc78b66d1960d688ffa40125c691f80d3b126c9e90980,context_link
snap-445-016,NASA Launch Services Program,81ee28d38b069d68eb9bc78b66d1960d688ffa40125c691f80d3b126c9e90980,context_link
snap-445-017,NASA Launch Services Program,81ee28d38b069d68eb9bc78b66d1960d688ffa40125c691f80d3b126c9e90980,context_link
snap-445-018,NASA Launch Services Program,81ee28d38b069d68eb9bc78b66d1960d688ffa40125c691f80d3b126c9e90980,context_link
snap-445-019,NASA Launch Services Program,81ee28d38b069d68eb9bc78b66d1960d688ffa40125c691f80d3b126c9e90980,context_link
snap-445-020,NASA Launch Services Program,81ee28d38b069d68eb9bc78b66d1960d688ffa40125c691f80d3b126c9e90980,context_link
snap-446-000,NYSE Euronext,a2ebfb441fe0bdd96ca0272a37e87c94e765b220791d97c58532774dfb017ff9,entity_card
snap-446-001,NYSE Euronext,a2ebfb441fe0bdd96ca0272a37e87c94e765b220791d97c58532774dfb017ff9,context_link
snap-446-002,NYSE Euronext,a2ebfb441fe0bdd96ca0272a37e87c94e765b220791d97c58532774dfb017ff9,context_link
snap-446-003,NYSE Euronext,a2ebfb441fe0bdd96ca0272a37e87c94e765b220791d97c58532774dfb017ff9,context_link
snap-446-004,NYSE Euronext,a2ebfb441fe0bdd96ca0272a37e87c94e765b220791d97c58532774dfb017ff9,context_link
snap-446-005,NYSE Euronext,a2ebfb441fe0bdd96ca0272a37e87c94e765b220791d97c58532774dfb017ff9,context_link
snap-446-006,NYSE Euronext,a2ebfb441fe0bdd96ca0272a37e87c94e765b220791d97c58532774dfb017ff9,context_link
snap-446-007,NYSE Euronext,a2ebfb441fe0bdd96ca0272a37e87c94e765b220791d97c58532774dfb017ff9,context_link
snap-446-008,NYSE Euronext,a2ebfb441fe0bdd96ca0272a37e87c94e765b220791d97c58532774dfb017ff9,context_link
snap-446-009,NYSE Euronext,a2ebfb441fe0bdd96ca0272a37e87c94e765b220791d97c58532774dfb017ff9,context_link
snap-446-010,NYSE Euronext,a2ebfb441fe0bdd96ca0272a37e87c94e765b220791d97c58532774dfb017ff9,context_link
snap-446-011,NYSE Euronext,a2ebfb441fe0bdd96ca0272a37e87c94e765b220791d97c58532774dfb017ff9,context_link
snap-446-012,NYSE Euronext,a2ebfb441fe0bdd96ca0272a37e87c94e765b220791d97c58532774dfb017ff9,context_link
snap-446-013,NYSE Euronext,a2ebfb441fe0bdd96ca0272a37e87c94e765b220791d97c58532774dfb017ff9,context_link
snap-446-014,NYSE Euronext,a2ebfb441fe0bdd96ca0272a37e87c94e765b220791d97c58532774dfb017ff9,context_link
snap-447-000,"Nasdaq, Inc.",9325565bc8ad428abdd3db34c4c68a9e175c195c0e8299186441c5b7850fcc07,entity_card
snap-447-001,"Nasdaq, Inc.",9325565bc8ad428abdd3db34c4c68a9e175c195c0e8299186441c5b7850fcc07,context_link
snap-447-002,"Nasdaq, Inc.",9325565bc8ad428abdd3db34c4c68a9e175c195c0e8299186441c5b7850fcc07,context_link
snap-447-003,"Nasdaq, Inc.",9325565bc8ad428abdd3db34c4c68a9e175c195c0e8299186441c5b7850fcc07,context_link
snap-447-004,"Nasdaq, Inc.",9325565bc8ad428abdd3db34c4c68a9e175c195c0e8299186441c5b7850fcc07,context_link
snap-447-005,"Nasdaq, Inc.",9325565bc8ad428abdd3db34c4c68a9e175c195c0e8299186441c5b7850fcc07,context_link
snap-447-006,"Nasdaq, Inc.",9325565bc8ad428abdd3db34c4c68a9e175c195c0e8299186441c5b7850fcc07,context_link
snap-447-007,"Nasdaq, Inc.",9325565bc8ad428abdd3db34c4c68a9e175c195c0e8299186441c5b7850fcc07,context_link
snap-447-008,"Nasdaq, Inc.",9325565bc8ad428abdd3db34c4c68a9e175c195c0e8299186441c5b7850fcc07,context_link
snap-447-009,"Nasdaq, Inc.",9325565bc8ad428abdd3db34c4c68a9e175c195c0e8299186441c5b7850fcc07,context_link
snap-447-010,"Nasdaq, Inc.",9325565bc8ad428abdd3db34c4c68a9e175c195c0e8299186441c5b7850fcc07,context_link
snap-448-000,Nasdaq,625e6517fd6cd2a8ce338a6a0bf4ba43362e99e7d26c0a5332864a553e6694f8,entity_card
snap-448-001,Nasdaq,625e6517fd6cd2a8ce338a6a0bf4ba43362e99e7d26c0a5332864a553e6694f8,context_link
snap-448-002,Nasdaq,625e6517fd6cd2a8ce338a6a0bf4ba43362e99e7d26c0a5332864a553e6694f8,context_link
snap-448-003,Nasdaq,625e6517fd6cd2a8ce338a6a0bf4ba43362e99e7d26c0a5332864a553e6694f8,context_link
snap-448-004,Nasdaq,625e6517fd6cd2a8ce338a6a0bf4ba43362e99e7d26c0a5332864a553e6694f8,context_link
snap-448-005,Nasdaq,625e6517fd6cd2a8ce338a6a0bf4ba43362e99e7d26c0a5332864a553e6694f8,context_link
snap-448-006,Nasdaq,625e6517fd6cd2a8ce338a6a0bf4ba43362e99e7d26c0a5332864a553e6694f8,context_link
snap-448-007,Nasdaq,625e6517fd6cd2a8ce338a6a0bf4ba43362e99e7d26c0a5332864a553e6694f8,context_link
snap-448-008,Nasdaq,625e6517fd6cd2a8ce338a6a0bf4ba43362e99e7d26c0a5332864a553e6694f8,context_link
snap-448-009,Nasdaq,625e6517fd6cd2a8ce338a6a0bf4ba43362e99e7d26c0a5332864a553e6694f8,context_link
snap-449-000,Nasdaq Composite,09560740e300caa524043380ba1d0610a7e74989d1371c471ea7f9ba012da334,entity_card
snap-449-001,Nasdaq Composite,09560740e300caa524043380ba1d0610a7e74989d1371c471ea7f9ba012da334,definition_claim
snap-449-002,Nasdaq Composite,09560740e300caa524043380ba1d0610a7e74989d1371c471ea7f9ba012da334,context_link
snap-449-003,Nasdaq Composite,09560740e300caa524043380ba1d0610a7e74989d1371c471ea7f9ba012da334,context_link
snap-449-004,Nasdaq Composite,09560740e300caa524043380ba1d0610a7e74989d1371c471ea7f9ba012da334,context_link
snap-449-005,Nasdaq Composite,09560740e300caa524043380ba1d0610a7e74989d1371c471ea7f9ba012da334,context_link
snap-449-006,Nasdaq Composite,09560740e300caa524043380ba1d0610a7e74989d1371c471ea7f9ba012da334,context_link
snap-450-000,National Affairs,914037b94be03f8226539a8bbbf2bb86ec22f3c839ba7a889b3f0f5a98eff813,entity_card
snap-450-001,National Affairs,914037b94be03f8226539a8bbbf2bb86ec22f3c839ba7a889b3f0f5a98eff813,context_link
snap-450-002,National Affairs,914037b94be03f8226539a8bbbf2bb86ec22f3c839ba7a889b3f0f5a98eff813,context_link
snap-450-003,National Affairs,914037b94be03f8226539a8bbbf2bb86ec22f3c839ba7a889b3f0f5a98eff813,context_link
snap-451-000,National Historic Landmark,06673b45785ccf9b8d5bdbf1535780f922447d66d83b4af3b159bb918f0b8108,entity_card
snap-451-001,National Historic Landmark,06673b45785ccf9b8d5bdbf1535780f922447d66d83b4af3b159bb918f0b8108,context_link
snap-451-002,National Historic Landmark,06673b45785ccf9b8d5bdbf1535780f922447d66d83b4af3b159bb918f0b8108,context_link
snap-451-003,National Historic Landmark,06673b45785ccf9b8d5bdbf1535780f922447d66d83b4af3b159bb918f0b8108,context_link
snap-451-004,National Historic Landmark,06673b45785ccf9b8d5bdbf1535780f922447d66d83b4af3b159bb918f0b8108,context_link
snap-451-005,National Historic Landmark,06673b45785ccf9b8d5bdbf1535780f922447d66d83b4af3b159bb918f0b8108,context_link
snap-451-006,National Historic Landmark,06673b45785ccf9b8d5bdbf1535780f922447d66d83b4af3b159bb918f0b8108,context_link
snap-452-000,National Security Space Launch,41b94c0a0bb7c4406851180b028bce37291b935d6952a11af7b87451290214ac,entity_card
snap-452-001,National Security Space Launch,41b94c0a0bb7c4406851180b028bce37291b935d6952a11af7b87451290214ac,context_link
snap-452-002,National Security Space Launch,41b94c0a0bb7c4406851180b028bce37291b935d6952a11af7b87451290214ac,context_link
snap-452-003,National Security Space Launch,41b94c0a0bb7c4406851180b028bce37291b935d6952a11af7b87451290214ac,context_link
snap-452-004,National Security Space Launch,41b94c0a0bb7c4406851180b028bce37291b935d6952a11af7b87451290214ac,context_link
snap-452-005,National Security Space Launch,41b94c0a0bb7c4406851180b028bce37291b935d6952a11af7b87451290214ac,context_link
snap-452-006,National Security Space Launch,41b94c0a0bb7c4406851180b028bce37291b935d6952a11af7b87451290214ac,context_link
snap-452-007,National Security Space Launch,41b94c0a0bb7c4406851180b028bce37291b935d6952a11af7b87451290214ac,context_link
snap-452-008,National Security Space Launch,41b94c0a0bb7c4406851180b028bce37291b935d6952a11af7b87451290214ac,context_link
snap-452-009,National Security Space Launch,41b94c0a0bb7c4406851180b028bce37291b935d6952a11af7b87451290214ac,context_link
snap-452-010,National Security Space Launch,41b94c0a0bb7c4406851180b028bce37291b935d6952a11af7b87451290214ac,context_link
snap-452-011,National Security Space Launch,41b94c0a0bb7c4406851180b028bce37291b935d6952a11af7b87451290214ac,context_link
snap-452-012,National Security Space Launch,41b94c0a0bb7c4406851180b028bce37291b935d6952a11af7b87451290214ac,context_link
snap-452-013,National Security Space Launch,41b94c0a0bb7c4406851180b028bce37291b935d6952a11af7b87451290214ac,context_link
snap-452-014,National Security Space Launch,41b94c0a0bb7c4406851180b028bce37291b935d6952a11af7b87451290214ac,context_link
snap-453-000,National Space Biomedical Research Institute,f8f14bcb2e1f70a58c4f4e62d6c3366aa89d5684e9cc01ccd6c8bc5f3303d681,entity_card
snap-453-001,National Space Biomedical Research Institute,f8f14bcb2e1f70a58c4f4e62d6c3366aa89d5684e9cc01ccd6c8bc5f3303d681,context_link
snap-453-002,National Space Biomedical Research Institute,f8f14bcb2e1f70a58c4f4e62d6c3366aa89d5684e9cc01ccd6c8bc5f3303d681,context_link
snap-453-003,National Space Biomedical Research Institute,f8f14bcb2e1f70a58c4f4e62d6c3366aa89d5684e9cc01ccd6c8bc5f3303d681,context_link
snap-453-004,National Space Biomedical Research Institute,f8f14bcb2e1f70a58c4f4e62d6c3366aa89d5684e9cc01ccd6c8bc5f3303d681,context_link
snap-453-005,National Space Biomedical Research Institute,f8f14bcb2e1f70a58c4f4e62d6c3366aa89d5684e9cc01ccd6c8bc5f3303d681,context_link
snap-453-006,National Space Biomedical Research Institute,f8f14bcb2e1f70a58c4f4e62d6c3366aa89d5684e9cc01ccd6c8bc5f3303d681,context_link
snap-453-007,National Space Biomedical Research Institute,f8f14bcb2e1f70a58c4f4e62d6c3366aa89d5684e9cc01ccd6c8bc5f3303d681,context_link
snap-453-008,National Space Biomedical Research Institute,f8f14bcb2e1f70a58c4f4e62d6c3366aa89d5684e9cc01ccd6c8bc5f3303d681,context_link
snap-453-009,National Space Biomedical Research Institute,f8f14bcb2e1f70a58c4f4e62d6c3366aa89d5684e9cc01ccd6c8bc5f3303d681,context_link
snap-453-010,National Space Biomedical Research Institute,f8f14bcb2e1f70a58c4f4e62d6c3366aa89d5684e9cc01ccd6c8bc5f3303d681,context_link
snap-454-000,National Space Society,e3a04b4dac41f57c5a7851883787bd38cfb75cfc5ad076e6313f31dcb75bb1a5,entity_card
snap-454-001,National Space Society,e3a04b4dac41f57c5a7851883787bd38cfb75cfc5ad076e6313f31dcb75bb1a5,context_link
snap-454-002,National Space Society,e3a04b4dac41f57c5a7851883787bd38cfb75cfc5ad076e6313f31dcb75bb1a5,context_link
snap-454-003,National Space Society,e3a04b4dac41f57c5a7851883787bd38cfb75cfc5ad076e6313f31dcb75bb1a5,context_link
snap-454-004,National Space Society,e3a04b4dac41f57c5a7851883787bd38cfb75cfc5ad076e6313f31dcb75bb1a5,context_link
snap-454-005,National Space Society,e3a04b4dac41f57c5a7851883787bd38cfb75cfc5ad076e6313f31dcb75bb1a5,context_link
snap-454-006,National Space Society,e3a04b4dac41f57c5a7851883787bd38cfb75cfc5ad076e6313f31dcb75bb1a5,context_link
snap-454-007,National Space Society,e3a04b4dac41f57c5a7851883787bd38cfb75cfc5ad076e6313f31dcb75bb1a5,context_link
snap-454-008,National Space Society,e3a04b4dac41f57c5a7851883787bd38cfb75cfc5ad076e6313f31dcb75bb1a5,context_link
snap-455-000,National security,18f136da7e04eed185487850888e257d1fe105ff2db294bd10d76458749b7048,entity_card
snap-455-001,National security,18f136da7e04eed185487850888e257d1fe105ff2db294bd10d76458749b7048,context_link
snap-455-002,National security,18f136da7e04eed185487850888e257d1fe105ff2db294bd10d76458749b7048,context_link
snap-455-003,National security,18f136da7e04eed185487850888e257d1fe105ff2db294bd10d76458749b7048,context_link
snap-456-000,Naval air station,b2dddbfb914739af2f5e7cd7995eed9b9678b5ae41b67e7c07f24adc17dea8a6,entity_card
snap-456-001,Naval air station,b2dddbfb914739af2f5e7cd7995eed9b9678b5ae41b67e7c07f24adc17dea8a6,context_link
snap-456-002,Naval air station,b2dddbfb914739af2f5e7cd7995eed9b9678b5ae41b67e7c07f24adc17dea8a6,context_link
snap-456-003,Naval air station,b2dddbfb914739af2f5e7cd7995eed9b9678b5ae41b67e7c07f24adc17dea8a6,context_link
snap-457-000,Neil Armstrong,28b221cc57495a38bb3a92daeb3eff7d5eef7413f86b669e9a3c13a4254270ee,entity_card
snap-457-001,Neil Armstrong,28b221cc57495a38bb3a92daeb3eff7d5eef7413f86b669e9a3c13a4254270ee,context_link
snap-457-002,Neil Armstrong,28b221cc57495a38bb3a92daeb3eff7d5eef7413f86b669e9a3c13a4254270ee,context_link
snap-457-003,Neil Armstrong,28b221cc57495a38bb3a92daeb3eff7d5eef7413f86b669e9a3c13a4254270ee,context_link
snap-457-004,Neil Armstrong,28b221cc57495a38bb3a92daeb3eff7d5eef7413f86b669e9a3c13a4254270ee,context_link
snap-457-005,Neil Armstrong,28b221cc57495a38bb3a92daeb3eff7d5eef7413f86b669e9a3c13a4254270ee,context_link
snap-457-006,Neil Armstrong,28b221cc57495a38bb3a92daeb3eff7d5eef7413f86b669e9a3c13a4254270ee,context_link
snap-457-007,Neil Armstrong,28b221cc57495a38bb3a92daeb3eff7d5eef7413f86b669e9a3c13a4254270ee,context_link
snap-457-008,Neil Armstrong,28b221cc57495a38bb3a92daeb3eff7d5eef7413f86b669e9a3c13a4254270ee,context_link
snap-457-009,Neil Armstrong,28b221cc57495a38bb3a92daeb3eff7d5eef7413f86b669e9a3c13a4254270ee,context_link
snap-457-010,Neil Armstrong,28b221cc57495a38bb3a92daeb3eff7d5eef7413f86b669e9a3c13a4254270ee,context_link
snap-457-011,Neil Armstrong,28b221cc57495a38bb3a92daeb3eff7d5eef7413f86b669e9a3c13a4254270ee,context_link
snap-457-012,Neil Armstrong,28b221cc57495a38bb3a92daeb3eff7d5eef7413f86b669e9a3c13a4254270ee,context_link
snap-458-000,Neurotechnology,ea0f843d4dd28f3c11102625e081881a05540ea2875c4bb07247d4409479fe6a,entity_card
snap-458-001,Neurotechnology,ea0f843d4dd28f3c11102625e081881a05540ea2875c4bb07247d4409479fe6a,context_link
snap-458-002,Neurotechnology,ea0f843d4dd28f3c11102625e081881a05540ea2875c4bb07247d4409479fe6a,context_link
snap-459-000,Nevada corporation,be46432f52f925e9beb9502ae03bd038552ba25ce5f814c7de85f02c5263634b,entity_card
snap-459-001,Nevada corporation,be46432f52f925e9beb9502ae03bd038552ba25ce5f814c7de85f02c5263634b,context_link
snap-459-002,Nevada corporation,be46432f52f925e9beb9502ae03bd038552ba25ce5f814c7de85f02c5263634b,context_link
snap-459-003,Nevada corporation,be46432f52f925e9beb9502ae03bd038552ba25ce5f814c7de85f02c5263634b,context_link
snap-459-004,Nevada corporation,be46432f52f925e9beb9502ae03bd038552ba25ce5f814c7de85f02c5263634b,context_link
snap-460-000,New Deal,665945ab0064c17a57bbd9c7606672e66b9eca89c5b6faf7516323e0d9b3e931,entity_card
snap-460-001,New Deal,665945ab0064c17a57bbd9c7606672e66b9eca89c5b6faf7516323e0d9b3e931,context_link
snap-460-002,New Deal,665945ab0064c17a57bbd9c7606672e66b9eca89c5b6faf7516323e0d9b3e931,context_link
snap-461-000,New Glenn,7b75db79607a194347cde03ce3c11460f9df72a7a1619c09d91847178390531e,entity_card
snap-461-001,New Glenn,7b75db79607a194347cde03ce3c11460f9df72a7a1619c09d91847178390531e,context_link
snap-461-002,New Glenn,7b75db79607a194347cde03ce3c11460f9df72a7a1619c09d91847178390531e,context_link
snap-461-003,New Glenn,7b75db79607a194347cde03ce3c11460f9df72a7a1619c09d91847178390531e,context_link
snap-461-004,New Glenn,7b75db79607a194347cde03ce3c11460f9df72a7a1619c09d91847178390531e,context_link
snap-461-005,New Glenn,7b75db79607a194347cde03ce3c11460f9df72a7a1619c09d91847178390531e,context_link
snap-461-006,New Glenn,7b75db79607a194347cde03ce3c11460f9df72a7a1619c09d91847178390531e,context_link
snap-461-007,New Glenn,7b75db79607a194347cde03ce3c11460f9df72a7a1619c09d91847178390531e,context_link
snap-461-008,New Glenn,7b75db79607a194347cde03ce3c11460f9df72a7a1619c09d91847178390531e,context_link
snap-461-009,New Glenn,7b75db79607a194347cde03ce3c11460f9df72a7a1619c09d91847178390531e,context_link
snap-461-010,New Glenn,7b75db79607a194347cde03ce3c11460f9df72a7a1619c09d91847178390531e,context_link
snap-461-011,New Glenn,7b75db79607a194347cde03ce3c11460f9df72a7a1619c09d91847178390531e,context_link
snap-462-000,New Horizons,b116e502c68af5643ff9dbd8cefac819084e4f24c914cecc5e7506f2723c0c8f,entity_card
snap-462-001,New Horizons,b116e502c68af5643ff9dbd8cefac819084e4f24c914cecc5e7506f2723c0c8f,context_link
snap-462-002,New Horizons,b116e502c68af5643ff9dbd8cefac819084e4f24c914cecc5e7506f2723c0c8f,context_link
snap-462-003,New Horizons,b116e502c68af5643ff9dbd8cefac819084e4f24c914cecc5e7506f2723c0c8f,context_link
snap-462-004,New Horizons,b116e502c68af5643ff9dbd8cefac819084e4f24c914cecc5e7506f2723c0c8f,context_link
snap-462-005,New Horizons,b116e502c68af5643ff9dbd8cefac819084e4f24c914cecc5e7506f2723c0c8f,context_link
snap-462-006,New Horizons,b116e502c68af5643ff9dbd8cefac819084e4f24c914cecc5e7506f2723c0c8f,context_link
snap-462-007,New Horizons,b116e502c68af5643ff9dbd8cefac819084e4f24c914cecc5e7506f2723c0c8f,context_link
snap-462-008,New Horizons,b116e502c68af5643ff9dbd8cefac819084e4f24c914cecc5e7506f2723c0c8f,context_link
snap-462-009,New Horizons,b116e502c68af5643ff9dbd8cefac819084e4f24c914cecc5e7506f2723c0c8f,context_link
snap-462-010,New Horizons,b116e502c68af5643ff9dbd8cefac819084e4f24c914cecc5e7506f2723c0c8f,context_link
snap-462-011,New Horizons,b116e502c68af5643ff9dbd8cefac819084e4f24c914cecc5e7506f2723c0c8f,context_link
snap-462-012,New Horizons,b116e502c68af5643ff9dbd8cefac819084e4f24c914cecc5e7506f2723c0c8f,context_link
snap-462-013,New Horizons,b116e502c68af5643ff9dbd8cefac819084e4f24c914cecc5e7506f2723c0c8f,context_link
snap-463-000,New Jersey,13c61367f05f528c5a0296f13f6fb63dcf6f356318aaac7ab04bd6bcba2bf88b,entity_card
snap-463-001,New Jersey,13c61367f05f528c5a0296f13f6fb63dcf6f356318aaac7ab04bd6bcba2bf88b,context_link
snap-463-002,New Jersey,13c61367f05f528c5a0296f13f6fb63dcf6f356318aaac7ab04bd6bcba2bf88b,context_link
snap-463-003,New Jersey,13c61367f05f528c5a0296f13f6fb63dcf6f356318aaac7ab04bd6bcba2bf88b,context_link
snap-463-004,New Jersey,13c61367f05f528c5a0296f13f6fb63dcf6f356318aaac7ab04bd6bcba2bf88b,context_link
snap-463-005,New Jersey,13c61367f05f528c5a0296f13f6fb63dcf6f356318aaac7ab04bd6bcba2bf88b,context_link
snap-464-000,New Mexico,a120ee7f22e331a2b5aac9791a691161529741aae03042547496d0e4877d1820,entity_card
snap-464-001,New Mexico,a120ee7f22e331a2b5aac9791a691161529741aae03042547496d0e4877d1820,context_link
snap-464-002,New Mexico,a120ee7f22e331a2b5aac9791a691161529741aae03042547496d0e4877d1820,context_link
snap-465-000,New Shepard,9c8ad8cbbed7ad7e198fcf07e53f2eabe8452f783488603053db499e6496d436,entity_card
snap-465-001,New Shepard,9c8ad8cbbed7ad7e198fcf07e53f2eabe8452f783488603053db499e6496d436,context_link
snap-465-002,New Shepard,9c8ad8cbbed7ad7e198fcf07e53f2eabe8452f783488603053db499e6496d436,context_link
snap-465-003,New Shepard,9c8ad8cbbed7ad7e198fcf07e53f2eabe8452f783488603053db499e6496d436,context_link
snap-465-004,New Shepard,9c8ad8cbbed7ad7e198fcf07e53f2eabe8452f783488603053db499e6496d436,context_link
snap-465-005,New Shepard,9c8ad8cbbed7ad7e198fcf07e53f2eabe8452f783488603053db499e6496d436,context_link
snap-465-006,New Shepard,9c8ad8cbbed7ad7e198fcf07e53f2eabe8452f783488603053db499e6496d436,context_link
snap-465-007,New Shepard,9c8ad8cbbed7ad7e198fcf07e53f2eabe8452f783488603053db499e6496d436,context_link
snap-465-008,New Shepard,9c8ad8cbbed7ad7e198fcf07e53f2eabe8452f783488603053db499e6496d436,context_link
snap-465-009,New Shepard,9c8ad8cbbed7ad7e198fcf07e53f2eabe8452f783488603053db499e6496d436,context_link
snap-465-010,New Shepard,9c8ad8cbbed7ad7e198fcf07e53f2eabe8452f783488603053db499e6496d436,context_link
snap-465-011,New Shepard,9c8ad8cbbed7ad7e198fcf07e53f2eabe8452f783488603053db499e6496d436,context_link
snap-465-012,New Shepard,9c8ad8cbbed7ad7e198fcf07e53f2eabe8452f783488603053db499e6496d436,context_link
snap-465-013,New Shepard,9c8ad8cbbed7ad7e198fcf07e53f2eabe8452f783488603053db499e6496d436,context_link
snap-465-014,New Shepard,9c8ad8cbbed7ad7e198fcf07e53f2eabe8452f783488603053db499e6496d436,context_link
snap-466-000,New York City,eaaaf52ce203a6150e805fb95eff696246f7557d39d5d5428596da4471364b85,entity_card
snap-466-001,New York City,eaaaf52ce203a6150e805fb95eff696246f7557d39d5d5428596da4471364b85,context_link
snap-466-002,New York City,eaaaf52ce203a6150e805fb95eff696246f7557d39d5d5428596da4471364b85,context_link
snap-466-003,New York City,eaaaf52ce203a6150e805fb95eff696246f7557d39d5d5428596da4471364b85,context_link
snap-466-004,New York City,eaaaf52ce203a6150e805fb95eff696246f7557d39d5d5428596da4471364b85,context_link
snap-466-005,New York City,eaaaf52ce203a6150e805fb95eff696246f7557d39d5d5428596da4471364b85,context_link
snap-466-006,New York City,eaaaf52ce203a6150e805fb95eff696246f7557d39d5d5428596da4471364b85,context_link
snap-467-000,New York Stock Exchange,a058737616744cb4e5d66613b398920471fd28206fd0cf3e69ad8419cc3eba02,entity_card
snap-467-001,New York Stock Exchange,a058737616744cb4e5d66613b398920471fd28206fd0cf3e69ad8419cc3eba02,context_link
snap-467-002,New York Stock Exchange,a058737616744cb4e5d66613b398920471fd28206fd0cf3e69ad8419cc3eba02,context_link
snap-467-003,New York Stock Exchange,a058737616744cb4e5d66613b398920471fd28206fd0cf3e69ad8419cc3eba02,context_link
snap-468-000,New York Stock Exchange Building,c92c9037bccfd07527a1084d9427f72f12a06001c04cfc94317d1bd845b6789d,entity_card
snap-468-001,New York Stock Exchange Building,c92c9037bccfd07527a1084d9427f72f12a06001c04cfc94317d1bd845b6789d,context_link
snap-468-002,New York Stock Exchange Building,c92c9037bccfd07527a1084d9427f72f12a06001c04cfc94317d1bd845b6789d,context_link
snap-468-003,New York Stock Exchange Building,c92c9037bccfd07527a1084d9427f72f12a06001c04cfc94317d1bd845b6789d,context_link
snap-468-004,New York Stock Exchange Building,c92c9037bccfd07527a1084d9427f72f12a06001c04cfc94317d1bd845b6789d,context_link
snap-468-005,New York Stock Exchange Building,c92c9037bccfd07527a1084d9427f72f12a06001c04cfc94317d1bd845b6789d,context_link
snap-468-006,New York Stock Exchange Building,c92c9037bccfd07527a1084d9427f72f12a06001c04cfc94317d1bd845b6789d,context_link
snap-469-000,Nikola Tesla,c4a45ed659462903fe0db5d28816cb8eb9727733c1d78d9c0bd5d978eebb02af,entity_card
snap-469-001,Nikola Tesla,c4a45ed659462903fe0db5d28816cb8eb9727733c1d78d9c0bd5d978eebb02af,context_link
snap-469-002,Nikola Tesla,c4a45ed659462903fe0db5d28816cb8eb9727733c1d78d9c0bd5d978eebb02af,context_link
snap-469-003,Nikola Tesla,c4a45ed659462903fe0db5d28816cb8eb9727733c1d78d9c0bd5d978eebb02af,context_link
snap-469-004,Nikola Tesla,c4a45ed659462903fe0db5d28816cb8eb9727733c1d78d9c0bd5d978eebb02af,context_link
snap-470-000,Nissan Leaf,f45a5c7ce4c827272df4c5992e7bf11f0069b0816db572ce13f856f2bea9b890,entity_card
snap-470-001,Nissan Leaf,f45a5c7ce4c827272df4c5992e7bf11f0069b0816db572ce13f856f2bea9b890,context_link
snap-470-002,Nissan Leaf,f45a5c7ce4c827272df4c5992e7bf11f0069b0816db572ce13f856f2bea9b890,context_link
snap-470-003,Nissan Leaf,f45a5c7ce4c827272df4c5992e7bf11f0069b0816db572ce13f856f2bea9b890,context_link
snap-470-004,Nissan Leaf,f45a5c7ce4c827272df4c5992e7bf11f0069b0816db572ce13f856f2bea9b890,context_link
snap-470-005,Nissan Leaf,f45a5c7ce4c827272df4c5992e7bf11f0069b0816db572ce13f856f2bea9b890,context_link
snap-470-006,Nissan Leaf,f45a5c7ce4c827272df4c5992e7bf11f0069b0816db572ce13f856f2bea9b890,context_link
snap-470-007,Nissan Leaf,f45a5c7ce4c827272df4c5992e7bf11f0069b0816db572ce13f856f2bea9b890,context_link
snap-470-008,Nissan Leaf,f45a5c7ce4c827272df4c5992e7bf11f0069b0816db572ce13f856f2bea9b890,context_link
snap-470-009,Nissan Leaf,f45a5c7ce4c827272df4c5992e7bf11f0069b0816db572ce13f856f2bea9b890,context_link
snap-470-010,Nissan Leaf,f45a5c7ce4c827272df4c5992e7bf11f0069b0816db572ce13f856f2bea9b890,context_link
snap-470-011,Nissan Leaf,f45a5c7ce4c827272df4c5992e7bf11f0069b0816db572ce13f856f2bea9b890,context_link
snap-470-012,Nissan Leaf,f45a5c7ce4c827272df4c5992e7bf11f0069b0816db572ce13f856f2bea9b890,context_link
snap-471-000,Noah Glass,947dc2918f5c7dda4eaf9c6fdca96bbe3536e994c32b330d35a3c91d8f10de14,entity_card
snap-471-001,Noah Glass,947dc2918f5c7dda4eaf9c6fdca96bbe3536e994c32b330d35a3c91d8f10de14,context_link
snap-471-002,Noah Glass,947dc2918f5c7dda4eaf9c6fdca96bbe3536e994c32b330d35a3c91d8f10de14,context_link
snap-472-000,Nobel Prize,2fecb1346826e34713c6176bbe1b2ff8c5018438800c9354813bb43febb7b800,entity_card
snap-472-001,Nobel Prize,2fecb1346826e34713c6176bbe1b2ff8c5018438800c9354813bb43febb7b800,context_link
snap-472-002,Nobel Prize,2fecb1346826e34713c6176bbe1b2ff8c5018438800c9354813bb43febb7b800,context_link
snap-472-003,Nobel Prize,2fecb1346826e34713c6176bbe1b2ff8c5018438800c9354813bb43febb7b800,context_link
snap-472-004,Nobel Prize,2fecb1346826e34713c6176bbe1b2ff8c5018438800c9354813bb43febb7b800,context_link
snap-472-005,Nobel Prize,2fecb1346826e34713c6176bbe1b2ff8c5018438800c9354813bb43febb7b800,context_link
snap-473-000,North America,e858520ddae34f19aa6479341bb787828f999a172819534343ac8a0f0540cdc6,entity_card
snap-473-001,North America,e858520ddae34f19aa6479341bb787828f999a172819534343ac8a0f0540cdc6,context_link
snap-473-002,North America,e858520ddae34f19aa6479341bb787828f999a172819534343ac8a0f0540cdc6,context_link
snap-473-003,North America,e858520ddae34f19aa6479341bb787828f999a172819534343ac8a0f0540cdc6,context_link
snap-473-004,North America,e858520ddae34f19aa6479341bb787828f999a172819534343ac8a0f0540cdc6,context_link
snap-473-005,North America,e858520ddae34f19aa6479341bb787828f999a172819534343ac8a0f0540cdc6,context_link
snap-473-006,North America,e858520ddae34f19aa6479341bb787828f999a172819534343ac8a0f0540cdc6,context_link
snap-474-000,Northrop Grumman,92fe4f8cd72e1c9e166903274c7a1ebbb76512c4b75965d1bb390888448766f9,entity_card
snap-474-001,Northrop Grumman,92fe4f8cd72e1c9e166903274c7a1ebbb76512c4b75965d1bb390888448766f9,relation_claim
snap-474-002,Northrop Grumman,92fe4f8cd72e1c9e166903274c7a1ebbb76512c4b75965d1bb390888448766f9,relation_claim
snap-474-003,Northrop Grumman,92fe4f8cd72e1c9e166903274c7a1ebbb76512c4b75965d1bb390888448766f9,relation_claim
snap-474-004,Northrop Grumman,92fe4f8cd72e1c9e166903274c7a1ebbb76512c4b75965d1bb390888448766f9,relation_claim
snap-474-005,Northrop Grumman,92fe4f8cd72e1c9e166903274c7a1ebbb76512c4b75965d1bb390888448766f9,relation_claim
snap-474-006,Northrop Grumman,92fe4f8cd72e1c9e166903274c7a1ebbb76512c4b75965d1bb390888448766f9,relation_claim
snap-474-007,Northrop Grumman,92fe4f8cd72e1c9e166903274c7a1ebbb76512c4b75965d1bb390888448766f9,relation_claim
snap-474-008,Northrop Grumman,92fe4f8cd72e1c9e166903274c7a1ebbb76512c4b75965d1bb390888448766f9,relation_claim
snap-474-009,Northrop Grumman,92fe4f8cd72e1c9e166903274c7a1ebbb76512c4b75965d1bb390888448766f9,relation_claim
snap-474-010,Northrop Grumman,92fe4f8cd72e1c9e166903274c7a1ebbb76512c4b75965d1bb390888448766f9,relation_claim
snap-474-011,Northrop Grumman,92fe4f8cd72e1c9e166903274c7a1ebbb76512c4b75965d1bb390888448766f9,context_link
snap-474-012,Northrop Grumman,92fe4f8cd72e1c9e166903274c7a1ebbb76512c4b75965d1bb390888448766f9,context_link
snap-474-013,Northrop Grumman,92fe4f8cd72e1c9e166903274c7a1ebbb76512c4b75965d1bb390888448766f9,context_link
snap-474-014,Northrop Grumman,92fe4f8cd72e1c9e166903274c7a1ebbb76512c4b75965d1bb390888448766f9,context_link
snap-474-015,Northrop Grumman,92fe4f8cd72e1c9e166903274c7a1ebbb76512c4b75965d1bb390888448766f9,context_link
snap-474-016,Northrop Grumman,92fe4f8cd72e1c9e166903274c7a1ebbb76512c4b75965d1bb390888448766f9,context_link
snap-474-017,Northrop Grumman,92fe4f8cd72e1c9e166903274c7a1ebbb76512c4b75965d1bb390888448766f9,context_link
snap-474-018,Northrop Grumman,92fe4f8cd72e1c9e166903274c7a1ebbb76512c4b75965d1bb390888448766f9,context_link
snap-474-019,Northrop Grumman,92fe4f8cd72e1c9e166903274c7a1ebbb76512c4b75965d1bb390888448766f9,context_link
snap-475-000,November,8ac5460b5a374326a6d135a8452a8a0141af21d8793f4280822ee65f6c2d80c3,entity_card
snap-475-001,November,8ac5460b5a374326a6d135a8452a8a0141af21d8793f4280822ee65f6c2d80c3,context_link
snap-475-002,November,8ac5460b5a374326a6d135a8452a8a0141af21d8793f4280822ee65f6c2d80c3,context_link
snap-475-003,November,8ac5460b5a374326a6d135a8452a8a0141af21d8793f4280822ee65f6c2d80c3,context_link
snap-475-004,November,8ac5460b5a374326a6d135a8452a8a0141af21d8793f4280822ee65f6c2d80c3,context_link
snap-475-005,November,8ac5460b5a374326a6d135a8452a8a0141af21d8793f4280822ee65f6c2d80c3,context_link
snap-476-000,O. Douglas,56edac9c98c745eb68e6f81e956b35eeb40ccf6bd4e8c17ccf497e8f9c3fc2a0,entity_card
snap-476-001,O. Douglas,56edac9c98c745eb68e6f81e956b35eeb40ccf6bd4e8c17ccf497e8f9c3fc2a0,context_link
snap-476-002,O. Douglas,56edac9c98c745eb68e6f81e956b35eeb40ccf6bd4e8c17ccf497e8f9c3fc2a0,context_link
snap-477-000,October,27bffba8d439182238fa9fffbb1ac6ec5c31202bf2bac11236248605666fd1c3,entity_card
snap-477-001,October,27bffba8d439182238fa9fffbb1ac6ec5c31202bf2bac11236248605666fd1c3,context_link
snap-477-002,October,27bffba8d439182238fa9fffbb1ac6ec5c31202bf2bac11236248605666fd1c3,context_link
snap-477-003,October,27bffba8d439182238fa9fffbb1ac6ec5c31202bf2bac11236248605666fd1c3,context_link
snap-477-004,October,27bffba8d439182238fa9fffbb1ac6ec5c31202bf2bac11236248605666fd1c3,context_link
snap-478-000,Olympus Mons,dc814348b9c47cde44454493fc27884a9cb3def08352e8305512f774ecc1abea,entity_card
snap-478-001,Olympus Mons,dc814348b9c47cde44454493fc27884a9cb3def08352e8305512f774ecc1abea,context_link
snap-478-002,Olympus Mons,dc814348b9c47cde44454493fc27884a9cb3def08352e8305512f774ecc1abea,context_link
snap-479-000,Omelek Island,09dcef6a86b665b285a4c31af7ab7032e0458b074c254dd9df60d3404f73a0b4,entity_card
snap-479-001,Omelek Island,09dcef6a86b665b285a4c31af7ab7032e0458b074c254dd9df60d3404f73a0b4,context_link
snap-479-002,Omelek Island,09dcef6a86b665b285a4c31af7ab7032e0458b074c254dd9df60d3404f73a0b4,context_link
snap-479-003,Omelek Island,09dcef6a86b665b285a4c31af7ab7032e0458b074c254dd9df60d3404f73a0b4,context_link
snap-479-004,Omelek Island,09dcef6a86b665b285a4c31af7ab7032e0458b074c254dd9df60d3404f73a0b4,context_link
snap-479-005,Omelek Island,09dcef6a86b665b285a4c31af7ab7032e0458b074c254dd9df60d3404f73a0b4,context_link
snap-479-006,Omelek Island,09dcef6a86b665b285a4c31af7ab7032e0458b074c254dd9df60d3404f73a0b4,context_link
snap-479-007,Omelek Island,09dcef6a86b665b285a4c31af7ab7032e0458b074c254dd9df60d3404f73a0b4,context_link
snap-479-008,Omelek Island,09dcef6a86b665b285a4c31af7ab7032e0458b074c254dd9df60d3404f73a0b4,context_link
snap-479-009,Omelek Island,09dcef6a86b665b285a4c31af7ab7032e0458b074c254dd9df60d3404f73a0b4,context_link
snap-479-010,Omelek Island,09dcef6a86b665b285a4c31af7ab7032e0458b074c254dd9df60d3404f73a0b4,context_link
snap-479-011,Omelek Island,09dcef6a86b665b285a4c31af7ab7032e0458b074c254dd9df60d3404f73a0b4,context_link
snap-480-000,OpenAI,2ab1ff764b9f27ea6e2ecdfc6db8dbf4f8ef253e04c24010c9ce40fdcadd83f3,entity_card
snap-480-001,OpenAI,2ab1ff764b9f27ea6e2ecdfc6db8dbf4f8ef253e04c24010c9ce40fdcadd83f3,context_link
snap-480-002,OpenAI,2ab1ff764b9f27ea6e2ecdfc6db8dbf4f8ef253e04c24010c9ce40fdcadd83f3,context_link
snap-480-003,OpenAI,2ab1ff764b9f27ea6e2ecdfc6db8dbf4f8ef253e04c24010c9ce40fdcadd83f3,context_link
snap-480-004,OpenAI,2ab1ff764b9f27ea6e2ecdfc6db8dbf4f8ef253e04c24010c9ce40fdcadd83f3,context_link
snap-480-005,OpenAI,2ab1ff764b9f27ea6e2ecdfc6db8dbf4f8ef253e04c24010c9ce40fdcadd83f3,context_link
snap-480-006,OpenAI,2ab1ff764b9f27ea6e2ecdfc6db8dbf4f8ef253e04c24010c9ce40fdcadd83f3,context_link
snap-480-007,OpenAI,2ab1ff764b9f27ea6e2ecdfc6db8dbf4f8ef253e04c24010c9ce40fdcadd83f3,context_link
snap-480-008,OpenAI,2ab1ff764b9f27ea6e2ecdfc6db8dbf4f8ef253e04c24010c9ce40fdcadd83f3,context_link
snap-480-009,OpenAI,2ab1ff764b9f27ea6e2ecdfc6db8dbf4f8ef253e04c24010c9ce40fdcadd83f3,context_link
snap-480-010,OpenAI,2ab1ff764b9f27ea6e2ecdfc6db8dbf4f8ef253e04c24010c9ce40fdcadd83f3,context_link
snap-480-011,OpenAI,2ab1ff764b9f27ea6e2ecdfc6db8dbf4f8ef253e04c24010c9ce40fdcadd83f3,context_link
snap-481-000,Oracle,cabe80d44719997eafa8dcb4b99590495fb6770dd7d811dc95a0d7f97a487486,entity_card
snap-481-001,Oracle,cabe80d44719997eafa8dcb4b99590495fb6770dd7d811dc95a0d7f97a487486,context_link
snap-481-002,Oracle,cabe80d44719997eafa8dcb4b99590495fb6770dd7d811dc95a0d7f97a487486,context_link
snap-481-003,Oracle,cabe80d44719997eafa8dcb4b99590495fb6770dd7d811dc95a0d7f97a487486,context_link
snap-481-004,Oracle,cabe80d44719997eafa8dcb4b99590495fb6770dd7d811dc95a0d7f97a487486,context_link
snap-481-005,Oracle,cabe80d44719997eafa8dcb4b99590495fb6770dd7d811dc95a0d7f97a487486,context_link
snap-482-000,Oracle Cloud,c8d88025e9b5b808f3c2ba2104dfe5c50774ab0282c15ed865cb0f2aec8034a6,entity_card
snap-482-001,Oracle Cloud,c8d88025e9b5b808f3c2ba2104dfe5c50774ab0282c15ed865cb0f2aec8034a6,context_link
snap-482-002,Oracle Cloud,c8d88025e9b5b808f3c2ba2104dfe5c50774ab0282c15ed865cb0f2aec8034a6,context_link
snap-482-003,Oracle Cloud,c8d88025e9b5b808f3c2ba2104dfe5c50774ab0282c15ed865cb0f2aec8034a6,context_link
snap-482-004,Oracle Cloud,c8d88025e9b5b808f3c2ba2104dfe5c50774ab0282c15ed865cb0f2aec8034a6,context_link
snap-482-005,Oracle Cloud,c8d88025e9b5b808f3c2ba2104dfe5c50774ab0282c15ed865cb0f2aec8034a6,context_link
snap-482-006,Oracle Cloud,c8d88025e9b5b808f3c2ba2104dfe5c50774ab0282c15ed865cb0f2aec8034a6,context_link
snap-482-007,Oracle Cloud,c8d88025e9b5b808f3c2ba2104dfe5c50774ab0282c15ed865cb0f2aec8034a6,context_link
snap-483-000,Oracle Database,306d7a70a077d41672ca1bc12fefb992ade7b058f64122f1fb46cb166fe00a3a,entity_card
snap-483-001,Oracle Database,306d7a70a077d41672ca1bc12fefb992ade7b058f64122f1fb46cb166fe00a3a,context_link
snap-483-002,Oracle Database,306d7a70a077d41672ca1bc12fefb992ade7b058f64122f1fb46cb166fe00a3a,context_link
snap-483-003,Oracle Database,306d7a70a077d41672ca1bc12fefb992ade7b058f64122f1fb46cb166fe00a3a,context_link
snap-483-004,Oracle Database,306d7a70a077d41672ca1bc12fefb992ade7b058f64122f1fb46cb166fe00a3a,context_link
snap-483-005,Oracle Database,306d7a70a077d41672ca1bc12fefb992ade7b058f64122f1fb46cb166fe00a3a,context_link
snap-483-006,Oracle Database,306d7a70a077d41672ca1bc12fefb992ade7b058f64122f1fb46cb166fe00a3a,context_link
snap-483-007,Oracle Database,306d7a70a077d41672ca1bc12fefb992ade7b058f64122f1fb46cb166fe00a3a,context_link
snap-483-008,Oracle Database,306d7a70a077d41672ca1bc12fefb992ade7b058f64122f1fb46cb166fe00a3a,context_link
snap-483-009,Oracle Database,306d7a70a077d41672ca1bc12fefb992ade7b058f64122f1fb46cb166fe00a3a,context_link
snap-483-010,Oracle Database,306d7a70a077d41672ca1bc12fefb992ade7b058f64122f1fb46cb166fe00a3a,context_link
snap-483-011,Oracle Database,306d7a70a077d41672ca1bc12fefb992ade7b058f64122f1fb46cb166fe00a3a,context_link
snap-483-012,Oracle Database,306d7a70a077d41672ca1bc12fefb992ade7b058f64122f1fb46cb166fe00a3a,context_link
snap-483-013,Oracle Database,306d7a70a077d41672ca1bc12fefb992ade7b058f64122f1fb46cb166fe00a3a,context_link
snap-483-014,Oracle Database,306d7a70a077d41672ca1bc12fefb992ade7b058f64122f1fb46cb166fe00a3a,context_link
snap-483-015,Oracle Database,306d7a70a077d41672ca1bc12fefb992ade7b058f64122f1fb46cb166fe00a3a,context_link
snap-483-016,Oracle Database,306d7a70a077d41672ca1bc12fefb992ade7b058f64122f1fb46cb166fe00a3a,context_link
snap-483-017,Oracle Database,306d7a70a077d41672ca1bc12fefb992ade7b058f64122f1fb46cb166fe00a3a,context_link
snap-484-000,Orbital Space Plane Program,ef664ad826de6eb156570abba91467f8a3354c88dcb456b846126f22caa70b7f,entity_card
snap-484-001,Orbital Space Plane Program,ef664ad826de6eb156570abba91467f8a3354c88dcb456b846126f22caa70b7f,context_link
snap-484-002,Orbital Space Plane Program,ef664ad826de6eb156570abba91467f8a3354c88dcb456b846126f22caa70b7f,context_link
snap-484-003,Orbital Space Plane Program,ef664ad826de6eb156570abba91467f8a3354c88dcb456b846126f22caa70b7f,context_link
snap-484-004,Orbital Space Plane Program,ef664ad826de6eb156570abba91467f8a3354c88dcb456b846126f22caa70b7f,context_link
snap-484-005,Orbital Space Plane Program,ef664ad826de6eb156570abba91467f8a3354c88dcb456b846126f22caa70b7f,context_link
snap-484-006,Orbital Space Plane Program,ef664ad826de6eb156570abba91467f8a3354c88dcb456b846126f22caa70b7f,context_link
snap-484-007,Orbital Space Plane Program,ef664ad826de6eb156570abba91467f8a3354c88dcb456b846126f22caa70b7f,context_link
snap-484-008,Orbital Space Plane Program,ef664ad826de6eb156570abba91467f8a3354c88dcb456b846126f22caa70b7f,context_link
snap-484-009,Orbital Space Plane Program,ef664ad826de6eb156570abba91467f8a3354c88dcb456b846126f22caa70b7f,context_link
snap-484-010,Orbital Space Plane Program,ef664ad826de6eb156570abba91467f8a3354c88dcb456b846126f22caa70b7f,context_link
snap-484-011,Orbital Space Plane Program,ef664ad826de6eb156570abba91467f8a3354c88dcb456b846126f22caa70b7f,context_link
snap-484-012,Orbital Space Plane Program,ef664ad826de6eb156570abba91467f8a3354c88dcb456b846126f22caa70b7f,context_link
snap-485-000,Outer Space Treaty,2d31a780c127852bac045b4825c42a0ae930d7a1231a8455ab10542938631ba2,entity_card
snap-485-001,Outer Space Treaty,2d31a780c127852bac045b4825c42a0ae930d7a1231a8455ab10542938631ba2,context_link
snap-485-002,Outer Space Treaty,2d31a780c127852bac045b4825c42a0ae930d7a1231a8455ab10542938631ba2,context_link
snap-485-003,Outer Space Treaty,2d31a780c127852bac045b4825c42a0ae930d7a1231a8455ab10542938631ba2,context_link
snap-485-004,Outer Space Treaty,2d31a780c127852bac045b4825c42a0ae930d7a1231a8455ab10542938631ba2,context_link
snap-485-005,Outer Space Treaty,2d31a780c127852bac045b4825c42a0ae930d7a1231a8455ab10542938631ba2,context_link
snap-485-006,Outer Space Treaty,2d31a780c127852bac045b4825c42a0ae930d7a1231a8455ab10542938631ba2,context_link
snap-485-007,Outer Space Treaty,2d31a780c127852bac045b4825c42a0ae930d7a1231a8455ab10542938631ba2,context_link
snap-485-008,Outer Space Treaty,2d31a780c127852bac045b4825c42a0ae930d7a1231a8455ab10542938631ba2,context_link
snap-485-009,Outer Space Treaty,2d31a780c127852bac045b4825c42a0ae930d7a1231a8455ab10542938631ba2,context_link
snap-485-010,Outer Space Treaty,2d31a780c127852bac045b4825c42a0ae930d7a1231a8455ab10542938631ba2,context_link
snap-486-000,Outer space,2204213b3e0ec4780661d30582904b8b4f35c125dacaf4e547dae0bb7d91358c,entity_card
snap-486-001,Outer space,2204213b3e0ec4780661d30582904b8b4f35c125dacaf4e547dae0bb7d91358c,context_link
snap-486-002,Outer space,2204213b3e0ec4780661d30582904b8b4f35c125dacaf4e547dae0bb7d91358c,context_link
snap-486-003,Outer space,2204213b3e0ec4780661d30582904b8b4f35c125dacaf4e547dae0bb7d91358c,context_link
snap-486-004,Outer space,2204213b3e0ec4780661d30582904b8b4f35c125dacaf4e547dae0bb7d91358c,context_link
snap-486-005,Outer space,2204213b3e0ec4780661d30582904b8b4f35c125dacaf4e547dae0bb7d91358c,context_link
snap-487-000,Oxford English Dictionary,ce83a538fc00b72d9f2b0f52345f97a8f619fc4e7575ac50eeca41088dd92bb3,entity_card
snap-487-001,Oxford English Dictionary,ce83a538fc00b72d9f2b0f52345f97a8f619fc4e7575ac50eeca41088dd92bb3,context_link
snap-487-002,Oxford English Dictionary,ce83a538fc00b72d9f2b0f52345f97a8f619fc4e7575ac50eeca41088dd92bb3,context_link
snap-488-000,PGM-17 Thor,7a68511f0615b973bb8408131c796819338b9bedfec49d5fd792a39affa77019,entity_card
snap-488-001,PGM-17 Thor,7a68511f0615b973bb8408131c796819338b9bedfec49d5fd792a39affa77019,context_link
snap-488-002,PGM-17 Thor,7a68511f0615b973bb8408131c796819338b9bedfec49d5fd792a39affa77019,context_link
snap-488-003,PGM-17 Thor,7a68511f0615b973bb8408131c796819338b9bedfec49d5fd792a39affa77019,context_link
snap-488-004,PGM-17 Thor,7a68511f0615b973bb8408131c796819338b9bedfec49d5fd792a39affa77019,context_link
snap-488-005,PGM-17 Thor,7a68511f0615b973bb8408131c796819338b9bedfec49d5fd792a39affa77019,context_link
snap-488-006,PGM-17 Thor,7a68511f0615b973bb8408131c796819338b9bedfec49d5fd792a39affa77019,context_link
snap-488-007,PGM-17 Thor,7a68511f0615b973bb8408131c796819338b9bedfec49d5fd792a39affa77019,context_link
snap-488-008,PGM-17 Thor,7a68511f0615b973bb8408131c796819338b9bedfec49d5fd792a39affa77019,context_link
snap-488-009,PGM-17 Thor,7a68511f0615b973bb8408131c796819338b9bedfec49d5fd792a39affa77019,context_link
snap-488-010,PGM-17 Thor,7a68511f0615b973bb8408131c796819338b9bedfec49d5fd792a39affa77019,context_link
snap-488-011,PGM-17 Thor,7a68511f0615b973bb8408131c796819338b9bedfec49d5fd792a39affa77019,context_link
snap-488-012,PGM-17 Thor,7a68511f0615b973bb8408131c796819338b9bedfec49d5fd792a39affa77019,context_link
snap-489-000,PSA Group,5e7dfe576358501d5dca8bdfdec22443e35b6defa0529d74247690e83b4f310d,entity_card
snap-489-001,PSA Group,5e7dfe576358501d5dca8bdfdec22443e35b6defa0529d74247690e83b4f310d,context_link
snap-489-002,PSA Group,5e7dfe576358501d5dca8bdfdec22443e35b6defa0529d74247690e83b4f310d,context_link
snap-489-003,PSA Group,5e7dfe576358501d5dca8bdfdec22443e35b6defa0529d74247690e83b4f310d,context_link
snap-489-004,PSA Group,5e7dfe576358501d5dca8bdfdec22443e35b6defa0529d74247690e83b4f310d,context_link
snap-489-005,PSA Group,5e7dfe576358501d5dca8bdfdec22443e35b6defa0529d74247690e83b4f310d,context_link
snap-489-006,PSA Group,5e7dfe576358501d5dca8bdfdec22443e35b6defa0529d74247690e83b4f310d,context_link
snap-489-007,PSA Group,5e7dfe576358501d5dca8bdfdec22443e35b6defa0529d74247690e83b4f310d,context_link
snap-490-000,Pacific Ocean,3ff21005129e8c4e529b8d977425aad9edb64d4ea5666547ad2e467864966630,entity_card
snap-490-001,Pacific Ocean,3ff21005129e8c4e529b8d977425aad9edb64d4ea5666547ad2e467864966630,context_link
snap-490-002,Pacific Ocean,3ff21005129e8c4e529b8d977425aad9edb64d4ea5666547ad2e467864966630,context_link
snap-491-000,"Palo Alto, California",e9582b30154814f92108c63f8688e17fe9c78f61ffcfcd9d42d89821bd8cf1fb,entity_card
snap-491-001,"Palo Alto, California",e9582b30154814f92108c63f8688e17fe9c78f61ffcfcd9d42d89821bd8cf1fb,context_link
snap-491-002,"Palo Alto, California",e9582b30154814f92108c63f8688e17fe9c78f61ffcfcd9d42d89821bd8cf1fb,context_link
snap-491-003,"Palo Alto, California",e9582b30154814f92108c63f8688e17fe9c78f61ffcfcd9d42d89821bd8cf1fb,context_link
snap-491-004,"Palo Alto, California",e9582b30154814f92108c63f8688e17fe9c78f61ffcfcd9d42d89821bd8cf1fb,context_link
snap-491-005,"Palo Alto, California",e9582b30154814f92108c63f8688e17fe9c78f61ffcfcd9d42d89821bd8cf1fb,context_link
snap-491-006,"Palo Alto, California",e9582b30154814f92108c63f8688e17fe9c78f61ffcfcd9d42d89821bd8cf1fb,context_link
snap-491-007,"Palo Alto, California",e9582b30154814f92108c63f8688e17fe9c78f61ffcfcd9d42d89821bd8cf1fb,context_link
snap-492-000,Patrick Space Force Base,850ac2a2411d3fc972196e6487e687c1bb1a4b3292d4befca330bec66e62012f,entity_card
snap-492-001,Patrick Space Force Base,850ac2a2411d3fc972196e6487e687c1bb1a4b3292d4befca330bec66e62012f,context_link
snap-492-002,Patrick Space Force Base,850ac2a2411d3fc972196e6487e687c1bb1a4b3292d4befca330bec66e62012f,context_link
snap-492-003,Patrick Space Force Base,850ac2a2411d3fc972196e6487e687c1bb1a4b3292d4befca330bec66e62012f,context_link
snap-492-004,Patrick Space Force Base,850ac2a2411d3fc972196e6487e687c1bb1a4b3292d4befca330bec66e62012f,context_link
snap-492-005,Patrick Space Force Base,850ac2a2411d3fc972196e6487e687c1bb1a4b3292d4befca330bec66e62012f,context_link
snap-492-006,Patrick Space Force Base,850ac2a2411d3fc972196e6487e687c1bb1a4b3292d4befca330bec66e62012f,context_link
snap-492-007,Patrick Space Force Base,850ac2a2411d3fc972196e6487e687c1bb1a4b3292d4befca330bec66e62012f,context_link
snap-492-008,Patrick Space Force Base,850ac2a2411d3fc972196e6487e687c1bb1a4b3292d4befca330bec66e62012f,context_link
snap-492-009,Patrick Space Force Base,850ac2a2411d3fc972196e6487e687c1bb1a4b3292d4befca330bec66e62012f,context_link
snap-492-010,Patrick Space Force Base,850ac2a2411d3fc972196e6487e687c1bb1a4b3292d4befca330bec66e62012f,context_link
snap-492-011,Patrick Space Force Base,850ac2a2411d3fc972196e6487e687c1bb1a4b3292d4befca330bec66e62012f,context_link
snap-492-012,Patrick Space Force Base,850ac2a2411d3fc972196e6487e687c1bb1a4b3292d4befca330bec66e62012f,context_link
snap-493-000,PayPal,c48f2f4c52df79f78e9031e99eb501883790ee0fb1066c8453d7ea388ef52282,entity_card
snap-493-001,PayPal,c48f2f4c52df79f78e9031e99eb501883790ee0fb1066c8453d7ea388ef52282,context_link
snap-493-002,PayPal,c48f2f4c52df79f78e9031e99eb501883790ee0fb1066c8453d7ea388ef52282,context_link
snap-493-003,PayPal,c48f2f4c52df79f78e9031e99eb501883790ee0fb1066c8453d7ea388ef52282,context_link
snap-493-004,PayPal,c48f2f4c52df79f78e9031e99eb501883790ee0fb1066c8453d7ea388ef52282,context_link
snap-493-005,PayPal,c48f2f4c52df79f78e9031e99eb501883790ee0fb1066c8453d7ea388ef52282,context_link
snap-493-006,PayPal,c48f2f4c52df79f78e9031e99eb501883790ee0fb1066c8453d7ea388ef52282,context_link
snap-493-007,PayPal,c48f2f4c52df79f78e9031e99eb501883790ee0fb1066c8453d7ea388ef52282,context_link
snap-493-008,PayPal,c48f2f4c52df79f78e9031e99eb501883790ee0fb1066c8453d7ea388ef52282,context_link
snap-493-009,PayPal,c48f2f4c52df79f78e9031e99eb501883790ee0fb1066c8453d7ea388ef52282,context_link
snap-493-010,PayPal,c48f2f4c52df79f78e9031e99eb501883790ee0fb1066c8453d7ea388ef52282,context_link
snap-493-011,PayPal,c48f2f4c52df79f78e9031e99eb501883790ee0fb1066c8453d7ea388ef52282,context_link
snap-493-012,PayPal,c48f2f4c52df79f78e9031e99eb501883790ee0fb1066c8453d7ea388ef52282,context_link
snap-493-013,PayPal,c48f2f4c52df79f78e9031e99eb501883790ee0fb1066c8453d7ea388ef52282,context_link
snap-493-014,PayPal,c48f2f4c52df79f78e9031e99eb501883790ee0fb1066c8453d7ea388ef52282,context_link
snap-494-000,PayPal Credit,332459dc9fcd386aaf299215c9383a87812bbca015bf26358af7d5cdc5835bd8,entity_card
snap-494-001,PayPal Credit,332459dc9fcd386aaf299215c9383a87812bbca015bf26358af7d5cdc5835bd8,context_link
snap-494-002,PayPal Credit,332459dc9fcd386aaf299215c9383a87812bbca015bf26358af7d5cdc5835bd8,context_link
snap-494-003,PayPal Credit,332459dc9fcd386aaf299215c9383a87812bbca015bf26358af7d5cdc5835bd8,context_link
snap-494-004,PayPal Credit,332459dc9fcd386aaf299215c9383a87812bbca015bf26358af7d5cdc5835bd8,context_link
snap-494-005,PayPal Credit,332459dc9fcd386aaf299215c9383a87812bbca015bf26358af7d5cdc5835bd8,context_link
snap-495-000,Pecora Commission,ed962a0c8e305c78c46df0af532f78c456a1fff2e125459f192ce6b509bc227e,entity_card
snap-495-001,Pecora Commission,ed962a0c8e305c78c46df0af532f78c456a1fff2e125459f192ce6b509bc227e,context_link
snap-495-002,Pecora Commission,ed962a0c8e305c78c46df0af532f78c456a1fff2e125459f192ce6b509bc227e,context_link
snap-495-003,Pecora Commission,ed962a0c8e305c78c46df0af532f78c456a1fff2e125459f192ce6b509bc227e,context_link
snap-495-004,Pecora Commission,ed962a0c8e305c78c46df0af532f78c456a1fff2e125459f192ce6b509bc227e,context_link
snap-495-005,Pecora Commission,ed962a0c8e305c78c46df0af532f78c456a1fff2e125459f192ce6b509bc227e,context_link
snap-495-006,Pecora Commission,ed962a0c8e305c78c46df0af532f78c456a1fff2e125459f192ce6b509bc227e,context_link
snap-495-007,Pecora Commission,ed962a0c8e305c78c46df0af532f78c456a1fff2e125459f192ce6b509bc227e,context_link
snap-496-000,Peter Grauer,541cdaf36f94e960b91636fee4a7534c85ef8d3ce0a1f94ede37ac0f4e99c4bf,entity_card
snap-496-001,Peter Grauer,541cdaf36f94e960b91636fee4a7534c85ef8d3ce0a1f94ede37ac0f4e99c4bf,context_link
snap-496-002,Peter Grauer,541cdaf36f94e960b91636fee4a7534c85ef8d3ce0a1f94ede37ac0f4e99c4bf,context_link
snap-496-003,Peter Grauer,541cdaf36f94e960b91636fee4a7534c85ef8d3ce0a1f94ede37ac0f4e99c4bf,context_link
snap-496-004,Peter Grauer,541cdaf36f94e960b91636fee4a7534c85ef8d3ce0a1f94ede37ac0f4e99c4bf,context_link
snap-496-005,Peter Grauer,541cdaf36f94e960b91636fee4a7534c85ef8d3ce0a1f94ede37ac0f4e99c4bf,context_link
snap-496-006,Peter Grauer,541cdaf36f94e960b91636fee4a7534c85ef8d3ce0a1f94ede37ac0f4e99c4bf,context_link
snap-496-007,Peter Grauer,541cdaf36f94e960b91636fee4a7534c85ef8d3ce0a1f94ede37ac0f4e99c4bf,context_link
snap-496-008,Peter Grauer,541cdaf36f94e960b91636fee4a7534c85ef8d3ce0a1f94ede37ac0f4e99c4bf,context_link
snap-496-009,Peter Grauer,541cdaf36f94e960b91636fee4a7534c85ef8d3ce0a1f94ede37ac0f4e99c4bf,context_link
snap-496-010,Peter Grauer,541cdaf36f94e960b91636fee4a7534c85ef8d3ce0a1f94ede37ac0f4e99c4bf,context_link
snap-497-000,Peter Thiel,5eb2791224e046cf805e20cafa4165e00f53ba9e1add0a5849d61d9ef47ab428,entity_card
snap-497-001,Peter Thiel,5eb2791224e046cf805e20cafa4165e00f53ba9e1add0a5849d61d9ef47ab428,context_link
snap-497-002,Peter Thiel,5eb2791224e046cf805e20cafa4165e00f53ba9e1add0a5849d61d9ef47ab428,context_link
snap-497-003,Peter Thiel,5eb2791224e046cf805e20cafa4165e00f53ba9e1add0a5849d61d9ef47ab428,context_link
snap-497-004,Peter Thiel,5eb2791224e046cf805e20cafa4165e00f53ba9e1add0a5849d61d9ef47ab428,context_link
snap-497-005,Peter Thiel,5eb2791224e046cf805e20cafa4165e00f53ba9e1add0a5849d61d9ef47ab428,context_link
snap-497-006,Peter Thiel,5eb2791224e046cf805e20cafa4165e00f53ba9e1add0a5849d61d9ef47ab428,context_link
snap-498-000,Phibro,6cd290e57a093591d3522d9dcd871a0568681fe9b99646a83cddea600869b33f,entity_card
snap-498-001,Phibro,6cd290e57a093591d3522d9dcd871a0568681fe9b99646a83cddea600869b33f,context_link
snap-498-002,Phibro,6cd290e57a093591d3522d9dcd871a0568681fe9b99646a83cddea600869b33f,context_link
snap-498-003,Phibro,6cd290e57a093591d3522d9dcd871a0568681fe9b99646a83cddea600869b33f,context_link
snap-498-004,Phibro,6cd290e57a093591d3522d9dcd871a0568681fe9b99646a83cddea600869b33f,context_link
snap-498-005,Phibro,6cd290e57a093591d3522d9dcd871a0568681fe9b99646a83cddea600869b33f,context_link
snap-498-006,Phibro,6cd290e57a093591d3522d9dcd871a0568681fe9b99646a83cddea600869b33f,context_link
snap-498-007,Phibro,6cd290e57a093591d3522d9dcd871a0568681fe9b99646a83cddea600869b33f,context_link
snap-498-008,Phibro,6cd290e57a093591d3522d9dcd871a0568681fe9b99646a83cddea600869b33f,context_link
snap-498-009,Phibro,6cd290e57a093591d3522d9dcd871a0568681fe9b99646a83cddea600869b33f,context_link
snap-498-010,Phibro,6cd290e57a093591d3522d9dcd871a0568681fe9b99646a83cddea600869b33f,context_link
snap-498-011,Phibro,6cd290e57a093591d3522d9dcd871a0568681fe9b99646a83cddea600869b33f,context_link
snap-498-012,Phibro,6cd290e57a093591d3522d9dcd871a0568681fe9b99646a83cddea600869b33f,context_link
snap-498-013,Phibro,6cd290e57a093591d3522d9dcd871a0568681fe9b99646a83cddea600869b33f,context_link
snap-498-014,Phibro,6cd290e57a093591d3522d9dcd871a0568681fe9b99646a83cddea600869b33f,context_link
snap-498-015,Phibro,6cd290e57a093591d3522d9dcd871a0568681fe9b99646a83cddea600869b33f,context_link
snap-499-000,Phiroze Jeejeebhoy Towers,575ba4c859ea332d8b3279a09a4bb3d12cac2e914ddf7b60ee7844b25ea0e44e,entity_card
snap-499-001,Phiroze Jeejeebhoy Towers,575ba4c859ea332d8b3279a09a4bb3d12cac2e914ddf7b60ee7844b25ea0e44e,context_link
snap-499-002,Phiroze Jeejeebhoy Towers,575ba4c859ea332d8b3279a09a4bb3d12cac2e914ddf7b60ee7844b25ea0e44e,context_link
snap-499-003,Phiroze Jeejeebhoy Towers,575ba4c859ea332d8b3279a09a4bb3d12cac2e914ddf7b60ee7844b25ea0e44e,context_link
snap-499-004,Phiroze Jeejeebhoy Towers,575ba4c859ea332d8b3279a09a4bb3d12cac2e914ddf7b60ee7844b25ea0e44e,context_link
snap-499-005,Phiroze Jeejeebhoy Towers,575ba4c859ea332d8b3279a09a4bb3d12cac2e914ddf7b60ee7844b25ea0e44e,context_link
snap-499-006,Phiroze Jeejeebhoy Towers,575ba4c859ea332d8b3279a09a4bb3d12cac2e914ddf7b60ee7844b25ea0e44e,context_link
snap-500-000,PlayStation,e9e830d429fe147338eb42e7fd969c0e7eb7affc6aa9fc080678baf0a7c56d0a,entity_card
snap-500-001,PlayStation,e9e830d429fe147338eb42e7fd969c0e7eb7affc6aa9fc080678baf0a7c56d0a,relation_claim
snap-500-002,PlayStation,e9e830d429fe147338eb42e7fd969c0e7eb7affc6aa9fc080678baf0a7c56d0a,relation_claim
snap-500-003,PlayStation,e9e830d429fe147338eb42e7fd969c0e7eb7affc6aa9fc080678baf0a7c56d0a,relation_claim
snap-500-004,PlayStation,e9e830d429fe147338eb42e7fd969c0e7eb7affc6aa9fc080678baf0a7c56d0a,relation_claim
snap-500-005,PlayStation,e9e830d429fe147338eb42e7fd969c0e7eb7affc6aa9fc080678baf0a7c56d0a,relation_claim
snap-500-006,PlayStation,e9e830d429fe147338eb42e7fd969c0e7eb7affc6aa9fc080678baf0a7c56d0a,relation_claim
snap-500-007,PlayStation,e9e830d429fe147338eb42e7fd969c0e7eb7affc6aa9fc080678baf0a7c56d0a,context_link
snap-500-008,PlayStation,e9e830d429fe147338eb42e7fd969c0e7eb7affc6aa9fc080678baf0a7c56d0a,context_link
snap-500-009,PlayStation,e9e830d429fe147338eb42e7fd969c0e7eb7affc6aa9fc080678baf0a7c56d0a,context_link
snap-500-010,PlayStation,e9e830d429fe147338eb42e7fd969c0e7eb7affc6aa9fc080678baf0a7c56d0a,context_link
snap-500-011,PlayStation,e9e830d429fe147338eb42e7fd969c0e7eb7affc6aa9fc080678baf0a7c56d0a,context_link
snap-500-012,PlayStation,e9e830d429fe147338eb42e7fd969c0e7eb7affc6aa9fc080678baf0a7c56d0a,context_link
snap-501-000,Powerwall,38d0d16759f2b7aa053314b3a5dfcfe89399dabade26ed7860d55d986b474a39,entity_card
snap-501-001,Powerwall,38d0d16759f2b7aa053314b3a5dfcfe89399dabade26ed7860d55d986b474a39,context_link
snap-501-002,Powerwall,38d0d16759f2b7aa053314b3a5dfcfe89399dabade26ed7860d55d986b474a39,context_link
snap-502-000,Premchand Roychand,a35aa63c0416f439a5756cd80079ddc303e398a0ce3ad504201826dbc88973dd,entity_card
snap-502-001,Premchand Roychand,a35aa63c0416f439a5756cd80079ddc303e398a0ce3ad504201826dbc88973dd,context_link
snap-502-002,Premchand Roychand,a35aa63c0416f439a5756cd80079ddc303e398a0ce3ad504201826dbc88973dd,context_link
snap-502-003,Premchand Roychand,a35aa63c0416f439a5756cd80079ddc303e398a0ce3ad504201826dbc88973dd,context_link
snap-502-004,Premchand Roychand,a35aa63c0416f439a5756cd80079ddc303e398a0ce3ad504201826dbc88973dd,context_link
snap-502-005,Premchand Roychand,a35aa63c0416f439a5756cd80079ddc303e398a0ce3ad504201826dbc88973dd,context_link
snap-502-006,Premchand Roychand,a35aa63c0416f439a5756cd80079ddc303e398a0ce3ad504201826dbc88973dd,context_link
snap-502-007,Premchand Roychand,a35aa63c0416f439a5756cd80079ddc303e398a0ce3ad504201826dbc88973dd,context_link
snap-503-000,Princeton University,124c5845e56d5037300fa4b395543df614c57541111c0c3242ed8fec00a94c4f,entity_card
snap-503-001,Princeton University,124c5845e56d5037300fa4b395543df614c57541111c0c3242ed8fec00a94c4f,context_link
snap-503-002,Princeton University,124c5845e56d5037300fa4b395543df614c57541111c0c3242ed8fec00a94c4f,context_link
snap-503-003,Princeton University,124c5845e56d5037300fa4b395543df614c57541111c0c3242ed8fec00a94c4f,context_link
snap-503-004,Princeton University,124c5845e56d5037300fa4b395543df614c57541111c0c3242ed8fec00a94c4f,context_link
snap-503-005,Princeton University,124c5845e56d5037300fa4b395543df614c57541111c0c3242ed8fec00a94c4f,context_link
snap-503-006,Princeton University,124c5845e56d5037300fa4b395543df614c57541111c0c3242ed8fec00a94c4f,context_link
snap-504-000,Privately held company,7d5256be38b6fff02cd4a85146b33bb5cdd635ecc19be11882f012c6f53a4b47,entity_card
snap-504-001,Privately held company,7d5256be38b6fff02cd4a85146b33bb5cdd635ecc19be11882f012c6f53a4b47,context_link
snap-504-002,Privately held company,7d5256be38b6fff02cd4a85146b33bb5cdd635ecc19be11882f012c6f53a4b47,context_link
snap-504-003,Privately held company,7d5256be38b6fff02cd4a85146b33bb5cdd635ecc19be11882f012c6f53a4b47,context_link
snap-504-004,Privately held company,7d5256be38b6fff02cd4a85146b33bb5cdd635ecc19be11882f012c6f53a4b47,context_link
snap-504-005,Privately held company,7d5256be38b6fff02cd4a85146b33bb5cdd635ecc19be11882f012c6f53a4b47,context_link
snap-504-006,Privately held company,7d5256be38b6fff02cd4a85146b33bb5cdd635ecc19be11882f012c6f53a4b47,context_link
snap-504-007,Privately held company,7d5256be38b6fff02cd4a85146b33bb5cdd635ecc19be11882f012c6f53a4b47,context_link
snap-504-008,Privately held company,7d5256be38b6fff02cd4a85146b33bb5cdd635ecc19be11882f012c6f53a4b47,context_link
snap-505-000,Project Gemini,e54b59e011c7e75f739c1f71c6876cae372f5f2dc5646c2ea081109e999239a8,entity_card
snap-505-001,Project Gemini,e54b59e011c7e75f739c1f71c6876cae372f5f2dc5646c2ea081109e999239a8,context_link
snap-505-002,Project Gemini,e54b59e011c7e75f739c1f71c6876cae372f5f2dc5646c2ea081109e999239a8,context_link
snap-505-003,Project Gemini,e54b59e011c7e75f739c1f71c6876cae372f5f2dc5646c2ea081109e999239a8,context_link
snap-505-004,Project Gemini,e54b59e011c7e75f739c1f71c6876cae372f5f2dc5646c2ea081109e999239a8,context_link
snap-505-005,Project Gemini,e54b59e011c7e75f739c1f71c6876cae372f5f2dc5646c2ea081109e999239a8,context_link
snap-505-006,Project Gemini,e54b59e011c7e75f739c1f71c6876cae372f5f2dc5646c2ea081109e999239a8,context_link
snap-505-007,Project Gemini,e54b59e011c7e75f739c1f71c6876cae372f5f2dc5646c2ea081109e999239a8,context_link
snap-505-008,Project Gemini,e54b59e011c7e75f739c1f71c6876cae372f5f2dc5646c2ea081109e999239a8,context_link
snap-505-009,Project Gemini,e54b59e011c7e75f739c1f71c6876cae372f5f2dc5646c2ea081109e999239a8,context_link
snap-505-010,Project Gemini,e54b59e011c7e75f739c1f71c6876cae372f5f2dc5646c2ea081109e999239a8,context_link
snap-505-011,Project Gemini,e54b59e011c7e75f739c1f71c6876cae372f5f2dc5646c2ea081109e999239a8,context_link
snap-505-012,Project Gemini,e54b59e011c7e75f739c1f71c6876cae372f5f2dc5646c2ea081109e999239a8,context_link
snap-505-013,Project Gemini,e54b59e011c7e75f739c1f71c6876cae372f5f2dc5646c2ea081109e999239a8,context_link
snap-505-014,Project Gemini,e54b59e011c7e75f739c1f71c6876cae372f5f2dc5646c2ea081109e999239a8,context_link
snap-505-015,Project Gemini,e54b59e011c7e75f739c1f71c6876cae372f5f2dc5646c2ea081109e999239a8,context_link
snap-505-016,Project Gemini,e54b59e011c7e75f739c1f71c6876cae372f5f2dc5646c2ea081109e999239a8,context_link
snap-505-017,Project Gemini,e54b59e011c7e75f739c1f71c6876cae372f5f2dc5646c2ea081109e999239a8,context_link
snap-506-000,Project Juno,32dadecec14d4b5da45d15c59afd6cdd35d8d252d1053d4bd62bac121b2f5d62,entity_card
snap-506-001,Project Juno,32dadecec14d4b5da45d15c59afd6cdd35d8d252d1053d4bd62bac121b2f5d62,context_link
snap-506-002,Project Juno,32dadecec14d4b5da45d15c59afd6cdd35d8d252d1053d4bd62bac121b2f5d62,context_link
snap-506-003,Project Juno,32dadecec14d4b5da45d15c59afd6cdd35d8d252d1053d4bd62bac121b2f5d62,context_link
snap-506-004,Project Juno,32dadecec14d4b5da45d15c59afd6cdd35d8d252d1053d4bd62bac121b2f5d62,context_link
snap-506-005,Project Juno,32dadecec14d4b5da45d15c59afd6cdd35d8d252d1053d4bd62bac121b2f5d62,context_link
snap-506-006,Project Juno,32dadecec14d4b5da45d15c59afd6cdd35d8d252d1053d4bd62bac121b2f5d62,context_link
snap-506-007,Project Juno,32dadecec14d4b5da45d15c59afd6cdd35d8d252d1053d4bd62bac121b2f5d62,context_link
snap-506-008,Project Juno,32dadecec14d4b5da45d15c59afd6cdd35d8d252d1053d4bd62bac121b2f5d62,context_link
snap-507-000,Project Mercury,11795b101c2afb2d277c97724731dcbf3a58d8cff234aa8f9ac8d10d254a486f,entity_card
snap-507-001,Project Mercury,11795b101c2afb2d277c97724731dcbf3a58d8cff234aa8f9ac8d10d254a486f,context_link
snap-507-002,Project Mercury,11795b101c2afb2d277c97724731dcbf3a58d8cff234aa8f9ac8d10d254a486f,context_link
snap-507-003,Project Mercury,11795b101c2afb2d277c97724731dcbf3a58d8cff234aa8f9ac8d10d254a486f,context_link
snap-507-004,Project Mercury,11795b101c2afb2d277c97724731dcbf3a58d8cff234aa8f9ac8d10d254a486f,context_link
snap-507-005,Project Mercury,11795b101c2afb2d277c97724731dcbf3a58d8cff234aa8f9ac8d10d254a486f,context_link
snap-507-006,Project Mercury,11795b101c2afb2d277c97724731dcbf3a58d8cff234aa8f9ac8d10d254a486f,context_link
snap-507-007,Project Mercury,11795b101c2afb2d277c97724731dcbf3a58d8cff234aa8f9ac8d10d254a486f,context_link
snap-507-008,Project Mercury,11795b101c2afb2d277c97724731dcbf3a58d8cff234aa8f9ac8d10d254a486f,context_link
snap-507-009,Project Mercury,11795b101c2afb2d277c97724731dcbf3a58d8cff234aa8f9ac8d10d254a486f,context_link
snap-507-010,Project Mercury,11795b101c2afb2d277c97724731dcbf3a58d8cff234aa8f9ac8d10d254a486f,context_link
snap-507-011,Project Mercury,11795b101c2afb2d277c97724731dcbf3a58d8cff234aa8f9ac8d10d254a486f,context_link
snap-507-012,Project Mercury,11795b101c2afb2d277c97724731dcbf3a58d8cff234aa8f9ac8d10d254a486f,context_link
snap-507-013,Project Mercury,11795b101c2afb2d277c97724731dcbf3a58d8cff234aa8f9ac8d10d254a486f,context_link
snap-507-014,Project Mercury,11795b101c2afb2d277c97724731dcbf3a58d8cff234aa8f9ac8d10d254a486f,context_link
snap-507-015,Project Mercury,11795b101c2afb2d277c97724731dcbf3a58d8cff234aa8f9ac8d10d254a486f,context_link
snap-507-016,Project Mercury,11795b101c2afb2d277c97724731dcbf3a58d8cff234aa8f9ac8d10d254a486f,context_link
snap-508-000,RADARSAT Constellation,3cc7b222b72598f1f11e77c3eb35e38d024558ef25823c35df4b08936161536b,entity_card
snap-508-001,RADARSAT Constellation,3cc7b222b72598f1f11e77c3eb35e38d024558ef25823c35df4b08936161536b,context_link
snap-508-002,RADARSAT Constellation,3cc7b222b72598f1f11e77c3eb35e38d024558ef25823c35df4b08936161536b,context_link
snap-508-003,RADARSAT Constellation,3cc7b222b72598f1f11e77c3eb35e38d024558ef25823c35df4b08936161536b,context_link
snap-509-000,RTX Corporation,3538924ec06f70ab92bd5616556dff1e3eb318a420731b49f6d247fe74b987e7,entity_card
snap-509-001,RTX Corporation,3538924ec06f70ab92bd5616556dff1e3eb318a420731b49f6d247fe74b987e7,context_link
snap-509-002,RTX Corporation,3538924ec06f70ab92bd5616556dff1e3eb318a420731b49f6d247fe74b987e7,context_link
snap-509-003,RTX Corporation,3538924ec06f70ab92bd5616556dff1e3eb318a420731b49f6d247fe74b987e7,context_link
snap-509-004,RTX Corporation,3538924ec06f70ab92bd5616556dff1e3eb318a420731b49f6d247fe74b987e7,context_link
snap-509-005,RTX Corporation,3538924ec06f70ab92bd5616556dff1e3eb318a420731b49f6d247fe74b987e7,context_link
snap-510-000,Ranger program,bc7964fc1e445871870f391fb5b69858efcf19ade3f26ecae708edf5b5a7bcfa,entity_card
snap-510-001,Ranger program,bc7964fc1e445871870f391fb5b69858efcf19ade3f26ecae708edf5b5a7bcfa,context_link
snap-510-002,Ranger program,bc7964fc1e445871870f391fb5b69858efcf19ade3f26ecae708edf5b5a7bcfa,context_link
snap-510-003,Ranger program,bc7964fc1e445871870f391fb5b69858efcf19ade3f26ecae708edf5b5a7bcfa,context_link
snap-510-004,Ranger program,bc7964fc1e445871870f391fb5b69858efcf19ade3f26ecae708edf5b5a7bcfa,context_link
snap-510-005,Ranger program,bc7964fc1e445871870f391fb5b69858efcf19ade3f26ecae708edf5b5a7bcfa,context_link
snap-510-006,Ranger program,bc7964fc1e445871870f391fb5b69858efcf19ade3f26ecae708edf5b5a7bcfa,context_link
snap-510-007,Ranger program,bc7964fc1e445871870f391fb5b69858efcf19ade3f26ecae708edf5b5a7bcfa,context_link
snap-510-008,Ranger program,bc7964fc1e445871870f391fb5b69858efcf19ade3f26ecae708edf5b5a7bcfa,context_link
snap-510-009,Ranger program,bc7964fc1e445871870f391fb5b69858efcf19ade3f26ecae708edf5b5a7bcfa,context_link
snap-511-000,Reaction Engines,1f9638ee5a10d3577d66af08d9fe874534024f9db13b80329cbf055d34c628e5,entity_card
snap-511-001,Reaction Engines,1f9638ee5a10d3577d66af08d9fe874534024f9db13b80329cbf055d34c628e5,context_link
snap-511-002,Reaction Engines,1f9638ee5a10d3577d66af08d9fe874534024f9db13b80329cbf055d34c628e5,context_link
snap-511-003,Reaction Engines,1f9638ee5a10d3577d66af08d9fe874534024f9db13b80329cbf055d34c628e5,context_link
snap-511-004,Reaction Engines,1f9638ee5a10d3577d66af08d9fe874534024f9db13b80329cbf055d34c628e5,context_link
snap-511-005,Reaction Engines,1f9638ee5a10d3577d66af08d9fe874534024f9db13b80329cbf055d34c628e5,context_link
snap-511-006,Reaction Engines,1f9638ee5a10d3577d66af08d9fe874534024f9db13b80329cbf055d34c628e5,context_link
snap-511-007,Reaction Engines,1f9638ee5a10d3577d66af08d9fe874534024f9db13b80329cbf055d34c628e5,context_link
snap-511-008,Reaction Engines,1f9638ee5a10d3577d66af08d9fe874534024f9db13b80329cbf055d34c628e5,context_link
snap-511-009,Reaction Engines,1f9638ee5a10d3577d66af08d9fe874534024f9db13b80329cbf055d34c628e5,context_link
snap-511-010,Reaction Engines,1f9638ee5a10d3577d66af08d9fe874534024f9db13b80329cbf055d34c628e5,context_link
snap-511-011,Reaction Engines,1f9638ee5a10d3577d66af08d9fe874534024f9db13b80329cbf055d34c628e5,context_link
snap-511-012,Reaction Engines,1f9638ee5a10d3577d66af08d9fe874534024f9db13b80329cbf055d34c628e5,context_link
snap-511-013,Reaction Engines,1f9638ee5a10d3577d66af08d9fe874534024f9db13b80329cbf055d34c628e5,context_link
snap-512-000,Rechargeable battery,df8c8aa10d69735c836ad0b0fbb11bebd9acb5d5401d99c2426f00838863a7e4,entity_card
snap-512-001,Rechargeable battery,df8c8aa10d69735c836ad0b0fbb11bebd9acb5d5401d99c2426f00838863a7e4,context_link
snap-512-002,Rechargeable battery,df8c8aa10d69735c836ad0b0fbb11bebd9acb5d5401d99c2426f00838863a7e4,context_link
snap-512-003,Rechargeable battery,df8c8aa10d69735c836ad0b0fbb11bebd9acb5d5401d99c2426f00838863a7e4,context_link
snap-512-004,Rechargeable battery,df8c8aa10d69735c836ad0b0fbb11bebd9acb5d5401d99c2426f00838863a7e4,context_link
snap-513-000,Redwood Shores,8782dc4e013f9ed7d5ff858670823d4c9fe5b844caa7dfcc5c4ec66ce96c6b2f,entity_card
snap-513-001,Redwood Shores,8782dc4e013f9ed7d5ff858670823d4c9fe5b844caa7dfcc5c4ec66ce96c6b2f,context_link
snap-513-002,Redwood Shores,8782dc4e013f9ed7d5ff858670823d4c9fe5b844caa7dfcc5c4ec66ce96c6b2f,context_link
snap-513-003,Redwood Shores,8782dc4e013f9ed7d5ff858670823d4c9fe5b844caa7dfcc5c4ec66ce96c6b2f,context_link
snap-513-004,Redwood Shores,8782dc4e013f9ed7d5ff858670823d4c9fe5b844caa7dfcc5c4ec66ce96c6b2f,context_link
snap-513-005,Redwood Shores,8782dc4e013f9ed7d5ff858670823d4c9fe5b844caa7dfcc5c4ec66ce96c6b2f,context_link
snap-513-006,Redwood Shores,8782dc4e013f9ed7d5ff858670823d4c9fe5b844caa7dfcc5c4ec66ce96c6b2f,context_link
snap-513-007,Redwood Shores,8782dc4e013f9ed7d5ff858670823d4c9fe5b844caa7dfcc5c4ec66ce96c6b2f,context_link
snap-513-008,Redwood Shores,8782dc4e013f9ed7d5ff858670823d4c9fe5b844caa7dfcc5c4ec66ce96c6b2f,context_link
snap-513-009,Redwood Shores,8782dc4e013f9ed7d5ff858670823d4c9fe5b844caa7dfcc5c4ec66ce96c6b2f,context_link
snap-513-010,Redwood Shores,8782dc4e013f9ed7d5ff858670823d4c9fe5b844caa7dfcc5c4ec66ce96c6b2f,context_link
snap-513-011,Redwood Shores,8782dc4e013f9ed7d5ff858670823d4c9fe5b844caa7dfcc5c4ec66ce96c6b2f,context_link
snap-514-000,Relational model,a26c83cb488b6edb7718c11f4c89795e6b19b1422297e7abc6a05b0b43d5f265,entity_card
snap-514-001,Relational model,a26c83cb488b6edb7718c11f4c89795e6b19b1422297e7abc6a05b0b43d5f265,context_link
snap-514-002,Relational model,a26c83cb488b6edb7718c11f4c89795e6b19b1422297e7abc6a05b0b43d5f265,context_link
snap-515-000,Research institute,525e68887925001c2f9dda7d045d6d21f01e0e11eac388f2e171ca0479469efe,entity_card
snap-515-001,Research institute,525e68887925001c2f9dda7d045d6d21f01e0e11eac388f2e171ca0479469efe,context_link
snap-515-002,Research institute,525e68887925001c2f9dda7d045d6d21f01e0e11eac388f2e171ca0479469efe,context_link
snap-515-003,Research institute,525e68887925001c2f9dda7d045d6d21f01e0e11eac388f2e171ca0479469efe,context_link
snap-515-004,Research institute,525e68887925001c2f9dda7d045d6d21f01e0e11eac388f2e171ca0479469efe,context_link
snap-515-005,Research institute,525e68887925001c2f9dda7d045d6d21f01e0e11eac388f2e171ca0479469efe,context_link
snap-515-006,Research institute,525e68887925001c2f9dda7d045d6d21f01e0e11eac388f2e171ca0479469efe,context_link
snap-516-000,Reusable launch vehicle,be57ef50f1e8bbe342f41ef15aba6fd8f0b9ddb5afad424d03d2dfe47c620485,entity_card
snap-516-001,Reusable launch vehicle,be57ef50f1e8bbe342f41ef15aba6fd8f0b9ddb5afad424d03d2dfe47c620485,context_link
snap-516-002,Reusable launch vehicle,be57ef50f1e8bbe342f41ef15aba6fd8f0b9ddb5afad424d03d2dfe47c620485,context_link
snap-516-003,Reusable launch vehicle,be57ef50f1e8bbe342f41ef15aba6fd8f0b9ddb5afad424d03d2dfe47c620485,context_link
snap-516-004,Reusable launch vehicle,be57ef50f1e8bbe342f41ef15aba6fd8f0b9ddb5afad424d03d2dfe47c620485,context_link
snap-516-005,Reusable launch vehicle,be57ef50f1e8bbe342f41ef15aba6fd8f0b9ddb5afad424d03d2dfe47c620485,context_link
snap-516-006,Reusable launch vehicle,be57ef50f1e8bbe342f41ef15aba6fd8f0b9ddb5afad424d03d2dfe47c620485,context_link
snap-516-007,Reusable launch vehicle,be57ef50f1e8bbe342f41ef15aba6fd8f0b9ddb5afad424d03d2dfe47c620485,context_link
snap-516-008,Reusable launch vehicle,be57ef50f1e8bbe342f41ef15aba6fd8f0b9ddb5afad424d03d2dfe47c620485,context_link
snap-516-009,Reusable launch vehicle,be57ef50f1e8bbe342f41ef15aba6fd8f0b9ddb5afad424d03d2dfe47c620485,context_link
snap-516-010,Reusable launch vehicle,be57ef50f1e8bbe342f41ef15aba6fd8f0b9ddb5afad424d03d2dfe47c620485,context_link
snap-516-011,Reusable launch vehicle,be57ef50f1e8bbe342f41ef15aba6fd8f0b9ddb5afad424d03d2dfe47c620485,context_link
snap-516-012,Reusable launch vehicle,be57ef50f1e8bbe342f41ef15aba6fd8f0b9ddb5afad424d03d2dfe47c620485,context_link
snap-516-013,Reusable launch vehicle,be57ef50f1e8bbe342f41ef15aba6fd8f0b9ddb5afad424d03d2dfe47c620485,context_link
snap-516-014,Reusable launch vehicle,be57ef50f1e8bbe342f41ef15aba6fd8f0b9ddb5afad424d03d2dfe47c620485,context_link
snap-516-015,Reusable launch vehicle,be57ef50f1e8bbe342f41ef15aba6fd8f0b9ddb5afad424d03d2dfe47c620485,context_link
snap-516-016,Reusable launch vehicle,be57ef50f1e8bbe342f41ef15aba6fd8f0b9ddb5afad424d03d2dfe47c620485,context_link
snap-516-017,Reusable launch vehicle,be57ef50f1e8bbe342f41ef15aba6fd8f0b9ddb5afad424d03d2dfe47c620485,context_link
snap-516-018,Reusable launch vehicle,be57ef50f1e8bbe342f41ef15aba6fd8f0b9ddb5afad424d03d2dfe47c620485,context_link
snap-516-019,Reusable launch vehicle,be57ef50f1e8bbe342f41ef15aba6fd8f0b9ddb5afad424d03d2dfe47c620485,context_link
snap-517-000,Reuters,e4cdd34bbff762664b8e173d488b095e2bee8f6e8467df0c8991f67197f5e6b4,entity_card
snap-517-001,Reuters,e4cdd34bbff762664b8e173d488b095e2bee8f6e8467df0c8991f67197f5e6b4,context_link
snap-517-002,Reuters,e4cdd34bbff762664b8e173d488b095e2bee8f6e8467df0c8991f67197f5e6b4,context_link
snap-517-003,Reuters,e4cdd34bbff762664b8e173d488b095e2bee8f6e8467df0c8991f67197f5e6b4,context_link
snap-518-000,Richard Branson,1f74ca65e032fdf2d4c392bbe0c7b1bbc03ba547ce95f0de7ea36d50cd2dc169,entity_card
snap-518-001,Richard Branson,1f74ca65e032fdf2d4c392bbe0c7b1bbc03ba547ce95f0de7ea36d50cd2dc169,context_link
snap-518-002,Richard Branson,1f74ca65e032fdf2d4c392bbe0c7b1bbc03ba547ce95f0de7ea36d50cd2dc169,context_link
snap-518-003,Richard Branson,1f74ca65e032fdf2d4c392bbe0c7b1bbc03ba547ce95f0de7ea36d50cd2dc169,context_link
snap-518-004,Richard Branson,1f74ca65e032fdf2d4c392bbe0c7b1bbc03ba547ce95f0de7ea36d50cd2dc169,context_link
snap-519-000,Richard Cantillon,c89f97396d4bd407de2ecc4452ccae9a6a464e44d5dfd620a837aec51ed0d905,entity_card
snap-519-001,Richard Cantillon,c89f97396d4bd407de2ecc4452ccae9a6a464e44d5dfd620a837aec51ed0d905,context_link
snap-519-002,Richard Cantillon,c89f97396d4bd407de2ecc4452ccae9a6a464e44d5dfd620a837aec51ed0d905,context_link
snap-519-003,Richard Cantillon,c89f97396d4bd407de2ecc4452ccae9a6a464e44d5dfd620a837aec51ed0d905,context_link
snap-519-004,Richard Cantillon,c89f97396d4bd407de2ecc4452ccae9a6a464e44d5dfd620a837aec51ed0d905,context_link
snap-519-005,Richard Cantillon,c89f97396d4bd407de2ecc4452ccae9a6a464e44d5dfd620a837aec51ed0d905,context_link
snap-520-000,Richard Sylla,bd01dc6144c7c8f66ecd0bc2a5bac2f3cb66b2566971e8738224b793c79a6d24,entity_card
snap-520-001,Richard Sylla,bd01dc6144c7c8f66ecd0bc2a5bac2f3cb66b2566971e8738224b793c79a6d24,context_link
snap-520-002,Richard Sylla,bd01dc6144c7c8f66ecd0bc2a5bac2f3cb66b2566971e8738224b793c79a6d24,context_link
snap-520-003,Richard Sylla,bd01dc6144c7c8f66ecd0bc2a5bac2f3cb66b2566971e8738224b793c79a6d24,context_link
snap-520-004,Richard Sylla,bd01dc6144c7c8f66ecd0bc2a5bac2f3cb66b2566971e8738224b793c79a6d24,context_link
snap-520-005,Richard Sylla,bd01dc6144c7c8f66ecd0bc2a5bac2f3cb66b2566971e8738224b793c79a6d24,context_link
snap-520-006,Richard Sylla,bd01dc6144c7c8f66ecd0bc2a5bac2f3cb66b2566971e8738224b793c79a6d24,context_link
snap-520-007,Richard Sylla,bd01dc6144c7c8f66ecd0bc2a5bac2f3cb66b2566971e8738224b793c79a6d24,context_link
snap-520-008,Richard Sylla,bd01dc6144c7c8f66ecd0bc2a5bac2f3cb66b2566971e8738224b793c79a6d24,context_link
snap-520-009,Richard Sylla,bd01dc6144c7c8f66ecd0bc2a5bac2f3cb66b2566971e8738224b793c79a6d24,context_link
snap-521-000,Risk management,283a0b55b99c71e236311da0666240ffb9a1521a3ae45e97cf1f9cbd5ff83470,entity_card
snap-522-000,Robert E. Wright,ff6eafc400d9a15a98c38f0de615cc54044e7fd083d971c60e04e204ec9a3369,entity_card
snap-522-001,Robert E. Wright,ff6eafc400d9a15a98c38f0de615cc54044e7fd083d971c60e04e204ec9a3369,definition_claim
snap-522-002,Robert E. Wright,ff6eafc400d9a15a98c38f0de615cc54044e7fd083d971c60e04e204ec9a3369,context_link
snap-522-003,Robert E. Wright,ff6eafc400d9a15a98c38f0de615cc54044e7fd083d971c60e04e204ec9a3369,context_link
snap-523-000,Robert Zubrin,c85ab6761588ae15d47034e23d4eb202d8df467c69b75aaea164e36311bde337,entity_card
snap-523-001,Robert Zubrin,c85ab6761588ae15d47034e23d4eb202d8df467c69b75aaea164e36311bde337,context_link
snap-523-002,Robert Zubrin,c85ab6761588ae15d47034e23d4eb202d8df467c69b75aaea164e36311bde337,context_link
snap-523-003,Robert Zubrin,c85ab6761588ae15d47034e23d4eb202d8df467c69b75aaea164e36311bde337,context_link
snap-523-004,Robert Zubrin,c85ab6761588ae15d47034e23d4eb202d8df467c69b75aaea164e36311bde337,context_link
snap-523-005,Robert Zubrin,c85ab6761588ae15d47034e23d4eb202d8df467c69b75aaea164e36311bde337,context_link
snap-523-006,Robert Zubrin,c85ab6761588ae15d47034e23d4eb202d8df467c69b75aaea164e36311bde337,context_link
snap-523-007,Robert Zubrin,c85ab6761588ae15d47034e23d4eb202d8df467c69b75aaea164e36311bde337,context_link
snap-523-008,Robert Zubrin,c85ab6761588ae15d47034e23d4eb202d8df467c69b75aaea164e36311bde337,context_link
snap-523-009,Robert Zubrin,c85ab6761588ae15d47034e23d4eb202d8df467c69b75aaea164e36311bde337,context_link
snap-523-010,Robert Zubrin,c85ab6761588ae15d47034e23d4eb202d8df467c69b75aaea164e36311bde337,context_link
snap-523-011,Robert Zubrin,c85ab6761588ae15d47034e23d4eb202d8df467c69b75aaea164e36311bde337,context_link
snap-524-000,Rocket,7d5a835dc7c8ab8e3118bde4072b1d838110f8b1fa21467c1bcff508035293c8,entity_card
snap-524-001,Rocket,7d5a835dc7c8ab8e3118bde4072b1d838110f8b1fa21467c1bcff508035293c8,context_link
snap-524-002,Rocket,7d5a835dc7c8ab8e3118bde4072b1d838110f8b1fa21467c1bcff508035293c8,context_link
snap-524-003,Rocket,7d5a835dc7c8ab8e3118bde4072b1d838110f8b1fa21467c1bcff508035293c8,context_link
snap-524-004,Rocket,7d5a835dc7c8ab8e3118bde4072b1d838110f8b1fa21467c1bcff508035293c8,context_link
snap-524-005,Rocket,7d5a835dc7c8ab8e3118bde4072b1d838110f8b1fa21467c1bcff508035293c8,context_link
snap-524-006,Rocket,7d5a835dc7c8ab8e3118bde4072b1d838110f8b1fa21467c1bcff508035293c8,context_link
snap-524-007,Rocket,7d5a835dc7c8ab8e3118bde4072b1d838110f8b1fa21467c1bcff508035293c8,context_link
snap-525-000,Rocket Science Games,4b86302a226eec914fd7fb4333a73f152e26e856d31601f2e1e8c6f59c84e889,entity_card
snap-525-001,Rocket Science Games,4b86302a226eec914fd7fb4333a73f152e26e856d31601f2e1e8c6f59c84e889,definition_claim
snap-525-002,Rocket Science Games,4b86302a226eec914fd7fb4333a73f152e26e856d31601f2e1e8c6f59c84e889,context_link
snap-525-003,Rocket Science Games,4b86302a226eec914fd7fb4333a73f152e26e856d31601f2e1e8c6f59c84e889,context_link
snap-525-004,Rocket Science Games,4b86302a226eec914fd7fb4333a73f152e26e856d31601f2e1e8c6f59c84e889,context_link
snap-525-005,Rocket Science Games,4b86302a226eec914fd7fb4333a73f152e26e856d31601f2e1e8c6f59c84e889,context_link
snap-525-006,Rocket Science Games,4b86302a226eec914fd7fb4333a73f152e26e856d31601f2e1e8c6f59c84e889,context_link
snap-525-007,Rocket Science Games,4b86302a226eec914fd7fb4333a73f152e26e856d31601f2e1e8c6f59c84e889,context_link
snap-525-008,Rocket Science Games,4b86302a226eec914fd7fb4333a73f152e26e856d31601f2e1e8c6f59c84e889,context_link
snap-526-000,Rocket engine,84beb196ced4b164390519fff77bef30a66bf8077192dd9379c86d228f1007ef,entity_card
snap-526-001,Rocket engine,84beb196ced4b164390519fff77bef30a66bf8077192dd9379c86d228f1007ef,context_link
snap-526-002,Rocket engine,84beb196ced4b164390519fff77bef30a66bf8077192dd9379c86d228f1007ef,context_link
snap-526-003,Rocket engine,84beb196ced4b164390519fff77bef30a66bf8077192dd9379c86d228f1007ef,context_link
snap-526-004,Rocket engine,84beb196ced4b164390519fff77bef30a66bf8077192dd9379c86d228f1007ef,context_link
snap-526-005,Rocket engine,84beb196ced4b164390519fff77bef30a66bf8077192dd9379c86d228f1007ef,context_link
snap-526-006,Rocket engine,84beb196ced4b164390519fff77bef30a66bf8077192dd9379c86d228f1007ef,context_link
snap-526-007,Rocket engine,84beb196ced4b164390519fff77bef30a66bf8077192dd9379c86d228f1007ef,context_link
snap-527-000,Rocketplane Kistler,2d6700a9d5ac58cb4a6ee051686a640554ac64b23ac4820696bf7830e59d3628,entity_card
snap-527-001,Rocketplane Kistler,2d6700a9d5ac58cb4a6ee051686a640554ac64b23ac4820696bf7830e59d3628,context_link
snap-527-002,Rocketplane Kistler,2d6700a9d5ac58cb4a6ee051686a640554ac64b23ac4820696bf7830e59d3628,context_link
snap-527-003,Rocketplane Kistler,2d6700a9d5ac58cb4a6ee051686a640554ac64b23ac4820696bf7830e59d3628,context_link
snap-527-004,Rocketplane Kistler,2d6700a9d5ac58cb4a6ee051686a640554ac64b23ac4820696bf7830e59d3628,context_link
snap-527-005,Rocketplane Kistler,2d6700a9d5ac58cb4a6ee051686a640554ac64b23ac4820696bf7830e59d3628,context_link
snap-527-006,Rocketplane Kistler,2d6700a9d5ac58cb4a6ee051686a640554ac64b23ac4820696bf7830e59d3628,context_link
snap-527-007,Rocketplane Kistler,2d6700a9d5ac58cb4a6ee051686a640554ac64b23ac4820696bf7830e59d3628,context_link
snap-527-008,Rocketplane Kistler,2d6700a9d5ac58cb4a6ee051686a640554ac64b23ac4820696bf7830e59d3628,context_link
snap-527-009,Rocketplane Kistler,2d6700a9d5ac58cb4a6ee051686a640554ac64b23ac4820696bf7830e59d3628,context_link
snap-527-010,Rocketplane Kistler,2d6700a9d5ac58cb4a6ee051686a640554ac64b23ac4820696bf7830e59d3628,context_link
snap-527-011,Rocketplane Kistler,2d6700a9d5ac58cb4a6ee051686a640554ac64b23ac4820696bf7830e59d3628,context_link
snap-527-012,Rocketplane Kistler,2d6700a9d5ac58cb4a6ee051686a640554ac64b23ac4820696bf7830e59d3628,context_link
snap-527-013,Rocketplane Kistler,2d6700a9d5ac58cb4a6ee051686a640554ac64b23ac4820696bf7830e59d3628,context_link
snap-527-014,Rocketplane Kistler,2d6700a9d5ac58cb4a6ee051686a640554ac64b23ac4820696bf7830e59d3628,context_link
snap-527-015,Rocketplane Kistler,2d6700a9d5ac58cb4a6ee051686a640554ac64b23ac4820696bf7830e59d3628,context_link
snap-527-016,Rocketplane Kistler,2d6700a9d5ac58cb4a6ee051686a640554ac64b23ac4820696bf7830e59d3628,context_link
snap-527-017,Rocketplane Kistler,2d6700a9d5ac58cb4a6ee051686a640554ac64b23ac4820696bf7830e59d3628,context_link
snap-527-018,Rocketplane Kistler,2d6700a9d5ac58cb4a6ee051686a640554ac64b23ac4820696bf7830e59d3628,context_link
snap-528-000,Rockwell Collins,be12d5272a3a24327ddc549112f2da46391d8aca41a26d7bb5be1ceb9bd62792,entity_card
snap-528-001,Rockwell Collins,be12d5272a3a24327ddc549112f2da46391d8aca41a26d7bb5be1ceb9bd62792,context_link
snap-528-002,Rockwell Collins,be12d5272a3a24327ddc549112f2da46391d8aca41a26d7bb5be1ceb9bd62792,context_link
snap-528-003,Rockwell Collins,be12d5272a3a24327ddc549112f2da46391d8aca41a26d7bb5be1ceb9bd62792,context_link
snap-528-004,Rockwell Collins,be12d5272a3a24327ddc549112f2da46391d8aca41a26d7bb5be1ceb9bd62792,context_link
snap-528-005,Rockwell Collins,be12d5272a3a24327ddc549112f2da46391d8aca41a26d7bb5be1ceb9bd62792,context_link
snap-528-006,Rockwell Collins,be12d5272a3a24327ddc549112f2da46391d8aca41a26d7bb5be1ceb9bd62792,context_link
snap-528-007,Rockwell Collins,be12d5272a3a24327ddc549112f2da46391d8aca41a26d7bb5be1ceb9bd62792,context_link
snap-528-008,Rockwell Collins,be12d5272a3a24327ddc549112f2da46391d8aca41a26d7bb5be1ceb9bd62792,context_link
snap-528-009,Rockwell Collins,be12d5272a3a24327ddc549112f2da46391d8aca41a26d7bb5be1ceb9bd62792,context_link
snap-528-010,Rockwell Collins,be12d5272a3a24327ddc549112f2da46391d8aca41a26d7bb5be1ceb9bd62792,context_link
snap-528-011,Rockwell Collins,be12d5272a3a24327ddc549112f2da46391d8aca41a26d7bb5be1ceb9bd62792,context_link
snap-528-012,Rockwell Collins,be12d5272a3a24327ddc549112f2da46391d8aca41a26d7bb5be1ceb9bd62792,context_link
snap-528-013,Rockwell Collins,be12d5272a3a24327ddc549112f2da46391d8aca41a26d7bb5be1ceb9bd62792,context_link
snap-528-014,Rockwell Collins,be12d5272a3a24327ddc549112f2da46391d8aca41a26d7bb5be1ceb9bd62792,context_link
snap-528-015,Rockwell Collins,be12d5272a3a24327ddc549112f2da46391d8aca41a26d7bb5be1ceb9bd62792,context_link
snap-528-016,Rockwell Collins,be12d5272a3a24327ddc549112f2da46391d8aca41a26d7bb5be1ceb9bd62792,context_link
snap-529-000,Roman Republic,e043d417ec7d03aa42059a6a780b7a229bddab233d8699b061f5d0b1af880ab0,entity_card
snap-530-000,Ronald Reagan,099f270c6a8098da154189222c300aa2c5349263b3324fde0e9ed8808ec96b96,entity_card
snap-530-001,Ronald Reagan,099f270c6a8098da154189222c300aa2c5349263b3324fde0e9ed8808ec96b96,context_link
snap-530-002,Ronald Reagan,099f270c6a8098da154189222c300aa2c5349263b3324fde0e9ed8808ec96b96,context_link
snap-531-000,Ronald Reagan Space and Missile Test Range,89d13893b35832676caceb38351c9f87e79206ee65ab11bb2150308348b7487a,entity_card
snap-531-001,Ronald Reagan Space and Missile Test Range,89d13893b35832676caceb38351c9f87e79206ee65ab11bb2150308348b7487a,context_link
snap-531-002,Ronald Reagan Space and Missile Test Range,89d13893b35832676caceb38351c9f87e79206ee65ab11bb2150308348b7487a,context_link
snap-531-003,Ronald Reagan Space and Missile Test Range,89d13893b35832676caceb38351c9f87e79206ee65ab11bb2150308348b7487a,context_link
snap-531-004,Ronald Reagan Space and Missile Test Range,89d13893b35832676caceb38351c9f87e79206ee65ab11bb2150308348b7487a,context_link
snap-531-005,Ronald Reagan Space and Missile Test Range,89d13893b35832676caceb38351c9f87e79206ee65ab11bb2150308348b7487a,context_link
snap-531-006,Ronald Reagan Space and Missile Test Range,89d13893b35832676caceb38351c9f87e79206ee65ab11bb2150308348b7487a,context_link
snap-531-007,Ronald Reagan Space and Missile Test Range,89d13893b35832676caceb38351c9f87e79206ee65ab11bb2150308348b7487a,context_link
snap-531-008,Ronald Reagan Space and Missile Test Range,89d13893b35832676caceb38351c9f87e79206ee65ab11bb2150308348b7487a,context_link
snap-531-009,Ronald Reagan Space and Missile Test Range,89d13893b35832676caceb38351c9f87e79206ee65ab11bb2150308348b7487a,context_link
snap-531-010,Ronald Reagan Space and Missile Test Range,89d13893b35832676caceb38351c9f87e79206ee65ab11bb2150308348b7487a,context_link
snap-531-011,Ronald Reagan Space and Missile Test Range,89d13893b35832676caceb38351c9f87e79206ee65ab11bb2150308348b7487a,context_link
snap-531-012,Ronald Reagan Space and Missile Test Range,89d13893b35832676caceb38351c9f87e79206ee65ab11bb2150308348b7487a,context_link
snap-531-013,Ronald Reagan Space and Missile Test Range,89d13893b35832676caceb38351c9f87e79206ee65ab11bb2150308348b7487a,context_link
snap-531-014,Ronald Reagan Space and Missile Test Range,89d13893b35832676caceb38351c9f87e79206ee65ab11bb2150308348b7487a,context_link
snap-532-000,Roots Blower Company,ba74075b5c165b014410595db13a7495c527c1ff0cf7df0efd69ac17f20757aa,entity_card
snap-532-001,Roots Blower Company,ba74075b5c165b014410595db13a7495c527c1ff0cf7df0efd69ac17f20757aa,context_link
snap-532-002,Roots Blower Company,ba74075b5c165b014410595db13a7495c527c1ff0cf7df0efd69ac17f20757aa,context_link
snap-532-003,Roots Blower Company,ba74075b5c165b014410595db13a7495c527c1ff0cf7df0efd69ac17f20757aa,context_link
snap-532-004,Roots Blower Company,ba74075b5c165b014410595db13a7495c527c1ff0cf7df0efd69ac17f20757aa,context_link
snap-532-005,Roots Blower Company,ba74075b5c165b014410595db13a7495c527c1ff0cf7df0efd69ac17f20757aa,context_link
snap-532-006,Roots Blower Company,ba74075b5c165b014410595db13a7495c527c1ff0cf7df0efd69ac17f20757aa,context_link
snap-533-000,Royal Air Force,926857260ee2b269b7a5a6e39c169ecb5330bdd762fd268581c3fd0d2ef592a2,entity_card
snap-533-001,Royal Air Force,926857260ee2b269b7a5a6e39c169ecb5330bdd762fd268581c3fd0d2ef592a2,context_link
snap-533-002,Royal Air Force,926857260ee2b269b7a5a6e39c169ecb5330bdd762fd268581c3fd0d2ef592a2,context_link
snap-533-003,Royal Air Force,926857260ee2b269b7a5a6e39c169ecb5330bdd762fd268581c3fd0d2ef592a2,context_link
snap-533-004,Royal Air Force,926857260ee2b269b7a5a6e39c169ecb5330bdd762fd268581c3fd0d2ef592a2,context_link
snap-533-005,Royal Air Force,926857260ee2b269b7a5a6e39c169ecb5330bdd762fd268581c3fd0d2ef592a2,context_link
snap-533-006,Royal Air Force,926857260ee2b269b7a5a6e39c169ecb5330bdd762fd268581c3fd0d2ef592a2,context_link
snap-533-007,Royal Air Force,926857260ee2b269b7a5a6e39c169ecb5330bdd762fd268581c3fd0d2ef592a2,context_link
snap-534-000,Royal Mail Steam Packet Company,68cee56981e3be6a12631883f12677c20812c2ed55be939e6382c7581de7af62,entity_card
snap-534-001,Royal Mail Steam Packet Company,68cee56981e3be6a12631883f12677c20812c2ed55be939e6382c7581de7af62,definition_claim
snap-534-002,Royal Mail Steam Packet Company,68cee56981e3be6a12631883f12677c20812c2ed55be939e6382c7581de7af62,context_link
snap-534-003,Royal Mail Steam Packet Company,68cee56981e3be6a12631883f12677c20812c2ed55be939e6382c7581de7af62,context_link
snap-534-004,Royal Mail Steam Packet Company,68cee56981e3be6a12631883f12677c20812c2ed55be939e6382c7581de7af62,context_link
snap-534-005,Royal Mail Steam Packet Company,68cee56981e3be6a12631883f12677c20812c2ed55be939e6382c7581de7af62,context_link
snap-534-006,Royal Mail Steam Packet Company,68cee56981e3be6a12631883f12677c20812c2ed55be939e6382c7581de7af62,context_link
snap-534-007,Royal Mail Steam Packet Company,68cee56981e3be6a12631883f12677c20812c2ed55be939e6382c7581de7af62,context_link
snap-534-008,Royal Mail Steam Packet Company,68cee56981e3be6a12631883f12677c20812c2ed55be939e6382c7581de7af62,context_link
snap-534-009,Royal Mail Steam Packet Company,68cee56981e3be6a12631883f12677c20812c2ed55be939e6382c7581de7af62,context_link
snap-534-010,Royal Mail Steam Packet Company,68cee56981e3be6a12631883f12677c20812c2ed55be939e6382c7581de7af62,context_link
snap-534-011,Royal Mail Steam Packet Company,68cee56981e3be6a12631883f12677c20812c2ed55be939e6382c7581de7af62,context_link
snap-534-012,Royal Mail Steam Packet Company,68cee56981e3be6a12631883f12677c20812c2ed55be939e6382c7581de7af62,context_link
snap-534-013,Royal Mail Steam Packet Company,68cee56981e3be6a12631883f12677c20812c2ed55be939e6382c7581de7af62,context_link
snap-534-014,Royal Mail Steam Packet Company,68cee56981e3be6a12631883f12677c20812c2ed55be939e6382c7581de7af62,context_link
snap-534-015,Royal Mail Steam Packet Company,68cee56981e3be6a12631883f12677c20812c2ed55be939e6382c7581de7af62,context_link
snap-535-000,Royal Navy,d89e544cab451bc13eede766f3f9c3f61306d60bc0845ac826b28a03db8f79b3,entity_card
snap-535-001,Royal Navy,d89e544cab451bc13eede766f3f9c3f61306d60bc0845ac826b28a03db8f79b3,context_link
snap-535-002,Royal Navy,d89e544cab451bc13eede766f3f9c3f61306d60bc0845ac826b28a03db8f79b3,context_link
snap-535-003,Royal Navy,d89e544cab451bc13eede766f3f9c3f61306d60bc0845ac826b28a03db8f79b3,context_link
snap-536-000,Russia,59f257c71c18ff0bbe9ea79e0bef7cccaceb6f75fd3b26db71b256bc7abe3413,entity_card
snap-536-001,Russia,59f257c71c18ff0bbe9ea79e0bef7cccaceb6f75fd3b26db71b256bc7abe3413,context_link
snap-537-000,SHA-2,6a8bdf5adff8a79c9d6e519eae8b96f8b6491f354c5a1df300cf7b03a130b7e4,entity_card
snap-537-001,SHA-2,6a8bdf5adff8a79c9d6e519eae8b96f8b6491f354c5a1df300cf7b03a130b7e4,context_link
snap-537-002,SHA-2,6a8bdf5adff8a79c9d6e519eae8b96f8b6491f354c5a1df300cf7b03a130b7e4,context_link
snap-537-003,SHA-2,6a8bdf5adff8a79c9d6e519eae8b96f8b6491f354c5a1df300cf7b03a130b7e4,context_link
snap-537-004,SHA-2,6a8bdf5adff8a79c9d6e519eae8b96f8b6491f354c5a1df300cf7b03a130b7e4,context_link
snap-537-005,SHA-2,6a8bdf5adff8a79c9d6e519eae8b96f8b6491f354c5a1df300cf7b03a130b7e4,context_link
snap-537-006,SHA-2,6a8bdf5adff8a79c9d6e519eae8b96f8b6491f354c5a1df300cf7b03a130b7e4,context_link
snap-537-007,SHA-2,6a8bdf5adff8a79c9d6e519eae8b96f8b6491f354c5a1df300cf7b03a130b7e4,context_link
snap-538-000,SM-65 Atlas,2ce5384b6986c1f738cbecf4b0e0085fbb9b1a6b3529be36cbb08b400089f343,entity_card
snap-538-001,SM-65 Atlas,2ce5384b6986c1f738cbecf4b0e0085fbb9b1a6b3529be36cbb08b400089f343,context_link
snap-538-002,SM-65 Atlas,2ce5384b6986c1f738cbecf4b0e0085fbb9b1a6b3529be36cbb08b400089f343,context_link
snap-538-003,SM-65 Atlas,2ce5384b6986c1f738cbecf4b0e0085fbb9b1a6b3529be36cbb08b400089f343,context_link
snap-538-004,SM-65 Atlas,2ce5384b6986c1f738cbecf4b0e0085fbb9b1a6b3529be36cbb08b400089f343,context_link
snap-538-005,SM-65 Atlas,2ce5384b6986c1f738cbecf4b0e0085fbb9b1a6b3529be36cbb08b400089f343,context_link
snap-538-006,SM-65 Atlas,2ce5384b6986c1f738cbecf4b0e0085fbb9b1a6b3529be36cbb08b400089f343,context_link
snap-538-007,SM-65 Atlas,2ce5384b6986c1f738cbecf4b0e0085fbb9b1a6b3529be36cbb08b400089f343,context_link
snap-539-000,SMS Amazone,b2996f1fff612ed43c3d677e319977cb4fe73c8e1fe8a6a54bd4a9e7e44f0fa2,entity_card
snap-539-001,SMS Amazone,b2996f1fff612ed43c3d677e319977cb4fe73c8e1fe8a6a54bd4a9e7e44f0fa2,context_link
snap-539-002,SMS Amazone,b2996f1fff612ed43c3d677e319977cb4fe73c8e1fe8a6a54bd4a9e7e44f0fa2,context_link
snap-540-000,Safra Catz,b6662cb202309705fbfeb3948418cfd26ceae2fe5c24110ca815833d49262395,entity_card
snap-540-001,Safra Catz,b6662cb202309705fbfeb3948418cfd26ceae2fe5c24110ca815833d49262395,context_link
snap-540-002,Safra Catz,b6662cb202309705fbfeb3948418cfd26ceae2fe5c24110ca815833d49262395,context_link
snap-540-003,Safra Catz,b6662cb202309705fbfeb3948418cfd26ceae2fe5c24110ca815833d49262395,context_link
snap-540-004,Safra Catz,b6662cb202309705fbfeb3948418cfd26ceae2fe5c24110ca815833d49262395,context_link
snap-540-005,Safra Catz,b6662cb202309705fbfeb3948418cfd26ceae2fe5c24110ca815833d49262395,context_link
snap-540-006,Safra Catz,b6662cb202309705fbfeb3948418cfd26ceae2fe5c24110ca815833d49262395,context_link
snap-540-007,Safra Catz,b6662cb202309705fbfeb3948418cfd26ceae2fe5c24110ca815833d49262395,context_link
snap-540-008,Safra Catz,b6662cb202309705fbfeb3948418cfd26ceae2fe5c24110ca815833d49262395,context_link
snap-540-009,Safra Catz,b6662cb202309705fbfeb3948418cfd26ceae2fe5c24110ca815833d49262395,context_link
snap-540-010,Safra Catz,b6662cb202309705fbfeb3948418cfd26ceae2fe5c24110ca815833d49262395,context_link
snap-540-011,Safra Catz,b6662cb202309705fbfeb3948418cfd26ceae2fe5c24110ca815833d49262395,context_link
snap-540-012,Safra Catz,b6662cb202309705fbfeb3948418cfd26ceae2fe5c24110ca815833d49262395,context_link
snap-540-013,Safra Catz,b6662cb202309705fbfeb3948418cfd26ceae2fe5c24110ca815833d49262395,context_link
snap-540-014,Safra Catz,b6662cb202309705fbfeb3948418cfd26ceae2fe5c24110ca815833d49262395,context_link
snap-540-015,Safra Catz,b6662cb202309705fbfeb3948418cfd26ceae2fe5c24110ca815833d49262395,context_link
snap-540-016,Safra Catz,b6662cb202309705fbfeb3948418cfd26ceae2fe5c24110ca815833d49262395,context_link
snap-540-017,Safra Catz,b6662cb202309705fbfeb3948418cfd26ceae2fe5c24110ca815833d49262395,context_link
snap-541-000,Salomon Brothers,768b31b950754972d550f705df01ed36da741ff2e7934d7a6102892a46cf5417,entity_card
snap-541-001,Salomon Brothers,768b31b950754972d550f705df01ed36da741ff2e7934d7a6102892a46cf5417,context_link
snap-541-002,Salomon Brothers,768b31b950754972d550f705df01ed36da741ff2e7934d7a6102892a46cf5417,context_link
snap-541-003,Salomon Brothers,768b31b950754972d550f705df01ed36da741ff2e7934d7a6102892a46cf5417,context_link
snap-541-004,Salomon Brothers,768b31b950754972d550f705df01ed36da741ff2e7934d7a6102892a46cf5417,context_link
snap-541-005,Salomon Brothers,768b31b950754972d550f705df01ed36da741ff2e7934d7a6102892a46cf5417,context_link
snap-541-006,Salomon Brothers,768b31b950754972d550f705df01ed36da741ff2e7934d7a6102892a46cf5417,context_link
snap-541-007,Salomon Brothers,768b31b950754972d550f705df01ed36da741ff2e7934d7a6102892a46cf5417,context_link
snap-542-000,Sam Altman,849a83bc035ef7237e0b9cbfec715d7adc3a5afe69b9d88685a2fbff6cb9c42c,entity_card
snap-542-001,Sam Altman,849a83bc035ef7237e0b9cbfec715d7adc3a5afe69b9d88685a2fbff6cb9c42c,context_link
snap-542-002,Sam Altman,849a83bc035ef7237e0b9cbfec715d7adc3a5afe69b9d88685a2fbff6cb9c42c,context_link
snap-542-003,Sam Altman,849a83bc035ef7237e0b9cbfec715d7adc3a5afe69b9d88685a2fbff6cb9c42c,context_link
snap-542-004,Sam Altman,849a83bc035ef7237e0b9cbfec715d7adc3a5afe69b9d88685a2fbff6cb9c42c,context_link
snap-542-005,Sam Altman,849a83bc035ef7237e0b9cbfec715d7adc3a5afe69b9d88685a2fbff6cb9c42c,context_link
snap-542-006,Sam Altman,849a83bc035ef7237e0b9cbfec715d7adc3a5afe69b9d88685a2fbff6cb9c42c,context_link
snap-542-007,Sam Altman,849a83bc035ef7237e0b9cbfec715d7adc3a5afe69b9d88685a2fbff6cb9c42c,context_link
snap-542-008,Sam Altman,849a83bc035ef7237e0b9cbfec715d7adc3a5afe69b9d88685a2fbff6cb9c42c,context_link
snap-543-000,San Antonio,a5e0091ba02b57704f3ac4d953dcad4becb6e629fdc422d8806e6e75c7018cef,entity_card
snap-543-001,San Antonio,a5e0091ba02b57704f3ac4d953dcad4becb6e629fdc422d8806e6e75c7018cef,context_link
snap-543-002,San Antonio,a5e0091ba02b57704f3ac4d953dcad4becb6e629fdc422d8806e6e75c7018cef,context_link
snap-543-003,San Antonio,a5e0091ba02b57704f3ac4d953dcad4becb6e629fdc422d8806e6e75c7018cef,context_link
snap-543-004,San Antonio,a5e0091ba02b57704f3ac4d953dcad4becb6e629fdc422d8806e6e75c7018cef,context_link
snap-544-000,San Francisco,08d1f0dd911f1163da4bce1277cdaf13daea922451c1ed433df69bf427d392b0,entity_card
snap-544-001,San Francisco,08d1f0dd911f1163da4bce1277cdaf13daea922451c1ed433df69bf427d392b0,context_link
snap-544-002,San Francisco,08d1f0dd911f1163da4bce1277cdaf13daea922451c1ed433df69bf427d392b0,context_link
snap-544-003,San Francisco,08d1f0dd911f1163da4bce1277cdaf13daea922451c1ed433df69bf427d392b0,context_link
snap-545-000,San Francisco Bay,c503f6a3dac6fb4595ba2f91ad944c32aab79c3df6c529030475eb59ed71e36d,entity_card
snap-545-001,San Francisco Bay,c503f6a3dac6fb4595ba2f91ad944c32aab79c3df6c529030475eb59ed71e36d,context_link
snap-545-002,San Francisco Bay,c503f6a3dac6fb4595ba2f91ad944c32aab79c3df6c529030475eb59ed71e36d,context_link
snap-545-003,San Francisco Bay,c503f6a3dac6fb4595ba2f91ad944c32aab79c3df6c529030475eb59ed71e36d,context_link
snap-545-004,San Francisco Bay,c503f6a3dac6fb4595ba2f91ad944c32aab79c3df6c529030475eb59ed71e36d,context_link
snap-545-005,San Francisco Bay,c503f6a3dac6fb4595ba2f91ad944c32aab79c3df6c529030475eb59ed71e36d,context_link
snap-545-006,San Francisco Bay,c503f6a3dac6fb4595ba2f91ad944c32aab79c3df6c529030475eb59ed71e36d,context_link
snap-545-007,San Francisco Bay,c503f6a3dac6fb4595ba2f91ad944c32aab79c3df6c529030475eb59ed71e36d,context_link
snap-545-008,San Francisco Bay,c503f6a3dac6fb4595ba2f91ad944c32aab79c3df6c529030475eb59ed71e36d,context_link
snap-546-000,San Francisco Bay Area,09db019e9fe2116fe3f990a6507d2881cb9c1dc833036a8abe860b7bdb38e94a,entity_card
snap-546-001,San Francisco Bay Area,09db019e9fe2116fe3f990a6507d2881cb9c1dc833036a8abe860b7bdb38e94a,context_link
snap-546-002,San Francisco Bay Area,09db019e9fe2116fe3f990a6507d2881cb9c1dc833036a8abe860b7bdb38e94a,context_link
snap-546-003,San Francisco Bay Area,09db019e9fe2116fe3f990a6507d2881cb9c1dc833036a8abe860b7bdb38e94a,context_link
snap-546-004,San Francisco Bay Area,09db019e9fe2116fe3f990a6507d2881cb9c1dc833036a8abe860b7bdb38e94a,context_link
snap-547-000,Satellite,712c41edab1307bae760276ed5344f09f915dc85b8fb85c09bc78e77cbac7e95,entity_card
snap-547-001,Satellite,712c41edab1307bae760276ed5344f09f915dc85b8fb85c09bc78e77cbac7e95,context_link
snap-547-002,Satellite,712c41edab1307bae760276ed5344f09f915dc85b8fb85c09bc78e77cbac7e95,context_link
snap-547-003,Satellite,712c41edab1307bae760276ed5344f09f915dc85b8fb85c09bc78e77cbac7e95,context_link
snap-547-004,Satellite,712c41edab1307bae760276ed5344f09f915dc85b8fb85c09bc78e77cbac7e95,context_link
snap-547-005,Satellite,712c41edab1307bae760276ed5344f09f915dc85b8fb85c09bc78e77cbac7e95,context_link
snap-547-006,Satellite,712c41edab1307bae760276ed5344f09f915dc85b8fb85c09bc78e77cbac7e95,context_link
snap-547-007,Satellite,712c41edab1307bae760276ed5344f09f915dc85b8fb85c09bc78e77cbac7e95,context_link
snap-548-000,Satellite Internet access,04cece53163c747a431cbf022935318daaab3215f62bcb11be9010ff27aa83fc,entity_card
snap-548-001,Satellite Internet access,04cece53163c747a431cbf022935318daaab3215f62bcb11be9010ff27aa83fc,context_link
snap-548-002,Satellite Internet access,04cece53163c747a431cbf022935318daaab3215f62bcb11be9010ff27aa83fc,context_link
snap-548-003,Satellite Internet access,04cece53163c747a431cbf022935318daaab3215f62bcb11be9010ff27aa83fc,context_link
snap-548-004,Satellite Internet access,04cece53163c747a431cbf022935318daaab3215f62bcb11be9010ff27aa83fc,context_link
snap-548-005,Satellite Internet access,04cece53163c747a431cbf022935318daaab3215f62bcb11be9010ff27aa83fc,context_link
snap-548-006,Satellite Internet access,04cece53163c747a431cbf022935318daaab3215f62bcb11be9010ff27aa83fc,context_link
snap-548-007,Satellite Internet access,04cece53163c747a431cbf022935318daaab3215f62bcb11be9010ff27aa83fc,context_link
snap-548-008,Satellite Internet access,04cece53163c747a431cbf022935318daaab3215f62bcb11be9010ff27aa83fc,context_link
snap-548-009,Satellite Internet access,04cece53163c747a431cbf022935318daaab3215f62bcb11be9010ff27aa83fc,context_link
snap-548-010,Satellite Internet access,04cece53163c747a431cbf022935318daaab3215f62bcb11be9010ff27aa83fc,context_link
snap-548-011,Satellite Internet access,04cece53163c747a431cbf022935318daaab3215f62bcb11be9010ff27aa83fc,context_link
snap-548-012,Satellite Internet access,04cece53163c747a431cbf022935318daaab3215f62bcb11be9010ff27aa83fc,context_link
snap-548-013,Satellite Internet access,04cece53163c747a431cbf022935318daaab3215f62bcb11be9010ff27aa83fc,context_link
snap-548-014,Satellite Internet access,04cece53163c747a431cbf022935318daaab3215f62bcb11be9010ff27aa83fc,context_link
snap-548-015,Satellite Internet access,04cece53163c747a431cbf022935318daaab3215f62bcb11be9010ff27aa83fc,context_link
snap-548-016,Satellite Internet access,04cece53163c747a431cbf022935318daaab3215f62bcb11be9010ff27aa83fc,context_link
snap-548-017,Satellite Internet access,04cece53163c747a431cbf022935318daaab3215f62bcb11be9010ff27aa83fc,context_link
snap-548-018,Satellite Internet access,04cece53163c747a431cbf022935318daaab3215f62bcb11be9010ff27aa83fc,context_link
snap-548-019,Satellite Internet access,04cece53163c747a431cbf022935318daaab3215f62bcb11be9010ff27aa83fc,context_link
snap-548-020,Satellite Internet access,04cece53163c747a431cbf022935318daaab3215f62bcb11be9010ff27aa83fc,context_link
snap-549-000,Satellite radio,b828189b975d3621080a20e246287d903e32dc65a5ca4ce343b26ddd49ec226e,entity_card
snap-549-001,Satellite radio,b828189b975d3621080a20e246287d903e32dc65a5ca4ce343b26ddd49ec226e,context_link
snap-549-002,Satellite radio,b828189b975d3621080a20e246287d903e32dc65a5ca4ce343b26ddd49ec226e,context_link
snap-549-003,Satellite radio,b828189b975d3621080a20e246287d903e32dc65a5ca4ce343b26ddd49ec226e,context_link
snap-549-004,Satellite radio,b828189b975d3621080a20e246287d903e32dc65a5ca4ce343b26ddd49ec226e,context_link
snap-549-005,Satellite radio,b828189b975d3621080a20e246287d903e32dc65a5ca4ce343b26ddd49ec226e,context_link
snap-549-006,Satellite radio,b828189b975d3621080a20e246287d903e32dc65a5ca4ce343b26ddd49ec226e,context_link
snap-549-007,Satellite radio,b828189b975d3621080a20e246287d903e32dc65a5ca4ce343b26ddd49ec226e,context_link
snap-549-008,Satellite radio,b828189b975d3621080a20e246287d903e32dc65a5ca4ce343b26ddd49ec226e,context_link
snap-549-009,Satellite radio,b828189b975d3621080a20e246287d903e32dc65a5ca4ce343b26ddd49ec226e,context_link
snap-549-010,Satellite radio,b828189b975d3621080a20e246287d903e32dc65a5ca4ce343b26ddd49ec226e,context_link
snap-549-011,Satellite radio,b828189b975d3621080a20e246287d903e32dc65a5ca4ce343b26ddd49ec226e,context_link
snap-549-012,Satellite radio,b828189b975d3621080a20e246287d903e32dc65a5ca4ce343b26ddd49ec226e,context_link
snap-549-013,Satellite radio,b828189b975d3621080a20e246287d903e32dc65a5ca4ce343b26ddd49ec226e,context_link
snap-550-000,Saturn,a1138e3ed67905778d52d171ee770a3c8a65d86b5d143c269d07b04bb9f10e71,entity_card
snap-550-001,Saturn,a1138e3ed67905778d52d171ee770a3c8a65d86b5d143c269d07b04bb9f10e71,definition_claim
snap-550-002,Saturn,a1138e3ed67905778d52d171ee770a3c8a65d86b5d143c269d07b04bb9f10e71,context_link
snap-550-003,Saturn,a1138e3ed67905778d52d171ee770a3c8a65d86b5d143c269d07b04bb9f10e71,context_link
snap-551-000,Saturn Corporation,ef21228b9b8498398749e14008fb3257abf8810331e39cfd2c9d7603e4b5f1ea,entity_card
snap-551-001,Saturn Corporation,ef21228b9b8498398749e14008fb3257abf8810331e39cfd2c9d7603e4b5f1ea,context_link
snap-551-002,Saturn Corporation,ef21228b9b8498398749e14008fb3257abf8810331e39cfd2c9d7603e4b5f1ea,context_link
snap-551-003,Saturn Corporation,ef21228b9b8498398749e14008fb3257abf8810331e39cfd2c9d7603e4b5f1ea,context_link
snap-551-004,Saturn Corporation,ef21228b9b8498398749e14008fb3257abf8810331e39cfd2c9d7603e4b5f1ea,context_link
snap-551-005,Saturn Corporation,ef21228b9b8498398749e14008fb3257abf8810331e39cfd2c9d7603e4b5f1ea,context_link
snap-551-006,Saturn Corporation,ef21228b9b8498398749e14008fb3257abf8810331e39cfd2c9d7603e4b5f1ea,context_link
snap-551-007,Saturn Corporation,ef21228b9b8498398749e14008fb3257abf8810331e39cfd2c9d7603e4b5f1ea,context_link
snap-551-008,Saturn Corporation,ef21228b9b8498398749e14008fb3257abf8810331e39cfd2c9d7603e4b5f1ea,context_link
snap-551-009,Saturn Corporation,ef21228b9b8498398749e14008fb3257abf8810331e39cfd2c9d7603e4b5f1ea,context_link
snap-551-010,Saturn Corporation,ef21228b9b8498398749e14008fb3257abf8810331e39cfd2c9d7603e4b5f1ea,context_link
snap-551-011,Saturn Corporation,ef21228b9b8498398749e14008fb3257abf8810331e39cfd2c9d7603e4b5f1ea,context_link
snap-552-000,Saturn IB,a57abdd4ae25586939b91133005f446658de402fd9145c9a67c68e10cab7378e,entity_card
snap-552-001,Saturn IB,a57abdd4ae25586939b91133005f446658de402fd9145c9a67c68e10cab7378e,context_link
snap-552-002,Saturn IB,a57abdd4ae25586939b91133005f446658de402fd9145c9a67c68e10cab7378e,context_link
snap-552-003,Saturn IB,a57abdd4ae25586939b91133005f446658de402fd9145c9a67c68e10cab7378e,context_link
snap-552-004,Saturn IB,a57abdd4ae25586939b91133005f446658de402fd9145c9a67c68e10cab7378e,context_link
snap-552-005,Saturn IB,a57abdd4ae25586939b91133005f446658de402fd9145c9a67c68e10cab7378e,context_link
snap-552-006,Saturn IB,a57abdd4ae25586939b91133005f446658de402fd9145c9a67c68e10cab7378e,context_link
snap-552-007,Saturn IB,a57abdd4ae25586939b91133005f446658de402fd9145c9a67c68e10cab7378e,context_link
snap-553-000,Saudi Arabia,300dfe911a75085bdad7dd2a9d15bdc17180377b5dd0f955f51fe147ee45b9d6,entity_card
snap-553-001,Saudi Arabia,300dfe911a75085bdad7dd2a9d15bdc17180377b5dd0f955f51fe147ee45b9d6,context_link
snap-553-002,Saudi Arabia,300dfe911a75085bdad7dd2a9d15bdc17180377b5dd0f955f51fe147ee45b9d6,context_link
snap-554-000,Scaled Composites,b202a7f4c8bb88f858b7e15c8a9c08566d0d38a52c3f70c7cbec7b4a8d32da70,entity_card
snap-554-001,Scaled Composites,b202a7f4c8bb88f858b7e15c8a9c08566d0d38a52c3f70c7cbec7b4a8d32da70,context_link
snap-554-002,Scaled Composites,b202a7f4c8bb88f858b7e15c8a9c08566d0d38a52c3f70c7cbec7b4a8d32da70,context_link
snap-554-003,Scaled Composites,b202a7f4c8bb88f858b7e15c8a9c08566d0d38a52c3f70c7cbec7b4a8d32da70,context_link
snap-554-004,Scaled Composites,b202a7f4c8bb88f858b7e15c8a9c08566d0d38a52c3f70c7cbec7b4a8d32da70,context_link
snap-554-005,Scaled Composites,b202a7f4c8bb88f858b7e15c8a9c08566d0d38a52c3f70c7cbec7b4a8d32da70,context_link
snap-554-006,Scaled Composites,b202a7f4c8bb88f858b7e15c8a9c08566d0d38a52c3f70c7cbec7b4a8d32da70,context_link
snap-554-007,Scaled Composites,b202a7f4c8bb88f858b7e15c8a9c08566d0d38a52c3f70c7cbec7b4a8d32da70,context_link
snap-554-008,Scaled Composites,b202a7f4c8bb88f858b7e15c8a9c08566d0d38a52c3f70c7cbec7b4a8d32da70,context_link
snap-554-009,Scaled Composites,b202a7f4c8bb88f858b7e15c8a9c08566d0d38a52c3f70c7cbec7b4a8d32da70,context_link
snap-554-010,Scaled Composites,b202a7f4c8bb88f858b7e15c8a9c08566d0d38a52c3f70c7cbec7b4a8d32da70,context_link
snap-555-000,Sea Launch,4ce58214b908817da759df152433473939daa0ebbf40b08aa55b663aef987239,entity_card
snap-555-001,Sea Launch,4ce58214b908817da759df152433473939daa0ebbf40b08aa55b663aef987239,context_link
snap-555-002,Sea Launch,4ce58214b908817da759df152433473939daa0ebbf40b08aa55b663aef987239,context_link
snap-555-003,Sea Launch,4ce58214b908817da759df152433473939daa0ebbf40b08aa55b663aef987239,context_link
snap-555-004,Sea Launch,4ce58214b908817da759df152433473939daa0ebbf40b08aa55b663aef987239,context_link
snap-555-005,Sea Launch,4ce58214b908817da759df152433473939daa0ebbf40b08aa55b663aef987239,context_link
snap-555-006,Sea Launch,4ce58214b908817da759df152433473939daa0ebbf40b08aa55b663aef987239,context_link
snap-555-007,Sea Launch,4ce58214b908817da759df152433473939daa0ebbf40b08aa55b663aef987239,context_link
snap-555-008,Sea Launch,4ce58214b908817da759df152433473939daa0ebbf40b08aa55b663aef987239,context_link
snap-555-009,Sea Launch,4ce58214b908817da759df152433473939daa0ebbf40b08aa55b663aef987239,context_link
snap-555-010,Sea Launch,4ce58214b908817da759df152433473939daa0ebbf40b08aa55b663aef987239,context_link
snap-555-011,Sea Launch,4ce58214b908817da759df152433473939daa0ebbf40b08aa55b663aef987239,context_link
snap-555-012,Sea Launch,4ce58214b908817da759df152433473939daa0ebbf40b08aa55b663aef987239,context_link
snap-555-013,Sea Launch,4ce58214b908817da759df152433473939daa0ebbf40b08aa55b663aef987239,context_link
snap-555-014,Sea Launch,4ce58214b908817da759df152433473939daa0ebbf40b08aa55b663aef987239,context_link
snap-555-015,Sea Launch,4ce58214b908817da759df152433473939daa0ebbf40b08aa55b663aef987239,context_link
snap-555-016,Sea Launch,4ce58214b908817da759df152433473939daa0ebbf40b08aa55b663aef987239,context_link
snap-555-017,Sea Launch,4ce58214b908817da759df152433473939daa0ebbf40b08aa55b663aef987239,context_link
snap-555-018,Sea Launch,4ce58214b908817da759df152433473939daa0ebbf40b08aa55b663aef987239,context_link
snap-555-019,Sea Launch,4ce58214b908817da759df152433473939daa0ebbf40b08aa55b663aef987239,context_link
snap-555-020,Sea Launch,4ce58214b908817da759df152433473939daa0ebbf40b08aa55b663aef987239,context_link
snap-556-000,Secondary school,8730a50a62d083043237cb7b8e5a2902a2dd67c10329b7678173b96ac7f451a9,entity_card
snap-556-001,Secondary school,8730a50a62d083043237cb7b8e5a2902a2dd67c10329b7678173b96ac7f451a9,context_link
snap-556-002,Secondary school,8730a50a62d083043237cb7b8e5a2902a2dd67c10329b7678173b96ac7f451a9,context_link
snap-556-003,Secondary school,8730a50a62d083043237cb7b8e5a2902a2dd67c10329b7678173b96ac7f451a9,context_link
snap-557-000,Securities Act of 1933,3734dd15dc012238e0a5d364e92e39c53595c09e125c993c407807cb08e991e2,entity_card
snap-557-001,Securities Act of 1933,3734dd15dc012238e0a5d364e92e39c53595c09e125c993c407807cb08e991e2,context_link
snap-557-002,Securities Act of 1933,3734dd15dc012238e0a5d364e92e39c53595c09e125c993c407807cb08e991e2,context_link
snap-557-003,Securities Act of 1933,3734dd15dc012238e0a5d364e92e39c53595c09e125c993c407807cb08e991e2,context_link
snap-557-004,Securities Act of 1933,3734dd15dc012238e0a5d364e92e39c53595c09e125c993c407807cb08e991e2,context_link
snap-557-005,Securities Act of 1933,3734dd15dc012238e0a5d364e92e39c53595c09e125c993c407807cb08e991e2,context_link
snap-557-006,Securities Act of 1933,3734dd15dc012238e0a5d364e92e39c53595c09e125c993c407807cb08e991e2,context_link
snap-557-007,Securities Act of 1933,3734dd15dc012238e0a5d364e92e39c53595c09e125c993c407807cb08e991e2,context_link
snap-558-000,Securities Exchange Act of 1934,2149979db23f189a06112c8dba0b277f99580ac5ac6c24343f871b9d2a3c0917,entity_card
snap-558-001,Securities Exchange Act of 1934,2149979db23f189a06112c8dba0b277f99580ac5ac6c24343f871b9d2a3c0917,definition_claim
snap-558-002,Securities Exchange Act of 1934,2149979db23f189a06112c8dba0b277f99580ac5ac6c24343f871b9d2a3c0917,context_link
snap-558-003,Securities Exchange Act of 1934,2149979db23f189a06112c8dba0b277f99580ac5ac6c24343f871b9d2a3c0917,context_link
snap-558-004,Securities Exchange Act of 1934,2149979db23f189a06112c8dba0b277f99580ac5ac6c24343f871b9d2a3c0917,context_link
snap-558-005,Securities Exchange Act of 1934,2149979db23f189a06112c8dba0b277f99580ac5ac6c24343f871b9d2a3c0917,context_link
snap-559-000,September,5a5724e7a7325b3b4857f44a7d896939535b1b06719203899808041904ea1bb9,entity_card
snap-559-001,September,5a5724e7a7325b3b4857f44a7d896939535b1b06719203899808041904ea1bb9,context_link
snap-559-002,September,5a5724e7a7325b3b4857f44a7d896939535b1b06719203899808041904ea1bb9,context_link
snap-559-003,September,5a5724e7a7325b3b4857f44a7d896939535b1b06719203899808041904ea1bb9,context_link
snap-559-004,September,5a5724e7a7325b3b4857f44a7d896939535b1b06719203899808041904ea1bb9,context_link
snap-559-005,September,5a5724e7a7325b3b4857f44a7d896939535b1b06719203899808041904ea1bb9,context_link
snap-560-000,Sergey Brin,fc9f720b3c41c0da905b10c7fad9e70df3e7ee8427460f16e2cbdec10c60d8a6,entity_card
snap-560-001,Sergey Brin,fc9f720b3c41c0da905b10c7fad9e70df3e7ee8427460f16e2cbdec10c60d8a6,context_link
snap-560-002,Sergey Brin,fc9f720b3c41c0da905b10c7fad9e70df3e7ee8427460f16e2cbdec10c60d8a6,context_link
snap-560-003,Sergey Brin,fc9f720b3c41c0da905b10c7fad9e70df3e7ee8427460f16e2cbdec10c60d8a6,context_link
snap-560-004,Sergey Brin,fc9f720b3c41c0da905b10c7fad9e70df3e7ee8427460f16e2cbdec10c60d8a6,context_link
snap-560-005,Sergey Brin,fc9f720b3c41c0da905b10c7fad9e70df3e7ee8427460f16e2cbdec10c60d8a6,context_link
snap-560-006,Sergey Brin,fc9f720b3c41c0da905b10c7fad9e70df3e7ee8427460f16e2cbdec10c60d8a6,context_link
snap-560-007,Sergey Brin,fc9f720b3c41c0da905b10c7fad9e70df3e7ee8427460f16e2cbdec10c60d8a6,context_link
snap-560-008,Sergey Brin,fc9f720b3c41c0da905b10c7fad9e70df3e7ee8427460f16e2cbdec10c60d8a6,context_link
snap-560-009,Sergey Brin,fc9f720b3c41c0da905b10c7fad9e70df3e7ee8427460f16e2cbdec10c60d8a6,context_link
snap-560-010,Sergey Brin,fc9f720b3c41c0da905b10c7fad9e70df3e7ee8427460f16e2cbdec10c60d8a6,context_link
snap-560-011,Sergey Brin,fc9f720b3c41c0da905b10c7fad9e70df3e7ee8427460f16e2cbdec10c60d8a6,context_link
snap-560-012,Sergey Brin,fc9f720b3c41c0da905b10c7fad9e70df3e7ee8427460f16e2cbdec10c60d8a6,context_link
snap-561-000,Shadow Racing Cars,f106a6bbb2dc4c749242e99ec060acc71156b663dd44d1bc40c6ae5f602ae4a6,entity_card
snap-561-001,Shadow Racing Cars,f106a6bbb2dc4c749242e99ec060acc71156b663dd44d1bc40c6ae5f602ae4a6,context_link
snap-561-002,Shadow Racing Cars,f106a6bbb2dc4c749242e99ec060acc71156b663dd44d1bc40c6ae5f602ae4a6,context_link
snap-561-003,Shadow Racing Cars,f106a6bbb2dc4c749242e99ec060acc71156b663dd44d1bc40c6ae5f602ae4a6,context_link
snap-561-004,Shadow Racing Cars,f106a6bbb2dc4c749242e99ec060acc71156b663dd44d1bc40c6ae5f602ae4a6,context_link
snap-561-005,Shadow Racing Cars,f106a6bbb2dc4c749242e99ec060acc71156b663dd44d1bc40c6ae5f602ae4a6,context_link
snap-562-000,Sierra Nevada,2b18426bd3e2c63f7ea0d3cacc46ea825569b96bfef53902670d0384690862ea,entity_card
snap-562-001,Sierra Nevada,2b18426bd3e2c63f7ea0d3cacc46ea825569b96bfef53902670d0384690862ea,context_link
snap-562-002,Sierra Nevada,2b18426bd3e2c63f7ea0d3cacc46ea825569b96bfef53902670d0384690862ea,context_link
snap-563-000,Sierra Nevada Corporation,bdf3e69ecc2335a79edc74aca9f8c60bcf9093f95dc041a3c4b35bf33a2780ff,entity_card
snap-563-001,Sierra Nevada Corporation,bdf3e69ecc2335a79edc74aca9f8c60bcf9093f95dc041a3c4b35bf33a2780ff,context_link
snap-563-002,Sierra Nevada Corporation,bdf3e69ecc2335a79edc74aca9f8c60bcf9093f95dc041a3c4b35bf33a2780ff,context_link
snap-563-003,Sierra Nevada Corporation,bdf3e69ecc2335a79edc74aca9f8c60bcf9093f95dc041a3c4b35bf33a2780ff,context_link
snap-563-004,Sierra Nevada Corporation,bdf3e69ecc2335a79edc74aca9f8c60bcf9093f95dc041a3c4b35bf33a2780ff,context_link
snap-563-005,Sierra Nevada Corporation,bdf3e69ecc2335a79edc74aca9f8c60bcf9093f95dc041a3c4b35bf33a2780ff,context_link
snap-563-006,Sierra Nevada Corporation,bdf3e69ecc2335a79edc74aca9f8c60bcf9093f95dc041a3c4b35bf33a2780ff,context_link
snap-563-007,Sierra Nevada Corporation,bdf3e69ecc2335a79edc74aca9f8c60bcf9093f95dc041a3c4b35bf33a2780ff,context_link
snap-563-008,Sierra Nevada Corporation,bdf3e69ecc2335a79edc74aca9f8c60bcf9093f95dc041a3c4b35bf33a2780ff,context_link
snap-563-009,Sierra Nevada Corporation,bdf3e69ecc2335a79edc74aca9f8c60bcf9093f95dc041a3c4b35bf33a2780ff,context_link
snap-563-010,Sierra Nevada Corporation,bdf3e69ecc2335a79edc74aca9f8c60bcf9093f95dc041a3c4b35bf33a2780ff,context_link
snap-563-011,Sierra Nevada Corporation,bdf3e69ecc2335a79edc74aca9f8c60bcf9093f95dc041a3c4b35bf33a2780ff,context_link
snap-563-012,Sierra Nevada Corporation,bdf3e69ecc2335a79edc74aca9f8c60bcf9093f95dc041a3c4b35bf33a2780ff,context_link
snap-563-013,Sierra Nevada Corporation,bdf3e69ecc2335a79edc74aca9f8c60bcf9093f95dc041a3c4b35bf33a2780ff,context_link
snap-563-014,Sierra Nevada Corporation,bdf3e69ecc2335a79edc74aca9f8c60bcf9093f95dc041a3c4b35bf33a2780ff,context_link
snap-563-015,Sierra Nevada Corporation,bdf3e69ecc2335a79edc74aca9f8c60bcf9093f95dc041a3c4b35bf33a2780ff,context_link
snap-563-016,Sierra Nevada Corporation,bdf3e69ecc2335a79edc74aca9f8c60bcf9093f95dc041a3c4b35bf33a2780ff,context_link
snap-563-017,Sierra Nevada Corporation,bdf3e69ecc2335a79edc74aca9f8c60bcf9093f95dc041a3c4b35bf33a2780ff,context_link
snap-564-000,Silicon Valley,f06f74c8195bc528efeff902e8a07b9eddb2d24c647524176084a4dcc3a87c16,entity_card
snap-564-001,Silicon Valley,f06f74c8195bc528efeff902e8a07b9eddb2d24c647524176084a4dcc3a87c16,definition_claim
snap-564-002,Silicon Valley,f06f74c8195bc528efeff902e8a07b9eddb2d24c647524176084a4dcc3a87c16,context_link
snap-564-003,Silicon Valley,f06f74c8195bc528efeff902e8a07b9eddb2d24c647524176084a4dcc3a87c16,context_link
snap-564-004,Silicon Valley,f06f74c8195bc528efeff902e8a07b9eddb2d24c647524176084a4dcc3a87c16,context_link
snap-564-005,Silicon Valley,f06f74c8195bc528efeff902e8a07b9eddb2d24c647524176084a4dcc3a87c16,context_link
snap-564-006,Silicon Valley,f06f74c8195bc528efeff902e8a07b9eddb2d24c647524176084a4dcc3a87c16,context_link
snap-564-007,Silicon Valley,f06f74c8195bc528efeff902e8a07b9eddb2d24c647524176084a4dcc3a87c16,context_link
snap-564-008,Silicon Valley,f06f74c8195bc528efeff902e8a07b9eddb2d24c647524176084a4dcc3a87c16,context_link
snap-564-009,Silicon Valley,f06f74c8195bc528efeff902e8a07b9eddb2d24c647524176084a4dcc3a87c16,context_link
snap-565-000,Sirius Satellite Radio,95b97c7772f1bdcc1bc631e9454a1649fddbebf2eabbd991670f8341531c99f5,entity_card
snap-565-001,Sirius Satellite Radio,95b97c7772f1bdcc1bc631e9454a1649fddbebf2eabbd991670f8341531c99f5,context_link
snap-565-002,Sirius Satellite Radio,95b97c7772f1bdcc1bc631e9454a1649fddbebf2eabbd991670f8341531c99f5,context_link
snap-565-003,Sirius Satellite Radio,95b97c7772f1bdcc1bc631e9454a1649fddbebf2eabbd991670f8341531c99f5,context_link
snap-565-004,Sirius Satellite Radio,95b97c7772f1bdcc1bc631e9454a1649fddbebf2eabbd991670f8341531c99f5,context_link
snap-565-005,Sirius Satellite Radio,95b97c7772f1bdcc1bc631e9454a1649fddbebf2eabbd991670f8341531c99f5,context_link
snap-565-006,Sirius Satellite Radio,95b97c7772f1bdcc1bc631e9454a1649fddbebf2eabbd991670f8341531c99f5,context_link
snap-565-007,Sirius Satellite Radio,95b97c7772f1bdcc1bc631e9454a1649fddbebf2eabbd991670f8341531c99f5,context_link
snap-565-008,Sirius Satellite Radio,95b97c7772f1bdcc1bc631e9454a1649fddbebf2eabbd991670f8341531c99f5,context_link
snap-565-009,Sirius Satellite Radio,95b97c7772f1bdcc1bc631e9454a1649fddbebf2eabbd991670f8341531c99f5,context_link
snap-566-000,Skylon (spacecraft),71ea1df433f78ad66b514ae8da46b8b73b3e0e6913554e07c5898305a2f6d2e3,entity_card
snap-566-001,Skylon (spacecraft),71ea1df433f78ad66b514ae8da46b8b73b3e0e6913554e07c5898305a2f6d2e3,context_link
snap-566-002,Skylon (spacecraft),71ea1df433f78ad66b514ae8da46b8b73b3e0e6913554e07c5898305a2f6d2e3,context_link
snap-566-003,Skylon (spacecraft),71ea1df433f78ad66b514ae8da46b8b73b3e0e6913554e07c5898305a2f6d2e3,context_link
snap-566-004,Skylon (spacecraft),71ea1df433f78ad66b514ae8da46b8b73b3e0e6913554e07c5898305a2f6d2e3,context_link
snap-566-005,Skylon (spacecraft),71ea1df433f78ad66b514ae8da46b8b73b3e0e6913554e07c5898305a2f6d2e3,context_link
snap-566-006,Skylon (spacecraft),71ea1df433f78ad66b514ae8da46b8b73b3e0e6913554e07c5898305a2f6d2e3,context_link
snap-566-007,Skylon (spacecraft),71ea1df433f78ad66b514ae8da46b8b73b3e0e6913554e07c5898305a2f6d2e3,context_link
snap-566-008,Skylon (spacecraft),71ea1df433f78ad66b514ae8da46b8b73b3e0e6913554e07c5898305a2f6d2e3,context_link
snap-567-000,Smith Electric Vehicles,02e398b3397dd331078567625b20ea0caf6e480ed500fb9fae31b9fcdaf9bb82,entity_card
snap-567-001,Smith Electric Vehicles,02e398b3397dd331078567625b20ea0caf6e480ed500fb9fae31b9fcdaf9bb82,context_link
snap-567-002,Smith Electric Vehicles,02e398b3397dd331078567625b20ea0caf6e480ed500fb9fae31b9fcdaf9bb82,context_link
snap-567-003,Smith Electric Vehicles,02e398b3397dd331078567625b20ea0caf6e480ed500fb9fae31b9fcdaf9bb82,context_link
snap-567-004,Smith Electric Vehicles,02e398b3397dd331078567625b20ea0caf6e480ed500fb9fae31b9fcdaf9bb82,context_link
snap-567-005,Smith Electric Vehicles,02e398b3397dd331078567625b20ea0caf6e480ed500fb9fae31b9fcdaf9bb82,context_link
snap-567-006,Smith Electric Vehicles,02e398b3397dd331078567625b20ea0caf6e480ed500fb9fae31b9fcdaf9bb82,context_link
snap-567-007,Smith Electric Vehicles,02e398b3397dd331078567625b20ea0caf6e480ed500fb9fae31b9fcdaf9bb82,context_link
snap-568-000,Social group,6c54e6d37989ec1b4e99dfd7499e0991ee4e593411510320683c247ce204269b,entity_card
snap-569-000,Society,ba7af74198a7d13792a7042de848811e7e39c8e112bc4e424caa7afb6e305a5c,entity_card
snap-569-001,Society,ba7af74198a7d13792a7042de848811e7e39c8e112bc4e424caa7afb6e305a5c,context_link
snap-569-002,Society,ba7af74198a7d13792a7042de848811e7e39c8e112bc4e424caa7afb6e305a5c,context_link
snap-569-003,Society,ba7af74198a7d13792a7042de848811e7e39c8e112bc4e424caa7afb6e305a5c,context_link
snap-569-004,Society,ba7af74198a7d13792a7042de848811e7e39c8e112bc4e424caa7afb6e305a5c,context_link
snap-570-000,Software,28e65135f7212fe01e232d6d2eb0b249766ad04491a91e37691ce85d5802a9e7,entity_card
snap-570-001,Software,28e65135f7212fe01e232d6d2eb0b249766ad04491a91e37691ce85d5802a9e7,context_link
snap-570-002,Software,28e65135f7212fe01e232d6d2eb0b249766ad04491a91e37691ce85d5802a9e7,context_link
snap-570-003,Software,28e65135f7212fe01e232d6d2eb0b249766ad04491a91e37691ce85d5802a9e7,context_link
snap-570-004,Software,28e65135f7212fe01e232d6d2eb0b249766ad04491a91e37691ce85d5802a9e7,context_link
snap-570-005,Software,28e65135f7212fe01e232d6d2eb0b249766ad04491a91e37691ce85d5802a9e7,context_link
snap-570-006,Software,28e65135f7212fe01e232d6d2eb0b249766ad04491a91e37691ce85d5802a9e7,context_link
snap-571-000,Software development,1e06939e0681a92bff3fb35ed2e721c8a7c8e7dfef07920ef413b3d2e5789aec,entity_card
snap-571-001,Software development,1e06939e0681a92bff3fb35ed2e721c8a7c8e7dfef07920ef413b3d2e5789aec,context_link
snap-571-002,Software development,1e06939e0681a92bff3fb35ed2e721c8a7c8e7dfef07920ef413b3d2e5789aec,context_link
snap-571-003,Software development,1e06939e0681a92bff3fb35ed2e721c8a7c8e7dfef07920ef413b3d2e5789aec,context_link
snap-571-004,Software development,1e06939e0681a92bff3fb35ed2e721c8a7c8e7dfef07920ef413b3d2e5789aec,context_link
snap-572-000,SolarCity,b9041ffd928acf6b4c66c73e78b08de2bf3bd861d6010857fcb890c11159257e,entity_card
snap-572-001,SolarCity,b9041ffd928acf6b4c66c73e78b08de2bf3bd861d6010857fcb890c11159257e,definition_claim
snap-572-002,SolarCity,b9041ffd928acf6b4c66c73e78b08de2bf3bd861d6010857fcb890c11159257e,context_link
snap-572-003,SolarCity,b9041ffd928acf6b4c66c73e78b08de2bf3bd861d6010857fcb890c11159257e,context_link
snap-572-004,SolarCity,b9041ffd928acf6b4c66c73e78b08de2bf3bd861d6010857fcb890c11159257e,context_link
snap-572-005,SolarCity,b9041ffd928acf6b4c66c73e78b08de2bf3bd861d6010857fcb890c11159257e,context_link
snap-572-006,SolarCity,b9041ffd928acf6b4c66c73e78b08de2bf3bd861d6010857fcb890c11159257e,context_link
snap-572-007,SolarCity,b9041ffd928acf6b4c66c73e78b08de2bf3bd861d6010857fcb890c11159257e,context_link
snap-572-008,SolarCity,b9041ffd928acf6b4c66c73e78b08de2bf3bd861d6010857fcb890c11159257e,context_link
snap-572-009,SolarCity,b9041ffd928acf6b4c66c73e78b08de2bf3bd861d6010857fcb890c11159257e,context_link
snap-572-010,SolarCity,b9041ffd928acf6b4c66c73e78b08de2bf3bd861d6010857fcb890c11159257e,context_link
snap-572-011,SolarCity,b9041ffd928acf6b4c66c73e78b08de2bf3bd861d6010857fcb890c11159257e,context_link
snap-572-012,SolarCity,b9041ffd928acf6b4c66c73e78b08de2bf3bd861d6010857fcb890c11159257e,context_link
snap-572-013,SolarCity,b9041ffd928acf6b4c66c73e78b08de2bf3bd861d6010857fcb890c11159257e,context_link
snap-572-014,SolarCity,b9041ffd928acf6b4c66c73e78b08de2bf3bd861d6010857fcb890c11159257e,context_link
snap-573-000,Solar energy,57877d844ea496c9bfa16696e25fe65e4ceeb90d7288d0a4b96b15a2985e9ff0,entity_card
snap-573-001,Solar energy,57877d844ea496c9bfa16696e25fe65e4ceeb90d7288d0a4b96b15a2985e9ff0,context_link
snap-573-002,Solar energy,57877d844ea496c9bfa16696e25fe65e4ceeb90d7288d0a4b96b15a2985e9ff0,context_link
snap-573-003,Solar energy,57877d844ea496c9bfa16696e25fe65e4ceeb90d7288d0a4b96b15a2985e9ff0,context_link
snap-573-004,Solar energy,57877d844ea496c9bfa16696e25fe65e4ceeb90d7288d0a4b96b15a2985e9ff0,context_link
snap-574-000,Solar panel,3c889a9d3baad595c7b527c2f2e7cf7bd1b6ac2a5fb5337b0d7e04b1b2e15cbc,entity_card
snap-574-001,Solar panel,3c889a9d3baad595c7b527c2f2e7cf7bd1b6ac2a5fb5337b0d7e04b1b2e15cbc,context_link
snap-574-002,Solar panel,3c889a9d3baad595c7b527c2f2e7cf7bd1b6ac2a5fb5337b0d7e04b1b2e15cbc,context_link
snap-574-003,Solar panel,3c889a9d3baad595c7b527c2f2e7cf7bd1b6ac2a5fb5337b0d7e04b1b2e15cbc,context_link
snap-574-004,Solar panel,3c889a9d3baad595c7b527c2f2e7cf7bd1b6ac2a5fb5337b0d7e04b1b2e15cbc,context_link
snap-574-005,Solar panel,3c889a9d3baad595c7b527c2f2e7cf7bd1b6ac2a5fb5337b0d7e04b1b2e15cbc,context_link
snap-574-006,Solar panel,3c889a9d3baad595c7b527c2f2e7cf7bd1b6ac2a5fb5337b0d7e04b1b2e15cbc,context_link
snap-575-000,Solid-propellant rocket,819542eab5a82f36e9a93db72fff5fb892796309a2b1dc5233050e8fee511efa,entity_card
snap-575-001,Solid-propellant rocket,819542eab5a82f36e9a93db72fff5fb892796309a2b1dc5233050e8fee511efa,context_link
snap-575-002,Solid-propellant rocket,819542eab5a82f36e9a93db72fff5fb892796309a2b1dc5233050e8fee511efa,context_link
snap-575-003,Solid-propellant rocket,819542eab5a82f36e9a93db72fff5fb892796309a2b1dc5233050e8fee511efa,context_link
snap-575-004,Solid-propellant rocket,819542eab5a82f36e9a93db72fff5fb892796309a2b1dc5233050e8fee511efa,context_link
snap-575-005,Solid-propellant rocket,819542eab5a82f36e9a93db72fff5fb892796309a2b1dc5233050e8fee511efa,context_link
snap-575-006,Solid-propellant rocket,819542eab5a82f36e9a93db72fff5fb892796309a2b1dc5233050e8fee511efa,context_link
snap-575-007,Solid-propellant rocket,819542eab5a82f36e9a93db72fff5fb892796309a2b1dc5233050e8fee511efa,context_link
snap-576-000,Solid rocket booster,864be087721c27710b3022678150f730016df155fc684189909b707339bc43b6,entity_card
snap-576-001,Solid rocket booster,864be087721c27710b3022678150f730016df155fc684189909b707339bc43b6,context_link
snap-576-002,Solid rocket booster,864be087721c27710b3022678150f730016df155fc684189909b707339bc43b6,context_link
snap-576-003,Solid rocket booster,864be087721c27710b3022678150f730016df155fc684189909b707339bc43b6,context_link
snap-576-004,Solid rocket booster,864be087721c27710b3022678150f730016df155fc684189909b707339bc43b6,context_link
snap-576-005,Solid rocket booster,864be087721c27710b3022678150f730016df155fc684189909b707339bc43b6,context_link
snap-576-006,Solid rocket booster,864be087721c27710b3022678150f730016df155fc684189909b707339bc43b6,context_link
snap-576-007,Solid rocket booster,864be087721c27710b3022678150f730016df155fc684189909b707339bc43b6,context_link
snap-577-000,Solucar Complex,163473566dddad494663d4b7a2ce0c5b078f6915109df250cdc6ac6731fe3e25,entity_card
snap-577-001,Solucar Complex,163473566dddad494663d4b7a2ce0c5b078f6915109df250cdc6ac6731fe3e25,context_link
snap-577-002,Solucar Complex,163473566dddad494663d4b7a2ce0c5b078f6915109df250cdc6ac6731fe3e25,context_link
snap-577-003,Solucar Complex,163473566dddad494663d4b7a2ce0c5b078f6915109df250cdc6ac6731fe3e25,context_link
snap-577-004,Solucar Complex,163473566dddad494663d4b7a2ce0c5b078f6915109df250cdc6ac6731fe3e25,context_link
snap-578-000,South Africa,d51b60a138b48547c72613d525dd082939241bcf4fcbd0d11bb28e4a5c29f65f,entity_card
snap-578-001,South Africa,d51b60a138b48547c72613d525dd082939241bcf4fcbd0d11bb28e4a5c29f65f,context_link
snap-579-000,South America,21f9f484a0994b38e1b1838e0b21db4d00240d7e5ed6a173a0be56431eb5daa4,entity_card
snap-579-001,South America,21f9f484a0994b38e1b1838e0b21db4d00240d7e5ed6a173a0be56431eb5daa4,context_link
snap-579-002,South America,21f9f484a0994b38e1b1838e0b21db4d00240d7e5ed6a173a0be56431eb5daa4,context_link
snap-579-003,South America,21f9f484a0994b38e1b1838e0b21db4d00240d7e5ed6a173a0be56431eb5daa4,context_link
snap-579-004,South America,21f9f484a0994b38e1b1838e0b21db4d00240d7e5ed6a173a0be56431eb5daa4,context_link
snap-580-000,South Carolina,d95562140b1cec840c48c7e08a10b134a7560a61c0daaedd3ee9fa643bdb8e12,entity_card
snap-580-001,South Carolina,d95562140b1cec840c48c7e08a10b134a7560a61c0daaedd3ee9fa643bdb8e12,context_link
snap-580-002,South Carolina,d95562140b1cec840c48c7e08a10b134a7560a61c0daaedd3ee9fa643bdb8e12,context_link
snap-580-003,South Carolina,d95562140b1cec840c48c7e08a10b134a7560a61c0daaedd3ee9fa643bdb8e12,context_link
snap-580-004,South Carolina,d95562140b1cec840c48c7e08a10b134a7560a61c0daaedd3ee9fa643bdb8e12,context_link
snap-581-000,South Korea,8233da0c4eef68861bf3c72a555758e3c4e083106667275d9e349b93c3f86de7,entity_card
snap-581-001,South Korea,8233da0c4eef68861bf3c72a555758e3c4e083106667275d9e349b93c3f86de7,context_link
snap-581-002,South Korea,8233da0c4eef68861bf3c72a555758e3c4e083106667275d9e349b93c3f86de7,context_link
snap-582-000,South Pole,987c22357cad56de40530bb81fae0c5f6424f137460c20258fac7b81d6eb85ff,entity_card
snap-582-001,South Pole,987c22357cad56de40530bb81fae0c5f6424f137460c20258fac7b81d6eb85ff,context_link
snap-583-000,South Sea Company,deeae6b1e7eac5df672b3e3f78be694102b6f2023e490572b4871b5b264ada8f,entity_card
snap-583-001,South Sea Company,deeae6b1e7eac5df672b3e3f78be694102b6f2023e490572b4871b5b264ada8f,context_link
snap-583-002,South Sea Company,deeae6b1e7eac5df672b3e3f78be694102b6f2023e490572b4871b5b264ada8f,context_link
snap-583-003,South Sea Company,deeae6b1e7eac5df672b3e3f78be694102b6f2023e490572b4871b5b264ada8f,context_link
snap-583-004,South Sea Company,deeae6b1e7eac5df672b3e3f78be694102b6f2023e490572b4871b5b264ada8f,context_link
snap-583-005,South Sea Company,deeae6b1e7eac5df672b3e3f78be694102b6f2023e490572b4871b5b264ada8f,context_link
snap-583-006,South Sea Company,deeae6b1e7eac5df672b3e3f78be694102b6f2023e490572b4871b5b264ada8f,context_link
snap-583-007,South Sea Company,deeae6b1e7eac5df672b3e3f78be694102b6f2023e490572b4871b5b264ada8f,context_link
snap-583-008,South Sea Company,deeae6b1e7eac5df672b3e3f78be694102b6f2023e490572b4871b5b264ada8f,context_link
snap-583-009,South Sea Company,deeae6b1e7eac5df672b3e3f78be694102b6f2023e490572b4871b5b264ada8f,context_link
snap-584-000,Soviet Union,6835e80d805b3b2a3e2e291e1aa3da1a28ddbbc7dab69a76c8f911e34119643a,entity_card
snap-584-001,Soviet Union,6835e80d805b3b2a3e2e291e1aa3da1a28ddbbc7dab69a76c8f911e34119643a,context_link
snap-584-002,Soviet Union,6835e80d805b3b2a3e2e291e1aa3da1a28ddbbc7dab69a76c8f911e34119643a,context_link
snap-584-003,Soviet Union,6835e80d805b3b2a3e2e291e1aa3da1a28ddbbc7dab69a76c8f911e34119643a,context_link
snap-584-004,Soviet Union,6835e80d805b3b2a3e2e291e1aa3da1a28ddbbc7dab69a76c8f911e34119643a,context_link
snap-585-000,Soyuz MS-17,54c43f9b0a2ca41b7b5a1da55fe415a276ee7c61dfd76f7003cbf03e70f1a7ea,entity_card
snap-585-001,Soyuz MS-17,54c43f9b0a2ca41b7b5a1da55fe415a276ee7c61dfd76f7003cbf03e70f1a7ea,context_link
snap-585-002,Soyuz MS-17,54c43f9b0a2ca41b7b5a1da55fe415a276ee7c61dfd76f7003cbf03e70f1a7ea,context_link
snap-585-003,Soyuz MS-17,54c43f9b0a2ca41b7b5a1da55fe415a276ee7c61dfd76f7003cbf03e70f1a7ea,context_link
snap-585-004,Soyuz MS-17,54c43f9b0a2ca41b7b5a1da55fe415a276ee7c61dfd76f7003cbf03e70f1a7ea,context_link
snap-585-005,Soyuz MS-17,54c43f9b0a2ca41b7b5a1da55fe415a276ee7c61dfd76f7003cbf03e70f1a7ea,context_link
snap-586-000,Space.com,08466a840f0bc1a0630ce79e225963f54c1f9202cf455750420b498b48af901c,entity_card
snap-586-001,Space.com,08466a840f0bc1a0630ce79e225963f54c1f9202cf455750420b498b48af901c,context_link
snap-586-002,Space.com,08466a840f0bc1a0630ce79e225963f54c1f9202cf455750420b498b48af901c,context_link
snap-586-003,Space.com,08466a840f0bc1a0630ce79e225963f54c1f9202cf455750420b498b48af901c,context_link
snap-586-004,Space.com,08466a840f0bc1a0630ce79e225963f54c1f9202cf455750420b498b48af901c,context_link
snap-586-005,Space.com,08466a840f0bc1a0630ce79e225963f54c1f9202cf455750420b498b48af901c,context_link
snap-586-006,Space.com,08466a840f0bc1a0630ce79e225963f54c1f9202cf455750420b498b48af901c,context_link
snap-586-007,Space.com,08466a840f0bc1a0630ce79e225963f54c1f9202cf455750420b498b48af901c,context_link
snap-586-008,Space.com,08466a840f0bc1a0630ce79e225963f54c1f9202cf455750420b498b48af901c,context_link
snap-586-009,Space.com,08466a840f0bc1a0630ce79e225963f54c1f9202cf455750420b498b48af901c,context_link
snap-586-010,Space.com,08466a840f0bc1a0630ce79e225963f54c1f9202cf455750420b498b48af901c,context_link
snap-586-011,Space.com,08466a840f0bc1a0630ce79e225963f54c1f9202cf455750420b498b48af901c,context_link
snap-586-012,Space.com,08466a840f0bc1a0630ce79e225963f54c1f9202cf455750420b498b48af901c,context_link
snap-586-013,Space.com,08466a840f0bc1a0630ce79e225963f54c1f9202cf455750420b498b48af901c,context_link
snap-586-014,Space.com,08466a840f0bc1a0630ce79e225963f54c1f9202cf455750420b498b48af901c,context_link
snap-586-015,Space.com,08466a840f0bc1a0630ce79e225963f54c1f9202cf455750420b498b48af901c,context_link
snap-586-016,Space.com,08466a840f0bc1a0630ce79e225963f54c1f9202cf455750420b498b48af901c,context_link
snap-586-017,Space.com,08466a840f0bc1a0630ce79e225963f54c1f9202cf455750420b498b48af901c,context_link
snap-586-018,Space.com,08466a840f0bc1a0630ce79e225963f54c1f9202cf455750420b498b48af901c,context_link
snap-586-019,Space.com,08466a840f0bc1a0630ce79e225963f54c1f9202cf455750420b498b48af901c,context_link
snap-586-020,Space.com,08466a840f0bc1a0630ce79e225963f54c1f9202cf455750420b498b48af901c,context_link
snap-587-000,Space,9cdb425738418c20fd642ac61f38ef8dd39c3e524228279c51421e07a9d1185b,entity_card
snap-587-001,Space,9cdb425738418c20fd642ac61f38ef8dd39c3e524228279c51421e07a9d1185b,context_link
snap-587-002,Space,9cdb425738418c20fd642ac61f38ef8dd39c3e524228279c51421e07a9d1185b,context_link
snap-588-000,SpaceShipOne,ff7d88100ebae1d53e809b872abc9781f6dc98e115465ed2151a40839d0e2544,entity_card
snap-588-001,SpaceShipOne,ff7d88100ebae1d53e809b872abc9781f6dc98e115465ed2151a40839d0e2544,context_link
snap-588-002,SpaceShipOne,ff7d88100ebae1d53e809b872abc9781f6dc98e115465ed2151a40839d0e2544,context_link
snap-588-003,SpaceShipOne,ff7d88100ebae1d53e809b872abc9781f6dc98e115465ed2151a40839d0e2544,context_link
snap-588-004,SpaceShipOne,ff7d88100ebae1d53e809b872abc9781f6dc98e115465ed2151a40839d0e2544,context_link
snap-588-005,SpaceShipOne,ff7d88100ebae1d53e809b872abc9781f6dc98e115465ed2151a40839d0e2544,context_link
snap-588-006,SpaceShipOne,ff7d88100ebae1d53e809b872abc9781f6dc98e115465ed2151a40839d0e2544,context_link
snap-588-007,SpaceShipOne,ff7d88100ebae1d53e809b872abc9781f6dc98e115465ed2151a40839d0e2544,context_link
snap-588-008,SpaceShipOne,ff7d88100ebae1d53e809b872abc9781f6dc98e115465ed2151a40839d0e2544,context_link
snap-588-009,SpaceShipOne,ff7d88100ebae1d53e809b872abc9781f6dc98e115465ed2151a40839d0e2544,context_link
snap-589-000,SpaceShipTwo,23e28ef462026844ddfdc91c63141b7d5d5178614b9f45b069c039614175bd99,entity_card
snap-589-001,SpaceShipTwo,23e28ef462026844ddfdc91c63141b7d5d5178614b9f45b069c039614175bd99,context_link
snap-589-002,SpaceShipTwo,23e28ef462026844ddfdc91c63141b7d5d5178614b9f45b069c039614175bd99,context_link
snap-589-003,SpaceShipTwo,23e28ef462026844ddfdc91c63141b7d5d5178614b9f45b069c039614175bd99,context_link
snap-589-004,SpaceShipTwo,23e28ef462026844ddfdc91c63141b7d5d5178614b9f45b069c039614175bd99,context_link
snap-589-005,SpaceShipTwo,23e28ef462026844ddfdc91c63141b7d5d5178614b9f45b069c039614175bd99,context_link
snap-589-006,SpaceShipTwo,23e28ef462026844ddfdc91c63141b7d5d5178614b9f45b069c039614175bd99,context_link
snap-589-007,SpaceShipTwo,23e28ef462026844ddfdc91c63141b7d5d5178614b9f45b069c039614175bd99,context_link
snap-589-008,SpaceShipTwo,23e28ef462026844ddfdc91c63141b7d5d5178614b9f45b069c039614175bd99,context_link
snap-589-009,SpaceShipTwo,23e28ef462026844ddfdc91c63141b7d5d5178614b9f45b069c039614175bd99,context_link
snap-589-010,SpaceShipTwo,23e28ef462026844ddfdc91c63141b7d5d5178614b9f45b069c039614175bd99,context_link
snap-590-000,SpaceX,a2f6b45b5d10bd4a5a97f32a2e4f5938a86e2910574a93f8f247c381af260779,entity_card
snap-590-001,SpaceX,a2f6b45b5d10bd4a5a97f32a2e4f5938a86e2910574a93f8f247c381af260779,context_link
snap-590-002,SpaceX,a2f6b45b5d10bd4a5a97f32a2e4f5938a86e2910574a93f8f247c381af260779,context_link
snap-590-003,SpaceX,a2f6b45b5d10bd4a5a97f32a2e4f5938a86e2910574a93f8f247c381af260779,context_link
snap-590-004,SpaceX,a2f6b45b5d10bd4a5a97f32a2e4f5938a86e2910574a93f8f247c381af260779,context_link
snap-590-005,SpaceX,a2f6b45b5d10bd4a5a97f32a2e4f5938a86e2910574a93f8f247c381af260779,context_link
snap-590-006,SpaceX,a2f6b45b5d10bd4a5a97f32a2e4f5938a86e2910574a93f8f247c381af260779,context_link
snap-590-007,SpaceX,a2f6b45b5d10bd4a5a97f32a2e4f5938a86e2910574a93f8f247c381af260779,context_link
snap-590-008,SpaceX,a2f6b45b5d10bd4a5a97f32a2e4f5938a86e2910574a93f8f247c381af260779,context_link
snap-590-009,SpaceX,a2f6b45b5d10bd4a5a97f32a2e4f5938a86e2910574a93f8f247c381af260779,context_link
snap-590-010,SpaceX,a2f6b45b5d10bd4a5a97f32a2e4f5938a86e2910574a93f8f247c381af260779,context_link
snap-590-011,SpaceX,a2f6b45b5d10bd4a5a97f32a2e4f5938a86e2910574a93f8f247c381af260779,context_link
snap-590-012,SpaceX,a2f6b45b5d10bd4a5a97f32a2e4f5938a86e2910574a93f8f247c381af260779,context_link
snap-590-013,SpaceX,a2f6b45b5d10bd4a5a97f32a2e4f5938a86e2910574a93f8f247c381af260779,context_link
snap-590-014,SpaceX,a2f6b45b5d10bd4a5a97f32a2e4f5938a86e2910574a93f8f247c381af260779,context_link
snap-590-015,SpaceX,a2f6b45b5d10bd4a5a97f32a2e4f5938a86e2910574a93f8f247c381af260779,context_link
snap-590-016,SpaceX,a2f6b45b5d10bd4a5a97f32a2e4f5938a86e2910574a93f8f247c381af260779,context_link
snap-590-017,SpaceX,a2f6b45b5d10bd4a5a97f32a2e4f5938a86e2910574a93f8f247c381af260779,context_link
snap-590-018,SpaceX,a2f6b45b5d10bd4a5a97f32a2e4f5938a86e2910574a93f8f247c381af260779,context_link
snap-590-019,SpaceX,a2f6b45b5d10bd4a5a97f32a2e4f5938a86e2910574a93f8f247c381af260779,context_link
snap-590-020,SpaceX,a2f6b45b5d10bd4a5a97f32a2e4f5938a86e2910574a93f8f247c381af260779,context_link
snap-591-000,SpaceX COTS Demo Flight 2,c61e608a303f077797adcec9d291d41775735353dff322548aa7cb3417ca65ac,entity_card
snap-591-001,SpaceX COTS Demo Flight 2,c61e608a303f077797adcec9d291d41775735353dff322548aa7cb3417ca65ac,context_link
snap-591-002,SpaceX COTS Demo Flight 2,c61e608a303f077797adcec9d291d41775735353dff322548aa7cb3417ca65ac,context_link
snap-591-003,SpaceX COTS Demo Flight 2,c61e608a303f077797adcec9d291d41775735353dff322548aa7cb3417ca65ac,context_link
snap-591-004,SpaceX COTS Demo Flight 2,c61e608a303f077797adcec9d291d41775735353dff322548aa7cb3417ca65ac,context_link
snap-591-005,SpaceX COTS Demo Flight 2,c61e608a303f077797adcec9d291d41775735353dff322548aa7cb3417ca65ac,context_link
snap-591-006,SpaceX COTS Demo Flight 2,c61e608a303f077797adcec9d291d41775735353dff322548aa7cb3417ca65ac,context_link
snap-591-007,SpaceX COTS Demo Flight 2,c61e608a303f077797adcec9d291d41775735353dff322548aa7cb3417ca65ac,context_link
snap-591-008,SpaceX COTS Demo Flight 2,c61e608a303f077797adcec9d291d41775735353dff322548aa7cb3417ca65ac,context_link
snap-591-009,SpaceX COTS Demo Flight 2,c61e608a303f077797adcec9d291d41775735353dff322548aa7cb3417ca65ac,context_link
snap-591-010,SpaceX COTS Demo Flight 2,c61e608a303f077797adcec9d291d41775735353dff322548aa7cb3417ca65ac,context_link
snap-591-011,SpaceX COTS Demo Flight 2,c61e608a303f077797adcec9d291d41775735353dff322548aa7cb3417ca65ac,context_link
snap-591-012,SpaceX COTS Demo Flight 2,c61e608a303f077797adcec9d291d41775735353dff322548aa7cb3417ca65ac,context_link
snap-591-013,SpaceX COTS Demo Flight 2,c61e608a303f077797adcec9d291d41775735353dff322548aa7cb3417ca65ac,context_link
snap-591-014,SpaceX COTS Demo Flight 2,c61e608a303f077797adcec9d291d41775735353dff322548aa7cb3417ca65ac,context_link
snap-591-015,SpaceX COTS Demo Flight 2,c61e608a303f077797adcec9d291d41775735353dff322548aa7cb3417ca65ac,context_link
snap-592-000,SpaceX CRS-33,c7337a9894ae4314d801474fc99ca488f8c10c174a890bb4ff967b9b29ffe1d8,entity_card
snap-592-001,SpaceX CRS-33,c7337a9894ae4314d801474fc99ca488f8c10c174a890bb4ff967b9b29ffe1d8,context_link
snap-592-002,SpaceX CRS-33,c7337a9894ae4314d801474fc99ca488f8c10c174a890bb4ff967b9b29ffe1d8,context_link
snap-592-003,SpaceX CRS-33,c7337a9894ae4314d801474fc99ca488f8c10c174a890bb4ff967b9b29ffe1d8,context_link
snap-592-004,SpaceX CRS-33,c7337a9894ae4314d801474fc99ca488f8c10c174a890bb4ff967b9b29ffe1d8,context_link
snap-592-005,SpaceX CRS-33,c7337a9894ae4314d801474fc99ca488f8c10c174a890bb4ff967b9b29ffe1d8,context_link
snap-592-006,SpaceX CRS-33,c7337a9894ae4314d801474fc99ca488f8c10c174a890bb4ff967b9b29ffe1d8,context_link
snap-592-007,SpaceX CRS-33,c7337a9894ae4314d801474fc99ca488f8c10c174a890bb4ff967b9b29ffe1d8,context_link
snap-592-008,SpaceX CRS-33,c7337a9894ae4314d801474fc99ca488f8c10c174a890bb4ff967b9b29ffe1d8,context_link
snap-592-009,SpaceX CRS-33,c7337a9894ae4314d801474fc99ca488f8c10c174a890bb4ff967b9b29ffe1d8,context_link
snap-592-010,SpaceX CRS-33,c7337a9894ae4314d801474fc99ca488f8c10c174a890bb4ff967b9b29ffe1d8,context_link
snap-592-011,SpaceX CRS-33,c7337a9894ae4314d801474fc99ca488f8c10c174a890bb4ff967b9b29ffe1d8,context_link
snap-592-012,SpaceX CRS-33,c7337a9894ae4314d801474fc99ca488f8c10c174a890bb4ff967b9b29ffe1d8,context_link
snap-593-000,SpaceX Crew-1,c3f8d49216b60e535f3f3f1fb74599ed80dcf2ae5fe8c17695a7fcaf6841a6e2,entity_card
snap-593-001,SpaceX Crew-1,c3f8d49216b60e535f3f3f1fb74599ed80dcf2ae5fe8c17695a7fcaf6841a6e2,context_link
snap-593-002,SpaceX Crew-1,c3f8d49216b60e535f3f3f1fb74599ed80dcf2ae5fe8c17695a7fcaf6841a6e2,context_link
snap-593-003,SpaceX Crew-1,c3f8d49216b60e535f3f3f1fb74599ed80dcf2ae5fe8c17695a7fcaf6841a6e2,context_link
snap-593-004,SpaceX Crew-1,c3f8d49216b60e535f3f3f1fb74599ed80dcf2ae5fe8c17695a7fcaf6841a6e2,context_link
snap-593-005,SpaceX Crew-1,c3f8d49216b60e535f3f3f1fb74599ed80dcf2ae5fe8c17695a7fcaf6841a6e2,context_link
snap-593-006,SpaceX Crew-1,c3f8d49216b60e535f3f3f1fb74599ed80dcf2ae5fe8c17695a7fcaf6841a6e2,context_link
snap-593-007,SpaceX Crew-1,c3f8d49216b60e535f3f3f1fb74599ed80dcf2ae5fe8c17695a7fcaf6841a6e2,context_link
snap-593-008,SpaceX Crew-1,c3f8d49216b60e535f3f3f1fb74599ed80dcf2ae5fe8c17695a7fcaf6841a6e2,context_link
snap-593-009,SpaceX Crew-1,c3f8d49216b60e535f3f3f1fb74599ed80dcf2ae5fe8c17695a7fcaf6841a6e2,context_link
snap-593-010,SpaceX Crew-1,c3f8d49216b60e535f3f3f1fb74599ed80dcf2ae5fe8c17695a7fcaf6841a6e2,context_link
snap-593-011,SpaceX Crew-1,c3f8d49216b60e535f3f3f1fb74599ed80dcf2ae5fe8c17695a7fcaf6841a6e2,context_link
snap-593-012,SpaceX Crew-1,c3f8d49216b60e535f3f3f1fb74599ed80dcf2ae5fe8c17695a7fcaf6841a6e2,context_link
snap-593-013,SpaceX Crew-1,c3f8d49216b60e535f3f3f1fb74599ed80dcf2ae5fe8c17695a7fcaf6841a6e2,context_link
snap-593-014,SpaceX Crew-1,c3f8d49216b60e535f3f3f1fb74599ed80dcf2ae5fe8c17695a7fcaf6841a6e2,context_link
snap-593-015,SpaceX Crew-1,c3f8d49216b60e535f3f3f1fb74599ed80dcf2ae5fe8c17695a7fcaf6841a6e2,context_link
snap-593-016,SpaceX Crew-1,c3f8d49216b60e535f3f3f1fb74599ed80dcf2ae5fe8c17695a7fcaf6841a6e2,context_link
snap-593-017,SpaceX Crew-1,c3f8d49216b60e535f3f3f1fb74599ed80dcf2ae5fe8c17695a7fcaf6841a6e2,context_link
snap-593-018,SpaceX Crew-1,c3f8d49216b60e535f3f3f1fb74599ed80dcf2ae5fe8c17695a7fcaf6841a6e2,context_link
snap-593-019,SpaceX Crew-1,c3f8d49216b60e535f3f3f1fb74599ed80dcf2ae5fe8c17695a7fcaf6841a6e2,context_link
snap-593-020,SpaceX Crew-1,c3f8d49216b60e535f3f3f1fb74599ed80dcf2ae5fe8c17695a7fcaf6841a6e2,context_link
snap-594-000,SpaceX Crew-2,ec4076329e1d6bb13d67d56e6418856a3787b66167414d9d378fee0e1fdcb62d,entity_card
snap-594-001,SpaceX Crew-2,ec4076329e1d6bb13d67d56e6418856a3787b66167414d9d378fee0e1fdcb62d,context_link
snap-594-002,SpaceX Crew-2,ec4076329e1d6bb13d67d56e6418856a3787b66167414d9d378fee0e1fdcb62d,context_link
snap-594-003,SpaceX Crew-2,ec4076329e1d6bb13d67d56e6418856a3787b66167414d9d378fee0e1fdcb62d,context_link
snap-594-004,SpaceX Crew-2,ec4076329e1d6bb13d67d56e6418856a3787b66167414d9d378fee0e1fdcb62d,context_link
snap-594-005,SpaceX Crew-2,ec4076329e1d6bb13d67d56e6418856a3787b66167414d9d378fee0e1fdcb62d,context_link
snap-594-006,SpaceX Crew-2,ec4076329e1d6bb13d67d56e6418856a3787b66167414d9d378fee0e1fdcb62d,context_link
snap-594-007,SpaceX Crew-2,ec4076329e1d6bb13d67d56e6418856a3787b66167414d9d378fee0e1fdcb62d,context_link
snap-594-008,SpaceX Crew-2,ec4076329e1d6bb13d67d56e6418856a3787b66167414d9d378fee0e1fdcb62d,context_link
snap-594-009,SpaceX Crew-2,ec4076329e1d6bb13d67d56e6418856a3787b66167414d9d378fee0e1fdcb62d,context_link
snap-594-010,SpaceX Crew-2,ec4076329e1d6bb13d67d56e6418856a3787b66167414d9d378fee0e1fdcb62d,context_link
snap-594-011,SpaceX Crew-2,ec4076329e1d6bb13d67d56e6418856a3787b66167414d9d378fee0e1fdcb62d,context_link
snap-594-012,SpaceX Crew-2,ec4076329e1d6bb13d67d56e6418856a3787b66167414d9d378fee0e1fdcb62d,context_link
snap-594-013,SpaceX Crew-2,ec4076329e1d6bb13d67d56e6418856a3787b66167414d9d378fee0e1fdcb62d,context_link
snap-594-014,SpaceX Crew-2,ec4076329e1d6bb13d67d56e6418856a3787b66167414d9d378fee0e1fdcb62d,context_link
snap-594-015,SpaceX Crew-2,ec4076329e1d6bb13d67d56e6418856a3787b66167414d9d378fee0e1fdcb62d,context_link
snap-594-016,SpaceX Crew-2,ec4076329e1d6bb13d67d56e6418856a3787b66167414d9d378fee0e1fdcb62d,context_link
snap-595-000,SpaceX Crew-3,c9f7b0fde924322c0bdf94fa67c3feb2df03508a9b200bc819682b93706db961,entity_card
snap-595-001,SpaceX Crew-3,c9f7b0fde924322c0bdf94fa67c3feb2df03508a9b200bc819682b93706db961,context_link
snap-595-002,SpaceX Crew-3,c9f7b0fde924322c0bdf94fa67c3feb2df03508a9b200bc819682b93706db961,context_link
snap-595-003,SpaceX Crew-3,c9f7b0fde924322c0bdf94fa67c3feb2df03508a9b200bc819682b93706db961,context_link
snap-595-004,SpaceX Crew-3,c9f7b0fde924322c0bdf94fa67c3feb2df03508a9b200bc819682b93706db961,context_link
snap-595-005,SpaceX Crew-3,c9f7b0fde924322c0bdf94fa67c3feb2df03508a9b200bc819682b93706db961,context_link
snap-595-006,SpaceX Crew-3,c9f7b0fde924322c0bdf94fa67c3feb2df03508a9b200bc819682b93706db961,context_link
snap-595-007,SpaceX Crew-3,c9f7b0fde924322c0bdf94fa67c3feb2df03508a9b200bc819682b93706db961,context_link
snap-595-008,SpaceX Crew-3,c9f7b0fde924322c0bdf94fa67c3feb2df03508a9b200bc819682b93706db961,context_link
snap-595-009,SpaceX Crew-3,c9f7b0fde924322c0bdf94fa67c3feb2df03508a9b200bc819682b93706db961,context_link
snap-595-010,SpaceX Crew-3,c9f7b0fde924322c0bdf94fa67c3feb2df03508a9b200bc819682b93706db961,context_link
snap-595-011,SpaceX Crew-3,c9f7b0fde924322c0bdf94fa67c3feb2df03508a9b200bc819682b93706db961,context_link
snap-596-000,SpaceX Dragon,41a5176f1d398afac0e585c9d91bc93e63937dc8d4e3fdf3004bae1168095c0e,entity_card
snap-596-001,SpaceX Dragon,41a5176f1d398afac0e585c9d91bc93e63937dc8d4e3fdf3004bae1168095c0e,context_link
snap-596-002,SpaceX Dragon,41a5176f1d398afac0e585c9d91bc93e63937dc8d4e3fdf3004bae1168095c0e,context_link
snap-596-003,SpaceX Dragon,41a5176f1d398afac0e585c9d91bc93e63937dc8d4e3fdf3004bae1168095c0e,context_link
snap-596-004,SpaceX Dragon,41a5176f1d398afac0e585c9d91bc93e63937dc8d4e3fdf3004bae1168095c0e,context_link
snap-596-005,SpaceX Dragon,41a5176f1d398afac0e585c9d91bc93e63937dc8d4e3fdf3004bae1168095c0e,context_link
snap-596-006,SpaceX Dragon,41a5176f1d398afac0e585c9d91bc93e63937dc8d4e3fdf3004bae1168095c0e,context_link
snap-596-007,SpaceX Dragon,41a5176f1d398afac0e585c9d91bc93e63937dc8d4e3fdf3004bae1168095c0e,context_link
snap-596-008,SpaceX Dragon,41a5176f1d398afac0e585c9d91bc93e63937dc8d4e3fdf3004bae1168095c0e,context_link
snap-596-009,SpaceX Dragon,41a5176f1d398afac0e585c9d91bc93e63937dc8d4e3fdf3004bae1168095c0e,context_link
snap-597-000,SpaceX Dragon 2,968e624f5e430d32d966f45e9e9e3b36f170a8ed084fe8e0f33cf7edf41528d8,entity_card
snap-597-001,SpaceX Dragon 2,968e624f5e430d32d966f45e9e9e3b36f170a8ed084fe8e0f33cf7edf41528d8,context_link
snap-597-002,SpaceX Dragon 2,968e624f5e430d32d966f45e9e9e3b36f170a8ed084fe8e0f33cf7edf41528d8,context_link
snap-597-003,SpaceX Dragon 2,968e624f5e430d32d966f45e9e9e3b36f170a8ed084fe8e0f33cf7edf41528d8,context_link
snap-597-004,SpaceX Dragon 2,968e624f5e430d32d966f45e9e9e3b36f170a8ed084fe8e0f33cf7edf41528d8,context_link
snap-597-005,SpaceX Dragon 2,968e624f5e430d32d966f45e9e9e3b36f170a8ed084fe8e0f33cf7edf41528d8,context_link
snap-598-000,SpaceX Merlin,e83b645eab05d8278360ed5322fee8c39f258e0ea9bf97de72c8b4dd2c94d481,entity_card
snap-598-001,SpaceX Merlin,e83b645eab05d8278360ed5322fee8c39f258e0ea9bf97de72c8b4dd2c94d481,context_link
snap-598-002,SpaceX Merlin,e83b645eab05d8278360ed5322fee8c39f258e0ea9bf97de72c8b4dd2c94d481,context_link
snap-598-003,SpaceX Merlin,e83b645eab05d8278360ed5322fee8c39f258e0ea9bf97de72c8b4dd2c94d481,context_link
snap-598-004,SpaceX Merlin,e83b645eab05d8278360ed5322fee8c39f258e0ea9bf97de72c8b4dd2c94d481,context_link
snap-598-005,SpaceX Merlin,e83b645eab05d8278360ed5322fee8c39f258e0ea9bf97de72c8b4dd2c94d481,context_link
snap-598-006,SpaceX Merlin,e83b645eab05d8278360ed5322fee8c39f258e0ea9bf97de72c8b4dd2c94d481,context_link
snap-598-007,SpaceX Merlin,e83b645eab05d8278360ed5322fee8c39f258e0ea9bf97de72c8b4dd2c94d481,context_link
snap-598-008,SpaceX Merlin,e83b645eab05d8278360ed5322fee8c39f258e0ea9bf97de72c8b4dd2c94d481,context_link
snap-599-000,SpaceX Raptor,05ee62403cacbbdc32f1bb14963636192a359bc6b79d241261cbebdd8d16f27b,entity_card
snap-599-001,SpaceX Raptor,05ee62403cacbbdc32f1bb14963636192a359bc6b79d241261cbebdd8d16f27b,context_link
snap-599-002,SpaceX Raptor,05ee62403cacbbdc32f1bb14963636192a359bc6b79d241261cbebdd8d16f27b,context_link
snap-599-003,SpaceX Raptor,05ee62403cacbbdc32f1bb14963636192a359bc6b79d241261cbebdd8d16f27b,context_link
snap-599-004,SpaceX Raptor,05ee62403cacbbdc32f1bb14963636192a359bc6b79d241261cbebdd8d16f27b,context_link
snap-599-005,SpaceX Raptor,05ee62403cacbbdc32f1bb14963636192a359bc6b79d241261cbebdd8d16f27b,context_link
snap-599-006,SpaceX Raptor,05ee62403cacbbdc32f1bb14963636192a359bc6b79d241261cbebdd8d16f27b,context_link
snap-599-007,SpaceX Raptor,05ee62403cacbbdc32f1bb14963636192a359bc6b79d241261cbebdd8d16f27b,context_link
snap-599-008,SpaceX Raptor,05ee62403cacbbdc32f1bb14963636192a359bc6b79d241261cbebdd8d16f27b,context_link
snap-600-000,SpaceX Starship design history,c630549b92e63c68696c82efa28097dea8d9d8740ce3cd452b9d743af747dff1,entity_card
snap-600-001,SpaceX Starship design history,c630549b92e63c68696c82efa28097dea8d9d8740ce3cd452b9d743af747dff1,context_link
snap-600-002,SpaceX Starship design history,c630549b92e63c68696c82efa28097dea8d9d8740ce3cd452b9d743af747dff1,context_link
snap-600-003,SpaceX Starship design history,c630549b92e63c68696c82efa28097dea8d9d8740ce3cd452b9d743af747dff1,context_link
snap-600-004,SpaceX Starship design history,c630549b92e63c68696c82efa28097dea8d9d8740ce3cd452b9d743af747dff1,context_link
snap-600-005,SpaceX Starship design history,c630549b92e63c68696c82efa28097dea8d9d8740ce3cd452b9d743af747dff1,context_link
snap-600-006,SpaceX Starship design history,c630549b92e63c68696c82efa28097dea8d9d8740ce3cd452b9d743af747dff1,context_link
snap-600-007,SpaceX Starship design history,c630549b92e63c68696c82efa28097dea8d9d8740ce3cd452b9d743af747dff1,context_link
snap-600-008,SpaceX Starship design history,c630549b92e63c68696c82efa28097dea8d9d8740ce3cd452b9d743af747dff1,context_link
snap-600-009,SpaceX Starship design history,c630549b92e63c68696c82efa28097dea8d9d8740ce3cd452b9d743af747dff1,context_link
snap-600-010,SpaceX Starship design history,c630549b92e63c68696c82efa28097dea8d9d8740ce3cd452b9d743af747dff1,context_link
snap-600-011,SpaceX Starship design history,c630549b92e63c68696c82efa28097dea8d9d8740ce3cd452b9d743af747dff1,context_link
snap-600-012,SpaceX Starship design history,c630549b92e63c68696c82efa28097dea8d9d8740ce3cd452b9d743af747dff1,context_link
snap-600-013,SpaceX Starship design history,c630549b92e63c68696c82efa28097dea8d9d8740ce3cd452b9d743af747dff1,context_link
snap-600-014,SpaceX Starship design history,c630549b92e63c68696c82efa28097dea8d9d8740ce3cd452b9d743af747dff1,context_link
snap-600-015,SpaceX Starship design history,c630549b92e63c68696c82efa28097dea8d9d8740ce3cd452b9d743af747dff1,context_link
snap-600-016,SpaceX Starship design history,c630549b92e63c68696c82efa28097dea8d9d8740ce3cd452b9d743af747dff1,context_link
snap-600-017,SpaceX Starship design history,c630549b92e63c68696c82efa28097dea8d9d8740ce3cd452b9d743af747dff1,context_link
snap-600-018,SpaceX Starship design history,c630549b92e63c68696c82efa28097dea8d9d8740ce3cd452b9d743af747dff1,context_link
snap-601-000,SpaceX launch vehicles,b91fc28bf4584002e9fc0f69fbe3fbca091596a0ff0537f108785c129b5a4b68,entity_card
snap-601-001,SpaceX launch vehicles,b91fc28bf4584002e9fc0f69fbe3fbca091596a0ff0537f108785c129b5a4b68,context_link
snap-601-002,SpaceX launch vehicles,b91fc28bf4584002e9fc0f69fbe3fbca091596a0ff0537f108785c129b5a4b68,context_link
snap-601-003,SpaceX launch vehicles,b91fc28bf4584002e9fc0f69fbe3fbca091596a0ff0537f108785c129b5a4b68,context_link
snap-601-004,SpaceX launch vehicles,b91fc28bf4584002e9fc0f69fbe3fbca091596a0ff0537f108785c129b5a4b68,context_link
snap-601-005,SpaceX launch vehicles,b91fc28bf4584002e9fc0f69fbe3fbca091596a0ff0537f108785c129b5a4b68,context_link
snap-601-006,SpaceX launch vehicles,b91fc28bf4584002e9fc0f69fbe3fbca091596a0ff0537f108785c129b5a4b68,context_link
snap-601-007,SpaceX launch vehicles,b91fc28bf4584002e9fc0f69fbe3fbca091596a0ff0537f108785c129b5a4b68,context_link
snap-601-008,SpaceX launch vehicles,b91fc28bf4584002e9fc0f69fbe3fbca091596a0ff0537f108785c129b5a4b68,context_link
snap-601-009,SpaceX launch vehicles,b91fc28bf4584002e9fc0f69fbe3fbca091596a0ff0537f108785c129b5a4b68,context_link
snap-601-010,SpaceX launch vehicles,b91fc28bf4584002e9fc0f69fbe3fbca091596a0ff0537f108785c129b5a4b68,context_link
snap-601-011,SpaceX launch vehicles,b91fc28bf4584002e9fc0f69fbe3fbca091596a0ff0537f108785c129b5a4b68,context_link
snap-601-012,SpaceX launch vehicles,b91fc28bf4584002e9fc0f69fbe3fbca091596a0ff0537f108785c129b5a4b68,context_link
snap-601-013,SpaceX launch vehicles,b91fc28bf4584002e9fc0f69fbe3fbca091596a0ff0537f108785c129b5a4b68,context_link
snap-601-014,SpaceX launch vehicles,b91fc28bf4584002e9fc0f69fbe3fbca091596a0ff0537f108785c129b5a4b68,context_link
snap-601-015,SpaceX launch vehicles,b91fc28bf4584002e9fc0f69fbe3fbca091596a0ff0537f108785c129b5a4b68,context_link
snap-601-016,SpaceX launch vehicles,b91fc28bf4584002e9fc0f69fbe3fbca091596a0ff0537f108785c129b5a4b68,context_link
snap-601-017,SpaceX launch vehicles,b91fc28bf4584002e9fc0f69fbe3fbca091596a0ff0537f108785c129b5a4b68,context_link
snap-602-000,Space Age,23396d7f962d2cbe87b6ee1112fb328ec7951c068b3b2be98d0963ed0740217a,entity_card
snap-602-001,Space Age,23396d7f962d2cbe87b6ee1112fb328ec7951c068b3b2be98d0963ed0740217a,context_link
snap-602-002,Space Age,23396d7f962d2cbe87b6ee1112fb328ec7951c068b3b2be98d0963ed0740217a,context_link
snap-602-003,Space Age,23396d7f962d2cbe87b6ee1112fb328ec7951c068b3b2be98d0963ed0740217a,context_link
snap-602-004,Space Age,23396d7f962d2cbe87b6ee1112fb328ec7951c068b3b2be98d0963ed0740217a,context_link
snap-602-005,Space Age,23396d7f962d2cbe87b6ee1112fb328ec7951c068b3b2be98d0963ed0740217a,context_link
snap-602-006,Space Age,23396d7f962d2cbe87b6ee1112fb328ec7951c068b3b2be98d0963ed0740217a,context_link
snap-602-007,Space Age,23396d7f962d2cbe87b6ee1112fb328ec7951c068b3b2be98d0963ed0740217a,context_link
snap-602-008,Space Age,23396d7f962d2cbe87b6ee1112fb328ec7951c068b3b2be98d0963ed0740217a,context_link
snap-602-009,Space Age,23396d7f962d2cbe87b6ee1112fb328ec7951c068b3b2be98d0963ed0740217a,context_link
snap-602-010,Space Age,23396d7f962d2cbe87b6ee1112fb328ec7951c068b3b2be98d0963ed0740217a,context_link
snap-602-011,Space Age,23396d7f962d2cbe87b6ee1112fb328ec7951c068b3b2be98d0963ed0740217a,context_link
snap-602-012,Space Age,23396d7f962d2cbe87b6ee1112fb328ec7951c068b3b2be98d0963ed0740217a,context_link
snap-602-013,Space Age,23396d7f962d2cbe87b6ee1112fb328ec7951c068b3b2be98d0963ed0740217a,context_link
snap-602-014,Space Age,23396d7f962d2cbe87b6ee1112fb328ec7951c068b3b2be98d0963ed0740217a,context_link
snap-602-015,Space Age,23396d7f962d2cbe87b6ee1112fb328ec7951c068b3b2be98d0963ed0740217a,context_link
snap-602-016,Space Age,23396d7f962d2cbe87b6ee1112fb328ec7951c068b3b2be98d0963ed0740217a,context_link
snap-603-000,Space Shuttle,5d7f40026997108c32e12efecdcff458531a6a1be55987ed09cc24a41c4589ab,entity_card
snap-603-001,Space Shuttle,5d7f40026997108c32e12efecdcff458531a6a1be55987ed09cc24a41c4589ab,context_link
snap-603-002,Space Shuttle,5d7f40026997108c32e12efecdcff458531a6a1be55987ed09cc24a41c4589ab,context_link
snap-603-003,Space Shuttle,5d7f40026997108c32e12efecdcff458531a6a1be55987ed09cc24a41c4589ab,context_link
snap-603-004,Space Shuttle,5d7f40026997108c32e12efecdcff458531a6a1be55987ed09cc24a41c4589ab,context_link
snap-603-005,Space Shuttle,5d7f40026997108c32e12efecdcff458531a6a1be55987ed09cc24a41c4589ab,context_link
snap-603-006,Space Shuttle,5d7f40026997108c32e12efecdcff458531a6a1be55987ed09cc24a41c4589ab,context_link
snap-603-007,Space Shuttle,5d7f40026997108c32e12efecdcff458531a6a1be55987ed09cc24a41c4589ab,context_link
snap-603-008,Space Shuttle,5d7f40026997108c32e12efecdcff458531a6a1be55987ed09cc24a41c4589ab,context_link
snap-603-009,Space Shuttle,5d7f40026997108c32e12efecdcff458531a6a1be55987ed09cc24a41c4589ab,context_link
snap-603-010,Space Shuttle,5d7f40026997108c32e12efecdcff458531a6a1be55987ed09cc24a41c4589ab,context_link
snap-603-011,Space Shuttle,5d7f40026997108c32e12efecdcff458531a6a1be55987ed09cc24a41c4589ab,context_link
snap-603-012,Space Shuttle,5d7f40026997108c32e12efecdcff458531a6a1be55987ed09cc24a41c4589ab,context_link
snap-603-013,Space Shuttle,5d7f40026997108c32e12efecdcff458531a6a1be55987ed09cc24a41c4589ab,context_link
snap-603-014,Space Shuttle,5d7f40026997108c32e12efecdcff458531a6a1be55987ed09cc24a41c4589ab,context_link
snap-604-000,Space policy of the United States,da896941ea1ec4575d5128d04d3d56070fddb29007d1814417b5272413c2f07f,entity_card
snap-604-001,Space policy of the United States,da896941ea1ec4575d5128d04d3d56070fddb29007d1814417b5272413c2f07f,context_link
snap-604-002,Space policy of the United States,da896941ea1ec4575d5128d04d3d56070fddb29007d1814417b5272413c2f07f,context_link
snap-604-003,Space policy of the United States,da896941ea1ec4575d5128d04d3d56070fddb29007d1814417b5272413c2f07f,context_link
snap-604-004,Space policy of the United States,da896941ea1ec4575d5128d04d3d56070fddb29007d1814417b5272413c2f07f,context_link
snap-604-005,Space policy of the United States,da896941ea1ec4575d5128d04d3d56070fddb29007d1814417b5272413c2f07f,context_link
snap-604-006,Space policy of the United States,da896941ea1ec4575d5128d04d3d56070fddb29007d1814417b5272413c2f07f,context_link
snap-604-007,Space policy of the United States,da896941ea1ec4575d5128d04d3d56070fddb29007d1814417b5272413c2f07f,context_link
snap-604-008,Space policy of the United States,da896941ea1ec4575d5128d04d3d56070fddb29007d1814417b5272413c2f07f,context_link
snap-604-009,Space policy of the United States,da896941ea1ec4575d5128d04d3d56070fddb29007d1814417b5272413c2f07f,context_link
snap-604-010,Space policy of the United States,da896941ea1ec4575d5128d04d3d56070fddb29007d1814417b5272413c2f07f,context_link
snap-604-011,Space policy of the United States,da896941ea1ec4575d5128d04d3d56070fddb29007d1814417b5272413c2f07f,context_link
snap-605-000,Space station,5a86b6d828becad8d2c90d2866e0e05a01d1fe3f51216640786ae5115b015b6f,entity_card
snap-605-001,Space station,5a86b6d828becad8d2c90d2866e0e05a01d1fe3f51216640786ae5115b015b6f,context_link
snap-605-002,Space station,5a86b6d828becad8d2c90d2866e0e05a01d1fe3f51216640786ae5115b015b6f,context_link
snap-605-003,Space station,5a86b6d828becad8d2c90d2866e0e05a01d1fe3f51216640786ae5115b015b6f,context_link
snap-605-004,Space station,5a86b6d828becad8d2c90d2866e0e05a01d1fe3f51216640786ae5115b015b6f,context_link
snap-605-005,Space station,5a86b6d828becad8d2c90d2866e0e05a01d1fe3f51216640786ae5115b015b6f,context_link
snap-605-006,Space station,5a86b6d828becad8d2c90d2866e0e05a01d1fe3f51216640786ae5115b015b6f,context_link
snap-605-007,Space station,5a86b6d828becad8d2c90d2866e0e05a01d1fe3f51216640786ae5115b015b6f,context_link
snap-605-008,Space station,5a86b6d828becad8d2c90d2866e0e05a01d1fe3f51216640786ae5115b015b6f,context_link
snap-605-009,Space station,5a86b6d828becad8d2c90d2866e0e05a01d1fe3f51216640786ae5115b015b6f,context_link
snap-606-000,Spaceflight,41973567f34f884ac8324281630ccdef04ae636d16c69e177e0a06bd2f44078c,entity_card
snap-606-001,Spaceflight,41973567f34f884ac8324281630ccdef04ae636d16c69e177e0a06bd2f44078c,context_link
snap-606-002,Spaceflight,41973567f34f884ac8324281630ccdef04ae636d16c69e177e0a06bd2f44078c,context_link
snap-606-003,Spaceflight,41973567f34f884ac8324281630ccdef04ae636d16c69e177e0a06bd2f44078c,context_link
snap-606-004,Spaceflight,41973567f34f884ac8324281630ccdef04ae636d16c69e177e0a06bd2f44078c,context_link
snap-606-005,Spaceflight,41973567f34f884ac8324281630ccdef04ae636d16c69e177e0a06bd2f44078c,context_link
snap-606-006,Spaceflight,41973567f34f884ac8324281630ccdef04ae636d16c69e177e0a06bd2f44078c,context_link
snap-606-007,Spaceflight,41973567f34f884ac8324281630ccdef04ae636d16c69e177e0a06bd2f44078c,context_link
snap-607-000,Sperry Corporation,249c052afa6d0d19129229bb5f3112ca80268106ae22d2c63457e995dd37bbc0,entity_card
snap-607-001,Sperry Corporation,249c052afa6d0d19129229bb5f3112ca80268106ae22d2c63457e995dd37bbc0,context_link
snap-607-002,Sperry Corporation,249c052afa6d0d19129229bb5f3112ca80268106ae22d2c63457e995dd37bbc0,context_link
snap-607-003,Sperry Corporation,249c052afa6d0d19129229bb5f3112ca80268106ae22d2c63457e995dd37bbc0,context_link
snap-607-004,Sperry Corporation,249c052afa6d0d19129229bb5f3112ca80268106ae22d2c63457e995dd37bbc0,context_link
snap-607-005,Sperry Corporation,249c052afa6d0d19129229bb5f3112ca80268106ae22d2c63457e995dd37bbc0,context_link
snap-607-006,Sperry Corporation,249c052afa6d0d19129229bb5f3112ca80268106ae22d2c63457e995dd37bbc0,context_link
snap-607-007,Sperry Corporation,249c052afa6d0d19129229bb5f3112ca80268106ae22d2c63457e995dd37bbc0,context_link
snap-607-008,Sperry Corporation,249c052afa6d0d19129229bb5f3112ca80268106ae22d2c63457e995dd37bbc0,context_link
snap-607-009,Sperry Corporation,249c052afa6d0d19129229bb5f3112ca80268106ae22d2c63457e995dd37bbc0,context_link
snap-607-010,Sperry Corporation,249c052afa6d0d19129229bb5f3112ca80268106ae22d2c63457e995dd37bbc0,context_link
snap-607-011,Sperry Corporation,249c052afa6d0d19129229bb5f3112ca80268106ae22d2c63457e995dd37bbc0,context_link
snap-607-012,Sperry Corporation,249c052afa6d0d19129229bb5f3112ca80268106ae22d2c63457e995dd37bbc0,context_link
snap-608-000,St. Louis,c2b6789b1ce51cf293d6ae855650e4c6bb6eef1b0f68c9fbbba62f17579879ca,entity_card
snap-608-001,St. Louis,c2b6789b1ce51cf293d6ae855650e4c6bb6eef1b0f68c9fbbba62f17579879ca,context_link
snap-609-000,Star Trek,47f8f45d1957f2b029c6972e524e5b575c6ba9dd72d6090ad4a787008b1a453c,entity_card
snap-609-001,Star Trek,47f8f45d1957f2b029c6972e524e5b575c6ba9dd72d6090ad4a787008b1a453c,context_link
snap-609-002,Star Trek,47f8f45d1957f2b029c6972e524e5b575c6ba9dd72d6090ad4a787008b1a453c,context_link
snap-609-003,Star Trek,47f8f45d1957f2b029c6972e524e5b575c6ba9dd72d6090ad4a787008b1a453c,context_link
snap-609-004,Star Trek,47f8f45d1957f2b029c6972e524e5b575c6ba9dd72d6090ad4a787008b1a453c,context_link
snap-610-000,Starlink,0cd6f6c38602011e7fdbc2c3e213ccbcdb127bc186050c72414cc75ac95d3e42,entity_card
snap-610-001,Starlink,0cd6f6c38602011e7fdbc2c3e213ccbcdb127bc186050c72414cc75ac95d3e42,context_link
snap-610-002,Starlink,0cd6f6c38602011e7fdbc2c3e213ccbcdb127bc186050c72414cc75ac95d3e42,context_link
snap-610-003,Starlink,0cd6f6c38602011e7fdbc2c3e213ccbcdb127bc186050c72414cc75ac95d3e42,context_link
snap-610-004,Starlink,0cd6f6c38602011e7fdbc2c3e213ccbcdb127bc186050c72414cc75ac95d3e42,context_link
snap-610-005,Starlink,0cd6f6c38602011e7fdbc2c3e213ccbcdb127bc186050c72414cc75ac95d3e42,context_link
snap-610-006,Starlink,0cd6f6c38602011e7fdbc2c3e213ccbcdb127bc186050c72414cc75ac95d3e42,context_link
snap-610-007,Starlink,0cd6f6c38602011e7fdbc2c3e213ccbcdb127bc186050c72414cc75ac95d3e42,context_link
snap-610-008,Starlink,0cd6f6c38602011e7fdbc2c3e213ccbcdb127bc186050c72414cc75ac95d3e42,context_link
snap-610-009,Starlink,0cd6f6c38602011e7fdbc2c3e213ccbcdb127bc186050c72414cc75ac95d3e42,context_link
snap-610-010,Starlink,0cd6f6c38602011e7fdbc2c3e213ccbcdb127bc186050c72414cc75ac95d3e42,context_link
snap-610-011,Starlink,0cd6f6c38602011e7fdbc2c3e213ccbcdb127bc186050c72414cc75ac95d3e42,context_link
snap-610-012,Starlink,0cd6f6c38602011e7fdbc2c3e213ccbcdb127bc186050c72414cc75ac95d3e42,context_link
snap-610-013,Starlink,0cd6f6c38602011e7fdbc2c3e213ccbcdb127bc186050c72414cc75ac95d3e42,context_link
snap-611-000,Starship,544d6152df38943d2ddb8d1af1ef9a88ae4121c7ea438b3b851086d8946e2d44,entity_card
snap-611-001,Starship,544d6152df38943d2ddb8d1af1ef9a88ae4121c7ea438b3b851086d8946e2d44,context_link
snap-611-002,Starship,544d6152df38943d2ddb8d1af1ef9a88ae4121c7ea438b3b851086d8946e2d44,context_link
snap-611-003,Starship,544d6152df38943d2ddb8d1af1ef9a88ae4121c7ea438b3b851086d8946e2d44,context_link
snap-611-004,Starship,544d6152df38943d2ddb8d1af1ef9a88ae4121c7ea438b3b851086d8946e2d44,context_link
snap-612-000,States Department,5e2e9373d0e0dcfacaff92a969912640f867d2239bf20aaccac806372b1f3f2a,entity_card
snap-612-001,States Department,5e2e9373d0e0dcfacaff92a969912640f867d2239bf20aaccac806372b1f3f2a,context_link
snap-613-000,Stennis Space Center,0e83a65d893a687cb24b115de8904c7b29ee837858e9f6ee4eda8b7f2c51672d,entity_card
snap-613-001,Stennis Space Center,0e83a65d893a687cb24b115de8904c7b29ee837858e9f6ee4eda8b7f2c51672d,context_link
snap-613-002,Stennis Space Center,0e83a65d893a687cb24b115de8904c7b29ee837858e9f6ee4eda8b7f2c51672d,context_link
snap-613-003,Stennis Space Center,0e83a65d893a687cb24b115de8904c7b29ee837858e9f6ee4eda8b7f2c51672d,context_link
snap-613-004,Stennis Space Center,0e83a65d893a687cb24b115de8904c7b29ee837858e9f6ee4eda8b7f2c51672d,context_link
snap-613-005,Stennis Space Center,0e83a65d893a687cb24b115de8904c7b29ee837858e9f6ee4eda8b7f2c51672d,context_link
snap-613-006,Stennis Space Center,0e83a65d893a687cb24b115de8904c7b29ee837858e9f6ee4eda8b7f2c51672d,context_link
snap-613-007,Stennis Space Center,0e83a65d893a687cb24b115de8904c7b29ee837858e9f6ee4eda8b7f2c51672d,context_link
snap-613-008,Stennis Space Center,0e83a65d893a687cb24b115de8904c7b29ee837858e9f6ee4eda8b7f2c51672d,context_link
snap-613-009,Stennis Space Center,0e83a65d893a687cb24b115de8904c7b29ee837858e9f6ee4eda8b7f2c51672d,context_link
snap-613-010,Stennis Space Center,0e83a65d893a687cb24b115de8904c7b29ee837858e9f6ee4eda8b7f2c51672d,context_link
snap-613-011,Stennis Space Center,0e83a65d893a687cb24b115de8904c7b29ee837858e9f6ee4eda8b7f2c51672d,context_link
snap-613-012,Stennis Space Center,0e83a65d893a687cb24b115de8904c7b29ee837858e9f6ee4eda8b7f2c51672d,context_link
snap-613-013,Stennis Space Center,0e83a65d893a687cb24b115de8904c7b29ee837858e9f6ee4eda8b7f2c51672d,context_link
snap-613-014,Stennis Space Center,0e83a65d893a687cb24b115de8904c7b29ee837858e9f6ee4eda8b7f2c51672d,context_link
snap-613-015,Stennis Space Center,0e83a65d893a687cb24b115de8904c7b29ee837858e9f6ee4eda8b7f2c51672d,context_link
snap-613-016,Stennis Space Center,0e83a65d893a687cb24b115de8904c7b29ee837858e9f6ee4eda8b7f2c51672d,source_qualified_fact
snap-614-000,Steve Forbes,7c8b43e3391bdf11b58a6c257d2bf622342e87b2a61a2ee8187ae2560f700959,entity_card
snap-614-001,Steve Forbes,7c8b43e3391bdf11b58a6c257d2bf622342e87b2a61a2ee8187ae2560f700959,context_link
snap-614-002,Steve Forbes,7c8b43e3391bdf11b58a6c257d2bf622342e87b2a61a2ee8187ae2560f700959,context_link
snap-614-003,Steve Forbes,7c8b43e3391bdf11b58a6c257d2bf622342e87b2a61a2ee8187ae2560f700959,context_link
snap-614-004,Steve Forbes,7c8b43e3391bdf11b58a6c257d2bf622342e87b2a61a2ee8187ae2560f700959,context_link
snap-614-005,Steve Forbes,7c8b43e3391bdf11b58a6c257d2bf622342e87b2a61a2ee8187ae2560f700959,context_link
snap-614-006,Steve Forbes,7c8b43e3391bdf11b58a6c257d2bf622342e87b2a61a2ee8187ae2560f700959,context_link
snap-614-007,Steve Forbes,7c8b43e3391bdf11b58a6c257d2bf622342e87b2a61a2ee8187ae2560f700959,context_link
snap-614-008,Steve Forbes,7c8b43e3391bdf11b58a6c257d2bf622342e87b2a61a2ee8187ae2560f700959,context_link
snap-614-009,Steve Forbes,7c8b43e3391bdf11b58a6c257d2bf622342e87b2a61a2ee8187ae2560f700959,context_link
snap-614-010,Steve Forbes,7c8b43e3391bdf11b58a6c257d2bf622342e87b2a61a2ee8187ae2560f700959,context_link
snap-614-011,Steve Forbes,7c8b43e3391bdf11b58a6c257d2bf622342e87b2a61a2ee8187ae2560f700959,context_link
snap-614-012,Steve Forbes,7c8b43e3391bdf11b58a6c257d2bf622342e87b2a61a2ee8187ae2560f700959,context_link
snap-615-000,Steve Jobs,e79ff857907a562a5b9c79f0a063f7153f114b11186ccd2b9548269b7d98102e,entity_card
snap-615-001,Steve Jobs,e79ff857907a562a5b9c79f0a063f7153f114b11186ccd2b9548269b7d98102e,context_link
snap-615-002,Steve Jobs,e79ff857907a562a5b9c79f0a063f7153f114b11186ccd2b9548269b7d98102e,context_link
snap-615-003,Steve Jobs,e79ff857907a562a5b9c79f0a063f7153f114b11186ccd2b9548269b7d98102e,context_link
snap-615-004,Steve Jobs,e79ff857907a562a5b9c79f0a063f7153f114b11186ccd2b9548269b7d98102e,context_link
snap-615-005,Steve Jobs,e79ff857907a562a5b9c79f0a063f7153f114b11186ccd2b9548269b7d98102e,context_link
snap-616-000,Stock market,8a415dbab3bebacb537042fce76cf06233233df2e83bed96cfafc9ddb10873cb,entity_card
snap-616-001,Stock market,8a415dbab3bebacb537042fce76cf06233233df2e83bed96cfafc9ddb10873cb,context_link
snap-616-002,Stock market,8a415dbab3bebacb537042fce76cf06233233df2e83bed96cfafc9ddb10873cb,context_link
snap-616-003,Stock market,8a415dbab3bebacb537042fce76cf06233233df2e83bed96cfafc9ddb10873cb,context_link
snap-616-004,Stock market,8a415dbab3bebacb537042fce76cf06233233df2e83bed96cfafc9ddb10873cb,context_link
snap-616-005,Stock market,8a415dbab3bebacb537042fce76cf06233233df2e83bed96cfafc9ddb10873cb,context_link
snap-616-006,Stock market,8a415dbab3bebacb537042fce76cf06233233df2e83bed96cfafc9ddb10873cb,context_link
snap-616-007,Stock market,8a415dbab3bebacb537042fce76cf06233233df2e83bed96cfafc9ddb10873cb,context_link
snap-616-008,Stock market,8a415dbab3bebacb537042fce76cf06233233df2e83bed96cfafc9ddb10873cb,source_qualified_fact
snap-616-009,Stock market,8a415dbab3bebacb537042fce76cf06233233df2e83bed96cfafc9ddb10873cb,source_qualified_fact
snap-617-000,Stoke Space,775ef9b969121fb7ef3a9b77ddf161a993f0ac9f24a69fa2eb7d749b0af0078f,entity_card
snap-617-001,Stoke Space,775ef9b969121fb7ef3a9b77ddf161a993f0ac9f24a69fa2eb7d749b0af0078f,context_link
snap-617-002,Stoke Space,775ef9b969121fb7ef3a9b77ddf161a993f0ac9f24a69fa2eb7d749b0af0078f,context_link
snap-617-003,Stoke Space,775ef9b969121fb7ef3a9b77ddf161a993f0ac9f24a69fa2eb7d749b0af0078f,context_link
snap-617-004,Stoke Space,775ef9b969121fb7ef3a9b77ddf161a993f0ac9f24a69fa2eb7d749b0af0078f,context_link
snap-617-005,Stoke Space,775ef9b969121fb7ef3a9b77ddf161a993f0ac9f24a69fa2eb7d749b0af0078f,context_link
snap-617-006,Stoke Space,775ef9b969121fb7ef3a9b77ddf161a993f0ac9f24a69fa2eb7d749b0af0078f,context_link
snap-617-007,Stoke Space,775ef9b969121fb7ef3a9b77ddf161a993f0ac9f24a69fa2eb7d749b0af0078f,context_link
snap-617-008,Stoke Space,775ef9b969121fb7ef3a9b77ddf161a993f0ac9f24a69fa2eb7d749b0af0078f,context_link
snap-617-009,Stoke Space,775ef9b969121fb7ef3a9b77ddf161a993f0ac9f24a69fa2eb7d749b0af0078f,context_link
snap-617-010,Stoke Space,775ef9b969121fb7ef3a9b77ddf161a993f0ac9f24a69fa2eb7d749b0af0078f,context_link
snap-617-011,Stoke Space,775ef9b969121fb7ef3a9b77ddf161a993f0ac9f24a69fa2eb7d749b0af0078f,context_link
snap-617-012,Stoke Space,775ef9b969121fb7ef3a9b77ddf161a993f0ac9f24a69fa2eb7d749b0af0078f,context_link
snap-617-013,Stoke Space,775ef9b969121fb7ef3a9b77ddf161a993f0ac9f24a69fa2eb7d749b0af0078f,context_link
snap-617-014,Stoke Space,775ef9b969121fb7ef3a9b77ddf161a993f0ac9f24a69fa2eb7d749b0af0078f,context_link
snap-617-015,Stoke Space,775ef9b969121fb7ef3a9b77ddf161a993f0ac9f24a69fa2eb7d749b0af0078f,context_link
snap-618-000,Stoke Space Nova,c8fc62989a249bb3bbc55450e648c62592a299204834d873e4d9f34586d3f480,entity_card
snap-618-001,Stoke Space Nova,c8fc62989a249bb3bbc55450e648c62592a299204834d873e4d9f34586d3f480,context_link
snap-618-002,Stoke Space Nova,c8fc62989a249bb3bbc55450e648c62592a299204834d873e4d9f34586d3f480,context_link
snap-618-003,Stoke Space Nova,c8fc62989a249bb3bbc55450e648c62592a299204834d873e4d9f34586d3f480,context_link
snap-618-004,Stoke Space Nova,c8fc62989a249bb3bbc55450e648c62592a299204834d873e4d9f34586d3f480,context_link
snap-618-005,Stoke Space Nova,c8fc62989a249bb3bbc55450e648c62592a299204834d873e4d9f34586d3f480,context_link
snap-618-006,Stoke Space Nova,c8fc62989a249bb3bbc55450e648c62592a299204834d873e4d9f34586d3f480,context_link
snap-618-007,Stoke Space Nova,c8fc62989a249bb3bbc55450e648c62592a299204834d873e4d9f34586d3f480,context_link
snap-618-008,Stoke Space Nova,c8fc62989a249bb3bbc55450e648c62592a299204834d873e4d9f34586d3f480,context_link
snap-618-009,Stoke Space Nova,c8fc62989a249bb3bbc55450e648c62592a299204834d873e4d9f34586d3f480,context_link
snap-618-010,Stoke Space Nova,c8fc62989a249bb3bbc55450e648c62592a299204834d873e4d9f34586d3f480,context_link
snap-618-011,Stoke Space Nova,c8fc62989a249bb3bbc55450e648c62592a299204834d873e4d9f34586d3f480,context_link
snap-618-012,Stoke Space Nova,c8fc62989a249bb3bbc55450e648c62592a299204834d873e4d9f34586d3f480,context_link
snap-618-013,Stoke Space Nova,c8fc62989a249bb3bbc55450e648c62592a299204834d873e4d9f34586d3f480,context_link
snap-618-014,Stoke Space Nova,c8fc62989a249bb3bbc55450e648c62592a299204834d873e4d9f34586d3f480,context_link
snap-618-015,Stoke Space Nova,c8fc62989a249bb3bbc55450e648c62592a299204834d873e4d9f34586d3f480,context_link
snap-619-000,Strategic Air Command,c2486c0057ccf3d792be82be722c9e0657e34e2265f197775d0015af3cae85b2,entity_card
snap-619-001,Strategic Air Command,c2486c0057ccf3d792be82be722c9e0657e34e2265f197775d0015af3cae85b2,context_link
snap-619-002,Strategic Air Command,c2486c0057ccf3d792be82be722c9e0657e34e2265f197775d0015af3cae85b2,context_link
snap-619-003,Strategic Air Command,c2486c0057ccf3d792be82be722c9e0657e34e2265f197775d0015af3cae85b2,context_link
snap-619-004,Strategic Air Command,c2486c0057ccf3d792be82be722c9e0657e34e2265f197775d0015af3cae85b2,context_link
snap-619-005,Strategic Air Command,c2486c0057ccf3d792be82be722c9e0657e34e2265f197775d0015af3cae85b2,context_link
snap-619-006,Strategic Air Command,c2486c0057ccf3d792be82be722c9e0657e34e2265f197775d0015af3cae85b2,context_link
snap-619-007,Strategic Air Command,c2486c0057ccf3d792be82be722c9e0657e34e2265f197775d0015af3cae85b2,context_link
snap-619-008,Strategic Air Command,c2486c0057ccf3d792be82be722c9e0657e34e2265f197775d0015af3cae85b2,context_link
snap-619-009,Strategic Air Command,c2486c0057ccf3d792be82be722c9e0657e34e2265f197775d0015af3cae85b2,context_link
snap-619-010,Strategic Air Command,c2486c0057ccf3d792be82be722c9e0657e34e2265f197775d0015af3cae85b2,context_link
snap-619-011,Strategic Air Command,c2486c0057ccf3d792be82be722c9e0657e34e2265f197775d0015af3cae85b2,context_link
snap-619-012,Strategic Air Command,c2486c0057ccf3d792be82be722c9e0657e34e2265f197775d0015af3cae85b2,context_link
snap-619-013,Strategic Air Command,c2486c0057ccf3d792be82be722c9e0657e34e2265f197775d0015af3cae85b2,context_link
snap-619-014,Strategic Air Command,c2486c0057ccf3d792be82be722c9e0657e34e2265f197775d0015af3cae85b2,context_link
snap-619-015,Strategic Air Command,c2486c0057ccf3d792be82be722c9e0657e34e2265f197775d0015af3cae85b2,context_link
snap-619-016,Strategic Air Command,c2486c0057ccf3d792be82be722c9e0657e34e2265f197775d0015af3cae85b2,context_link
snap-620-000,Sun Microsystems,d86897d4a322463bab437f98aa11512dcd00319d7df5cb687f03d82b4f11225a,entity_card
snap-620-001,Sun Microsystems,d86897d4a322463bab437f98aa11512dcd00319d7df5cb687f03d82b4f11225a,context_link
snap-620-002,Sun Microsystems,d86897d4a322463bab437f98aa11512dcd00319d7df5cb687f03d82b4f11225a,context_link
snap-620-003,Sun Microsystems,d86897d4a322463bab437f98aa11512dcd00319d7df5cb687f03d82b4f11225a,context_link
snap-620-004,Sun Microsystems,d86897d4a322463bab437f98aa11512dcd00319d7df5cb687f03d82b4f11225a,context_link
snap-620-005,Sun Microsystems,d86897d4a322463bab437f98aa11512dcd00319d7df5cb687f03d82b4f11225a,context_link
snap-620-006,Sun Microsystems,d86897d4a322463bab437f98aa11512dcd00319d7df5cb687f03d82b4f11225a,context_link
snap-620-007,Sun Microsystems,d86897d4a322463bab437f98aa11512dcd00319d7df5cb687f03d82b4f11225a,context_link
snap-620-008,Sun Microsystems,d86897d4a322463bab437f98aa11512dcd00319d7df5cb687f03d82b4f11225a,context_link
snap-620-009,Sun Microsystems,d86897d4a322463bab437f98aa11512dcd00319d7df5cb687f03d82b4f11225a,context_link
snap-620-010,Sun Microsystems,d86897d4a322463bab437f98aa11512dcd00319d7df5cb687f03d82b4f11225a,context_link
snap-621-000,Super Bowl,57d09038cd2a5db83b0d733f9decf128d8ad0de4da24e249484142b3690591a7,entity_card
snap-621-001,Super Bowl,57d09038cd2a5db83b0d733f9decf128d8ad0de4da24e249484142b3690591a7,context_link
snap-621-002,Super Bowl,57d09038cd2a5db83b0d733f9decf128d8ad0de4da24e249484142b3690591a7,context_link
snap-622-000,Super Low Altitude Test Satellite,996ee72123589aeaa36bd7dc421051900208075bd0f2858416aeae1a3e1e6e59,entity_card
snap-622-001,Super Low Altitude Test Satellite,996ee72123589aeaa36bd7dc421051900208075bd0f2858416aeae1a3e1e6e59,context_link
snap-622-002,Super Low Altitude Test Satellite,996ee72123589aeaa36bd7dc421051900208075bd0f2858416aeae1a3e1e6e59,context_link
snap-622-003,Super Low Altitude Test Satellite,996ee72123589aeaa36bd7dc421051900208075bd0f2858416aeae1a3e1e6e59,context_link
snap-623-000,Super Tuesday,43ab6e86f91d2bcdc7bfee155977bbe99feaecef84dfe79e5eded6c1bc0e92c4,entity_card
snap-623-001,Super Tuesday,43ab6e86f91d2bcdc7bfee155977bbe99feaecef84dfe79e5eded6c1bc0e92c4,context_link
snap-623-002,Super Tuesday,43ab6e86f91d2bcdc7bfee155977bbe99feaecef84dfe79e5eded6c1bc0e92c4,context_link
snap-623-003,Super Tuesday,43ab6e86f91d2bcdc7bfee155977bbe99feaecef84dfe79e5eded6c1bc0e92c4,context_link
snap-623-004,Super Tuesday,43ab6e86f91d2bcdc7bfee155977bbe99feaecef84dfe79e5eded6c1bc0e92c4,context_link
snap-623-005,Super Tuesday,43ab6e86f91d2bcdc7bfee155977bbe99feaecef84dfe79e5eded6c1bc0e92c4,context_link
snap-623-006,Super Tuesday,43ab6e86f91d2bcdc7bfee155977bbe99feaecef84dfe79e5eded6c1bc0e92c4,context_link
snap-624-000,Surrey Satellite Technology,e70181fd76e4b42be76783aa9e6aa235023c8e1d7ae14201224616d1108e34ad,entity_card
snap-624-001,Surrey Satellite Technology,e70181fd76e4b42be76783aa9e6aa235023c8e1d7ae14201224616d1108e34ad,context_link
snap-624-002,Surrey Satellite Technology,e70181fd76e4b42be76783aa9e6aa235023c8e1d7ae14201224616d1108e34ad,context_link
snap-624-003,Surrey Satellite Technology,e70181fd76e4b42be76783aa9e6aa235023c8e1d7ae14201224616d1108e34ad,context_link
snap-624-004,Surrey Satellite Technology,e70181fd76e4b42be76783aa9e6aa235023c8e1d7ae14201224616d1108e34ad,context_link
snap-624-005,Surrey Satellite Technology,e70181fd76e4b42be76783aa9e6aa235023c8e1d7ae14201224616d1108e34ad,context_link
snap-624-006,Surrey Satellite Technology,e70181fd76e4b42be76783aa9e6aa235023c8e1d7ae14201224616d1108e34ad,context_link
snap-624-007,Surrey Satellite Technology,e70181fd76e4b42be76783aa9e6aa235023c8e1d7ae14201224616d1108e34ad,context_link
snap-624-008,Surrey Satellite Technology,e70181fd76e4b42be76783aa9e6aa235023c8e1d7ae14201224616d1108e34ad,context_link
snap-625-000,Sustainable development,a3a2edf24894e158989ba2a391b01f96b201cf31683fd0234ec2931c3027d0ec,entity_card
snap-625-001,Sustainable development,a3a2edf24894e158989ba2a391b01f96b201cf31683fd0234ec2931c3027d0ec,context_link
snap-625-002,Sustainable development,a3a2edf24894e158989ba2a391b01f96b201cf31683fd0234ec2931c3027d0ec,context_link
snap-625-003,Sustainable development,a3a2edf24894e158989ba2a391b01f96b201cf31683fd0234ec2931c3027d0ec,context_link
snap-625-004,Sustainable development,a3a2edf24894e158989ba2a391b01f96b201cf31683fd0234ec2931c3027d0ec,context_link
snap-626-000,Sustainable energy,83989647c115fa76be17a112181fc16b5ba44c3f32a6c2368d436dfa7b9a7371,entity_card
snap-626-001,Sustainable energy,83989647c115fa76be17a112181fc16b5ba44c3f32a6c2368d436dfa7b9a7371,context_link
snap-626-002,Sustainable energy,83989647c115fa76be17a112181fc16b5ba44c3f32a6c2368d436dfa7b9a7371,context_link
snap-626-003,Sustainable energy,83989647c115fa76be17a112181fc16b5ba44c3f32a6c2368d436dfa7b9a7371,context_link
snap-626-004,Sustainable energy,83989647c115fa76be17a112181fc16b5ba44c3f32a6c2368d436dfa7b9a7371,context_link
snap-626-005,Sustainable energy,83989647c115fa76be17a112181fc16b5ba44c3f32a6c2368d436dfa7b9a7371,context_link
snap-627-000,Tableau Software,70d14c97d8b3883c32b2c136c08204230d29c08d22c0b12afa70287271555d6b,entity_card
snap-627-001,Tableau Software,70d14c97d8b3883c32b2c136c08204230d29c08d22c0b12afa70287271555d6b,context_link
snap-627-002,Tableau Software,70d14c97d8b3883c32b2c136c08204230d29c08d22c0b12afa70287271555d6b,context_link
snap-627-003,Tableau Software,70d14c97d8b3883c32b2c136c08204230d29c08d22c0b12afa70287271555d6b,context_link
snap-627-004,Tableau Software,70d14c97d8b3883c32b2c136c08204230d29c08d22c0b12afa70287271555d6b,context_link
snap-627-005,Tableau Software,70d14c97d8b3883c32b2c136c08204230d29c08d22c0b12afa70287271555d6b,context_link
snap-627-006,Tableau Software,70d14c97d8b3883c32b2c136c08204230d29c08d22c0b12afa70287271555d6b,context_link
snap-628-000,Technology,72538ca5d28007cf64fcc777fc2c55da0f8e2621e7f8420d98f361ea911c1205,entity_card
snap-628-001,Technology,72538ca5d28007cf64fcc777fc2c55da0f8e2621e7f8420d98f361ea911c1205,definition_claim
snap-628-002,Technology,72538ca5d28007cf64fcc777fc2c55da0f8e2621e7f8420d98f361ea911c1205,context_link
snap-628-003,Technology,72538ca5d28007cf64fcc777fc2c55da0f8e2621e7f8420d98f361ea911c1205,context_link
snap-628-004,Technology,72538ca5d28007cf64fcc777fc2c55da0f8e2621e7f8420d98f361ea911c1205,context_link
snap-629-000,"Tesla, Inc.",8d0f5aa9802bceaa770bfe3f40db7f275ac0989cf20b04e7b46ab66e659a4f3e,entity_card
snap-629-001,"Tesla, Inc.",8d0f5aa9802bceaa770bfe3f40db7f275ac0989cf20b04e7b46ab66e659a4f3e,context_link
snap-629-002,"Tesla, Inc.",8d0f5aa9802bceaa770bfe3f40db7f275ac0989cf20b04e7b46ab66e659a4f3e,context_link
snap-629-003,"Tesla, Inc.",8d0f5aa9802bceaa770bfe3f40db7f275ac0989cf20b04e7b46ab66e659a4f3e,context_link
snap-629-004,"Tesla, Inc.",8d0f5aa9802bceaa770bfe3f40db7f275ac0989cf20b04e7b46ab66e659a4f3e,context_link
snap-629-005,"Tesla, Inc.",8d0f5aa9802bceaa770bfe3f40db7f275ac0989cf20b04e7b46ab66e659a4f3e,context_link
snap-629-006,"Tesla, Inc.",8d0f5aa9802bceaa770bfe3f40db7f275ac0989cf20b04e7b46ab66e659a4f3e,context_link
snap-629-007,"Tesla, Inc.",8d0f5aa9802bceaa770bfe3f40db7f275ac0989cf20b04e7b46ab66e659a4f3e,context_link
snap-629-008,"Tesla, Inc.",8d0f5aa9802bceaa770bfe3f40db7f275ac0989cf20b04e7b46ab66e659a4f3e,context_link
snap-629-009,"Tesla, Inc.",8d0f5aa9802bceaa770bfe3f40db7f275ac0989cf20b04e7b46ab66e659a4f3e,context_link
snap-629-010,"Tesla, Inc.",8d0f5aa9802bceaa770bfe3f40db7f275ac0989cf20b04e7b46ab66e659a4f3e,context_link
snap-629-011,"Tesla, Inc.",8d0f5aa9802bceaa770bfe3f40db7f275ac0989cf20b04e7b46ab66e659a4f3e,context_link
snap-629-012,"Tesla, Inc.",8d0f5aa9802bceaa770bfe3f40db7f275ac0989cf20b04e7b46ab66e659a4f3e,context_link
snap-629-013,"Tesla, Inc.",8d0f5aa9802bceaa770bfe3f40db7f275ac0989cf20b04e7b46ab66e659a4f3e,context_link
snap-629-014,"Tesla, Inc.",8d0f5aa9802bceaa770bfe3f40db7f275ac0989cf20b04e7b46ab66e659a4f3e,context_link
snap-629-015,"Tesla, Inc.",8d0f5aa9802bceaa770bfe3f40db7f275ac0989cf20b04e7b46ab66e659a4f3e,context_link
snap-629-016,"Tesla, Inc.",8d0f5aa9802bceaa770bfe3f40db7f275ac0989cf20b04e7b46ab66e659a4f3e,context_link
snap-629-017,"Tesla, Inc.",8d0f5aa9802bceaa770bfe3f40db7f275ac0989cf20b04e7b46ab66e659a4f3e,context_link
snap-629-018,"Tesla, Inc.",8d0f5aa9802bceaa770bfe3f40db7f275ac0989cf20b04e7b46ab66e659a4f3e,context_link
snap-629-019,"Tesla, Inc.",8d0f5aa9802bceaa770bfe3f40db7f275ac0989cf20b04e7b46ab66e659a4f3e,context_link
snap-630-000,Tesla Autopilot,8b19173bdd4fc2c8ab2b630eaed4efc81d552109194895d4fe8d2d44c2d71c6f,entity_card
snap-630-001,Tesla Autopilot,8b19173bdd4fc2c8ab2b630eaed4efc81d552109194895d4fe8d2d44c2d71c6f,definition_claim
snap-630-002,Tesla Autopilot,8b19173bdd4fc2c8ab2b630eaed4efc81d552109194895d4fe8d2d44c2d71c6f,context_link
snap-630-003,Tesla Autopilot,8b19173bdd4fc2c8ab2b630eaed4efc81d552109194895d4fe8d2d44c2d71c6f,context_link
snap-630-004,Tesla Autopilot,8b19173bdd4fc2c8ab2b630eaed4efc81d552109194895d4fe8d2d44c2d71c6f,context_link
snap-630-005,Tesla Autopilot,8b19173bdd4fc2c8ab2b630eaed4efc81d552109194895d4fe8d2d44c2d71c6f,context_link
snap-630-006,Tesla Autopilot,8b19173bdd4fc2c8ab2b630eaed4efc81d552109194895d4fe8d2d44c2d71c6f,context_link
snap-630-007,Tesla Autopilot,8b19173bdd4fc2c8ab2b630eaed4efc81d552109194895d4fe8d2d44c2d71c6f,context_link
snap-630-008,Tesla Autopilot,8b19173bdd4fc2c8ab2b630eaed4efc81d552109194895d4fe8d2d44c2d71c6f,context_link
snap-630-009,Tesla Autopilot,8b19173bdd4fc2c8ab2b630eaed4efc81d552109194895d4fe8d2d44c2d71c6f,context_link
snap-630-010,Tesla Autopilot,8b19173bdd4fc2c8ab2b630eaed4efc81d552109194895d4fe8d2d44c2d71c6f,context_link
snap-630-011,Tesla Autopilot,8b19173bdd4fc2c8ab2b630eaed4efc81d552109194895d4fe8d2d44c2d71c6f,context_link
snap-630-012,Tesla Autopilot,8b19173bdd4fc2c8ab2b630eaed4efc81d552109194895d4fe8d2d44c2d71c6f,context_link
snap-630-013,Tesla Autopilot,8b19173bdd4fc2c8ab2b630eaed4efc81d552109194895d4fe8d2d44c2d71c6f,context_link
snap-630-014,Tesla Autopilot,8b19173bdd4fc2c8ab2b630eaed4efc81d552109194895d4fe8d2d44c2d71c6f,context_link
snap-630-015,Tesla Autopilot,8b19173bdd4fc2c8ab2b630eaed4efc81d552109194895d4fe8d2d44c2d71c6f,context_link
snap-630-016,Tesla Autopilot,8b19173bdd4fc2c8ab2b630eaed4efc81d552109194895d4fe8d2d44c2d71c6f,context_link
snap-630-017,Tesla Autopilot,8b19173bdd4fc2c8ab2b630eaed4efc81d552109194895d4fe8d2d44c2d71c6f,context_link
snap-631-000,Tesla Cyberquad,d85192cc31c987e458762bbb7fd5ce8fda0d1ff0977d433043ac7345457e614c,entity_card
snap-631-001,Tesla Cyberquad,d85192cc31c987e458762bbb7fd5ce8fda0d1ff0977d433043ac7345457e614c,context_link
snap-631-002,Tesla Cyberquad,d85192cc31c987e458762bbb7fd5ce8fda0d1ff0977d433043ac7345457e614c,context_link
snap-631-003,Tesla Cyberquad,d85192cc31c987e458762bbb7fd5ce8fda0d1ff0977d433043ac7345457e614c,context_link
snap-631-004,Tesla Cyberquad,d85192cc31c987e458762bbb7fd5ce8fda0d1ff0977d433043ac7345457e614c,context_link
snap-631-005,Tesla Cyberquad,d85192cc31c987e458762bbb7fd5ce8fda0d1ff0977d433043ac7345457e614c,context_link
snap-631-006,Tesla Cyberquad,d85192cc31c987e458762bbb7fd5ce8fda0d1ff0977d433043ac7345457e614c,context_link
snap-631-007,Tesla Cyberquad,d85192cc31c987e458762bbb7fd5ce8fda0d1ff0977d433043ac7345457e614c,context_link
snap-632-000,Tesla Cybertruck,81aae32b086ebcd54f5c70b1d7b9fc0379bf664cc5c890b194592a925b20cc90,entity_card
snap-632-001,Tesla Cybertruck,81aae32b086ebcd54f5c70b1d7b9fc0379bf664cc5c890b194592a925b20cc90,context_link
snap-632-002,Tesla Cybertruck,81aae32b086ebcd54f5c70b1d7b9fc0379bf664cc5c890b194592a925b20cc90,context_link
snap-632-003,Tesla Cybertruck,81aae32b086ebcd54f5c70b1d7b9fc0379bf664cc5c890b194592a925b20cc90,context_link
snap-632-004,Tesla Cybertruck,81aae32b086ebcd54f5c70b1d7b9fc0379bf664cc5c890b194592a925b20cc90,context_link
snap-632-005,Tesla Cybertruck,81aae32b086ebcd54f5c70b1d7b9fc0379bf664cc5c890b194592a925b20cc90,context_link
snap-632-006,Tesla Cybertruck,81aae32b086ebcd54f5c70b1d7b9fc0379bf664cc5c890b194592a925b20cc90,context_link
snap-632-007,Tesla Cybertruck,81aae32b086ebcd54f5c70b1d7b9fc0379bf664cc5c890b194592a925b20cc90,context_link
snap-632-008,Tesla Cybertruck,81aae32b086ebcd54f5c70b1d7b9fc0379bf664cc5c890b194592a925b20cc90,context_link
snap-632-009,Tesla Cybertruck,81aae32b086ebcd54f5c70b1d7b9fc0379bf664cc5c890b194592a925b20cc90,context_link
snap-632-010,Tesla Cybertruck,81aae32b086ebcd54f5c70b1d7b9fc0379bf664cc5c890b194592a925b20cc90,context_link
snap-632-011,Tesla Cybertruck,81aae32b086ebcd54f5c70b1d7b9fc0379bf664cc5c890b194592a925b20cc90,context_link
snap-632-012,Tesla Cybertruck,81aae32b086ebcd54f5c70b1d7b9fc0379bf664cc5c890b194592a925b20cc90,context_link
snap-632-013,Tesla Cybertruck,81aae32b086ebcd54f5c70b1d7b9fc0379bf664cc5c890b194592a925b20cc90,context_link
snap-632-014,Tesla Cybertruck,81aae32b086ebcd54f5c70b1d7b9fc0379bf664cc5c890b194592a925b20cc90,context_link
snap-632-015,Tesla Cybertruck,81aae32b086ebcd54f5c70b1d7b9fc0379bf664cc5c890b194592a925b20cc90,context_link
snap-632-016,Tesla Cybertruck,81aae32b086ebcd54f5c70b1d7b9fc0379bf664cc5c890b194592a925b20cc90,context_link
snap-633-000,Tesla Energy,56fe78444492af8d17d6e35e478a4572380c86dcfa4adbcb78aef24867bc921f,entity_card
snap-633-001,Tesla Energy,56fe78444492af8d17d6e35e478a4572380c86dcfa4adbcb78aef24867bc921f,context_link
snap-633-002,Tesla Energy,56fe78444492af8d17d6e35e478a4572380c86dcfa4adbcb78aef24867bc921f,context_link
snap-633-003,Tesla Energy,56fe78444492af8d17d6e35e478a4572380c86dcfa4adbcb78aef24867bc921f,context_link
snap-633-004,Tesla Energy,56fe78444492af8d17d6e35e478a4572380c86dcfa4adbcb78aef24867bc921f,context_link
snap-633-005,Tesla Energy,56fe78444492af8d17d6e35e478a4572380c86dcfa4adbcb78aef24867bc921f,context_link
snap-633-006,Tesla Energy,56fe78444492af8d17d6e35e478a4572380c86dcfa4adbcb78aef24867bc921f,context_link
snap-633-007,Tesla Energy,56fe78444492af8d17d6e35e478a4572380c86dcfa4adbcb78aef24867bc921f,context_link
snap-633-008,Tesla Energy,56fe78444492af8d17d6e35e478a4572380c86dcfa4adbcb78aef24867bc921f,context_link
snap-633-009,Tesla Energy,56fe78444492af8d17d6e35e478a4572380c86dcfa4adbcb78aef24867bc921f,context_link
snap-633-010,Tesla Energy,56fe78444492af8d17d6e35e478a4572380c86dcfa4adbcb78aef24867bc921f,context_link
snap-633-011,Tesla Energy,56fe78444492af8d17d6e35e478a4572380c86dcfa4adbcb78aef24867bc921f,context_link
snap-633-012,Tesla Energy,56fe78444492af8d17d6e35e478a4572380c86dcfa4adbcb78aef24867bc921f,context_link
snap-633-013,Tesla Energy,56fe78444492af8d17d6e35e478a4572380c86dcfa4adbcb78aef24867bc921f,context_link
snap-633-014,Tesla Energy,56fe78444492af8d17d6e35e478a4572380c86dcfa4adbcb78aef24867bc921f,context_link
snap-633-015,Tesla Energy,56fe78444492af8d17d6e35e478a4572380c86dcfa4adbcb78aef24867bc921f,context_link
snap-633-016,Tesla Energy,56fe78444492af8d17d6e35e478a4572380c86dcfa4adbcb78aef24867bc921f,context_link
snap-633-017,Tesla Energy,56fe78444492af8d17d6e35e478a4572380c86dcfa4adbcb78aef24867bc921f,context_link
snap-633-018,Tesla Energy,56fe78444492af8d17d6e35e478a4572380c86dcfa4adbcb78aef24867bc921f,context_link
snap-633-019,Tesla Energy,56fe78444492af8d17d6e35e478a4572380c86dcfa4adbcb78aef24867bc921f,context_link
snap-634-000,Tesla Fremont Factory,745f1c685842367d045449cf7a13920d1e1bd7f4fb8c5ad8be61e7c172fac13c,entity_card
snap-634-001,Tesla Fremont Factory,745f1c685842367d045449cf7a13920d1e1bd7f4fb8c5ad8be61e7c172fac13c,context_link
snap-634-002,Tesla Fremont Factory,745f1c685842367d045449cf7a13920d1e1bd7f4fb8c5ad8be61e7c172fac13c,context_link
snap-634-003,Tesla Fremont Factory,745f1c685842367d045449cf7a13920d1e1bd7f4fb8c5ad8be61e7c172fac13c,context_link
snap-634-004,Tesla Fremont Factory,745f1c685842367d045449cf7a13920d1e1bd7f4fb8c5ad8be61e7c172fac13c,context_link
snap-634-005,Tesla Fremont Factory,745f1c685842367d045449cf7a13920d1e1bd7f4fb8c5ad8be61e7c172fac13c,context_link
snap-634-006,Tesla Fremont Factory,745f1c685842367d045449cf7a13920d1e1bd7f4fb8c5ad8be61e7c172fac13c,context_link
snap-634-007,Tesla Fremont Factory,745f1c685842367d045449cf7a13920d1e1bd7f4fb8c5ad8be61e7c172fac13c,context_link
snap-634-008,Tesla Fremont Factory,745f1c685842367d045449cf7a13920d1e1bd7f4fb8c5ad8be61e7c172fac13c,context_link
snap-634-009,Tesla Fremont Factory,745f1c685842367d045449cf7a13920d1e1bd7f4fb8c5ad8be61e7c172fac13c,context_link
snap-634-010,Tesla Fremont Factory,745f1c685842367d045449cf7a13920d1e1bd7f4fb8c5ad8be61e7c172fac13c,context_link
snap-634-011,Tesla Fremont Factory,745f1c685842367d045449cf7a13920d1e1bd7f4fb8c5ad8be61e7c172fac13c,context_link
snap-635-000,Tesla Powerpack,41d4eac3ea4dfcf60a4b716cca4c57dfede7a7b3d9906c46e89107d1816bbae8,entity_card
snap-635-001,Tesla Powerpack,41d4eac3ea4dfcf60a4b716cca4c57dfede7a7b3d9906c46e89107d1816bbae8,context_link
snap-635-002,Tesla Powerpack,41d4eac3ea4dfcf60a4b716cca4c57dfede7a7b3d9906c46e89107d1816bbae8,context_link
snap-635-003,Tesla Powerpack,41d4eac3ea4dfcf60a4b716cca4c57dfede7a7b3d9906c46e89107d1816bbae8,context_link
snap-635-004,Tesla Powerpack,41d4eac3ea4dfcf60a4b716cca4c57dfede7a7b3d9906c46e89107d1816bbae8,context_link
snap-635-005,Tesla Powerpack,41d4eac3ea4dfcf60a4b716cca4c57dfede7a7b3d9906c46e89107d1816bbae8,context_link
snap-635-006,Tesla Powerpack,41d4eac3ea4dfcf60a4b716cca4c57dfede7a7b3d9906c46e89107d1816bbae8,context_link
snap-635-007,Tesla Powerpack,41d4eac3ea4dfcf60a4b716cca4c57dfede7a7b3d9906c46e89107d1816bbae8,context_link
snap-635-008,Tesla Powerpack,41d4eac3ea4dfcf60a4b716cca4c57dfede7a7b3d9906c46e89107d1816bbae8,context_link
snap-635-009,Tesla Powerpack,41d4eac3ea4dfcf60a4b716cca4c57dfede7a7b3d9906c46e89107d1816bbae8,context_link
snap-635-010,Tesla Powerpack,41d4eac3ea4dfcf60a4b716cca4c57dfede7a7b3d9906c46e89107d1816bbae8,context_link
snap-635-011,Tesla Powerpack,41d4eac3ea4dfcf60a4b716cca4c57dfede7a7b3d9906c46e89107d1816bbae8,context_link
snap-635-012,Tesla Powerpack,41d4eac3ea4dfcf60a4b716cca4c57dfede7a7b3d9906c46e89107d1816bbae8,context_link
snap-635-013,Tesla Powerpack,41d4eac3ea4dfcf60a4b716cca4c57dfede7a7b3d9906c46e89107d1816bbae8,context_link
snap-635-014,Tesla Powerpack,41d4eac3ea4dfcf60a4b716cca4c57dfede7a7b3d9906c46e89107d1816bbae8,context_link
snap-635-015,Tesla Powerpack,41d4eac3ea4dfcf60a4b716cca4c57dfede7a7b3d9906c46e89107d1816bbae8,context_link
snap-635-016,Tesla Powerpack,41d4eac3ea4dfcf60a4b716cca4c57dfede7a7b3d9906c46e89107d1816bbae8,context_link
snap-636-000,Tesla Powerwall,27a3005a8394cb0c3c4984364186acc5924ef7a91adef84c44290f8e219ce76d,entity_card
snap-636-001,Tesla Powerwall,27a3005a8394cb0c3c4984364186acc5924ef7a91adef84c44290f8e219ce76d,context_link
snap-636-002,Tesla Powerwall,27a3005a8394cb0c3c4984364186acc5924ef7a91adef84c44290f8e219ce76d,context_link
snap-636-003,Tesla Powerwall,27a3005a8394cb0c3c4984364186acc5924ef7a91adef84c44290f8e219ce76d,context_link
snap-636-004,Tesla Powerwall,27a3005a8394cb0c3c4984364186acc5924ef7a91adef84c44290f8e219ce76d,context_link
snap-636-005,Tesla Powerwall,27a3005a8394cb0c3c4984364186acc5924ef7a91adef84c44290f8e219ce76d,context_link
snap-636-006,Tesla Powerwall,27a3005a8394cb0c3c4984364186acc5924ef7a91adef84c44290f8e219ce76d,context_link
snap-636-007,Tesla Powerwall,27a3005a8394cb0c3c4984364186acc5924ef7a91adef84c44290f8e219ce76d,context_link
snap-636-008,Tesla Powerwall,27a3005a8394cb0c3c4984364186acc5924ef7a91adef84c44290f8e219ce76d,context_link
snap-636-009,Tesla Powerwall,27a3005a8394cb0c3c4984364186acc5924ef7a91adef84c44290f8e219ce76d,context_link
snap-636-010,Tesla Powerwall,27a3005a8394cb0c3c4984364186acc5924ef7a91adef84c44290f8e219ce76d,context_link
snap-636-011,Tesla Powerwall,27a3005a8394cb0c3c4984364186acc5924ef7a91adef84c44290f8e219ce76d,context_link
snap-636-012,Tesla Powerwall,27a3005a8394cb0c3c4984364186acc5924ef7a91adef84c44290f8e219ce76d,context_link
snap-636-013,Tesla Powerwall,27a3005a8394cb0c3c4984364186acc5924ef7a91adef84c44290f8e219ce76d,context_link
snap-636-014,Tesla Powerwall,27a3005a8394cb0c3c4984364186acc5924ef7a91adef84c44290f8e219ce76d,context_link
snap-636-015,Tesla Powerwall,27a3005a8394cb0c3c4984364186acc5924ef7a91adef84c44290f8e219ce76d,context_link
snap-636-016,Tesla Powerwall,27a3005a8394cb0c3c4984364186acc5924ef7a91adef84c44290f8e219ce76d,context_link
snap-636-017,Tesla Powerwall,27a3005a8394cb0c3c4984364186acc5924ef7a91adef84c44290f8e219ce76d,context_link
snap-636-018,Tesla Powerwall,27a3005a8394cb0c3c4984364186acc5924ef7a91adef84c44290f8e219ce76d,context_link
snap-636-019,Tesla Powerwall,27a3005a8394cb0c3c4984364186acc5924ef7a91adef84c44290f8e219ce76d,context_link
snap-637-000,Tesla Robotaxi,f595973eeb9a2c0bca5bbdaa1cfa8a4150a92e5f8409e73db826dcc82ec1a6e6,entity_card
snap-637-001,Tesla Robotaxi,f595973eeb9a2c0bca5bbdaa1cfa8a4150a92e5f8409e73db826dcc82ec1a6e6,context_link
snap-637-002,Tesla Robotaxi,f595973eeb9a2c0bca5bbdaa1cfa8a4150a92e5f8409e73db826dcc82ec1a6e6,context_link
snap-637-003,Tesla Robotaxi,f595973eeb9a2c0bca5bbdaa1cfa8a4150a92e5f8409e73db826dcc82ec1a6e6,context_link
snap-637-004,Tesla Robotaxi,f595973eeb9a2c0bca5bbdaa1cfa8a4150a92e5f8409e73db826dcc82ec1a6e6,context_link
snap-637-005,Tesla Robotaxi,f595973eeb9a2c0bca5bbdaa1cfa8a4150a92e5f8409e73db826dcc82ec1a6e6,context_link
snap-637-006,Tesla Robotaxi,f595973eeb9a2c0bca5bbdaa1cfa8a4150a92e5f8409e73db826dcc82ec1a6e6,context_link
snap-637-007,Tesla Robotaxi,f595973eeb9a2c0bca5bbdaa1cfa8a4150a92e5f8409e73db826dcc82ec1a6e6,context_link
snap-637-008,Tesla Robotaxi,f595973eeb9a2c0bca5bbdaa1cfa8a4150a92e5f8409e73db826dcc82ec1a6e6,context_link
snap-637-009,Tesla Robotaxi,f595973eeb9a2c0bca5bbdaa1cfa8a4150a92e5f8409e73db826dcc82ec1a6e6,context_link
snap-637-010,Tesla Robotaxi,f595973eeb9a2c0bca5bbdaa1cfa8a4150a92e5f8409e73db826dcc82ec1a6e6,context_link
snap-637-011,Tesla Robotaxi,f595973eeb9a2c0bca5bbdaa1cfa8a4150a92e5f8409e73db826dcc82ec1a6e6,context_link
snap-637-012,Tesla Robotaxi,f595973eeb9a2c0bca5bbdaa1cfa8a4150a92e5f8409e73db826dcc82ec1a6e6,context_link
snap-638-000,Tesla Semi,ae094a07d9bbbdd5330047d29e4beba5edc511ead7ef8606d4b5477cf780f9e6,entity_card
snap-638-001,Tesla Semi,ae094a07d9bbbdd5330047d29e4beba5edc511ead7ef8606d4b5477cf780f9e6,context_link
snap-638-002,Tesla Semi,ae094a07d9bbbdd5330047d29e4beba5edc511ead7ef8606d4b5477cf780f9e6,context_link
snap-638-003,Tesla Semi,ae094a07d9bbbdd5330047d29e4beba5edc511ead7ef8606d4b5477cf780f9e6,context_link
snap-638-004,Tesla Semi,ae094a07d9bbbdd5330047d29e4beba5edc511ead7ef8606d4b5477cf780f9e6,context_link
snap-638-005,Tesla Semi,ae094a07d9bbbdd5330047d29e4beba5edc511ead7ef8606d4b5477cf780f9e6,context_link
snap-638-006,Tesla Semi,ae094a07d9bbbdd5330047d29e4beba5edc511ead7ef8606d4b5477cf780f9e6,context_link
snap-638-007,Tesla Semi,ae094a07d9bbbdd5330047d29e4beba5edc511ead7ef8606d4b5477cf780f9e6,context_link
snap-638-008,Tesla Semi,ae094a07d9bbbdd5330047d29e4beba5edc511ead7ef8606d4b5477cf780f9e6,context_link
snap-638-009,Tesla Semi,ae094a07d9bbbdd5330047d29e4beba5edc511ead7ef8606d4b5477cf780f9e6,context_link
snap-638-010,Tesla Semi,ae094a07d9bbbdd5330047d29e4beba5edc511ead7ef8606d4b5477cf780f9e6,context_link
snap-639-000,Tesla Supercharger,53e6eda062314136406ec6f763f39d804414bc9e81f33f92397214c916255a3d,entity_card
snap-639-001,Tesla Supercharger,53e6eda062314136406ec6f763f39d804414bc9e81f33f92397214c916255a3d,context_link
snap-639-002,Tesla Supercharger,53e6eda062314136406ec6f763f39d804414bc9e81f33f92397214c916255a3d,context_link
snap-639-003,Tesla Supercharger,53e6eda062314136406ec6f763f39d804414bc9e81f33f92397214c916255a3d,context_link
snap-639-004,Tesla Supercharger,53e6eda062314136406ec6f763f39d804414bc9e81f33f92397214c916255a3d,context_link
snap-639-005,Tesla Supercharger,53e6eda062314136406ec6f763f39d804414bc9e81f33f92397214c916255a3d,context_link
snap-639-006,Tesla Supercharger,53e6eda062314136406ec6f763f39d804414bc9e81f33f92397214c916255a3d,context_link
snap-639-007,Tesla Supercharger,53e6eda062314136406ec6f763f39d804414bc9e81f33f92397214c916255a3d,context_link
snap-640-000,Tesla next-generation vehicle platform,a758925efd0c68a8354141d2b9b1af6832a6ad304a309208864532a48913329e,entity_card
snap-640-001,Tesla next-generation vehicle platform,a758925efd0c68a8354141d2b9b1af6832a6ad304a309208864532a48913329e,context_link
snap-640-002,Tesla next-generation vehicle platform,a758925efd0c68a8354141d2b9b1af6832a6ad304a309208864532a48913329e,context_link
snap-640-003,Tesla next-generation vehicle platform,a758925efd0c68a8354141d2b9b1af6832a6ad304a309208864532a48913329e,context_link
snap-640-004,Tesla next-generation vehicle platform,a758925efd0c68a8354141d2b9b1af6832a6ad304a309208864532a48913329e,context_link
snap-640-005,Tesla next-generation vehicle platform,a758925efd0c68a8354141d2b9b1af6832a6ad304a309208864532a48913329e,context_link
snap-640-006,Tesla next-generation vehicle platform,a758925efd0c68a8354141d2b9b1af6832a6ad304a309208864532a48913329e,context_link
snap-640-007,Tesla next-generation vehicle platform,a758925efd0c68a8354141d2b9b1af6832a6ad304a309208864532a48913329e,context_link
snap-640-008,Tesla next-generation vehicle platform,a758925efd0c68a8354141d2b9b1af6832a6ad304a309208864532a48913329e,context_link
snap-640-009,Tesla next-generation vehicle platform,a758925efd0c68a8354141d2b9b1af6832a6ad304a309208864532a48913329e,context_link
snap-640-010,Tesla next-generation vehicle platform,a758925efd0c68a8354141d2b9b1af6832a6ad304a309208864532a48913329e,context_link
snap-640-011,Tesla next-generation vehicle platform,a758925efd0c68a8354141d2b9b1af6832a6ad304a309208864532a48913329e,context_link
snap-641-000,Texas,b6c1a080dd1b9342abac0df0665f508d70ac761e4386a5e6faf05dfbaf6fd65a,entity_card
snap-641-001,Texas,b6c1a080dd1b9342abac0df0665f508d70ac761e4386a5e6faf05dfbaf6fd65a,context_link
snap-642-000,The Boring Company,2a982c86dfd80cce0644b4065e6c34161fdffbfa5ee582402f7653e495198eb2,entity_card
snap-642-001,The Boring Company,2a982c86dfd80cce0644b4065e6c34161fdffbfa5ee582402f7653e495198eb2,context_link
snap-642-002,The Boring Company,2a982c86dfd80cce0644b4065e6c34161fdffbfa5ee582402f7653e495198eb2,context_link
snap-642-003,The Boring Company,2a982c86dfd80cce0644b4065e6c34161fdffbfa5ee582402f7653e495198eb2,context_link
snap-642-004,The Boring Company,2a982c86dfd80cce0644b4065e6c34161fdffbfa5ee582402f7653e495198eb2,context_link
snap-642-005,The Boring Company,2a982c86dfd80cce0644b4065e6c34161fdffbfa5ee582402f7653e495198eb2,context_link
snap-642-006,The Boring Company,2a982c86dfd80cce0644b4065e6c34161fdffbfa5ee582402f7653e495198eb2,context_link
snap-642-007,The Boring Company,2a982c86dfd80cce0644b4065e6c34161fdffbfa5ee582402f7653e495198eb2,context_link
snap-642-008,The Boring Company,2a982c86dfd80cce0644b4065e6c34161fdffbfa5ee582402f7653e495198eb2,context_link
snap-642-009,The Boring Company,2a982c86dfd80cce0644b4065e6c34161fdffbfa5ee582402f7653e495198eb2,context_link
snap-642-010,The Boring Company,2a982c86dfd80cce0644b4065e6c34161fdffbfa5ee582402f7653e495198eb2,context_link
snap-642-011,The Boring Company,2a982c86dfd80cce0644b4065e6c34161fdffbfa5ee582402f7653e495198eb2,context_link
snap-642-012,The Boring Company,2a982c86dfd80cce0644b4065e6c34161fdffbfa5ee582402f7653e495198eb2,context_link
snap-642-013,The Boring Company,2a982c86dfd80cce0644b4065e6c34161fdffbfa5ee582402f7653e495198eb2,context_link
snap-642-014,The Boring Company,2a982c86dfd80cce0644b4065e6c34161fdffbfa5ee582402f7653e495198eb2,context_link
snap-643-000,The Electric Company,be6ce1aa413b0b99f60ffeee24c86ae2adf01954c86d119043590fa62f0782d7,entity_card
snap-643-001,The Electric Company,be6ce1aa413b0b99f60ffeee24c86ae2adf01954c86d119043590fa62f0782d7,context_link
snap-644-000,The New York Times,9290972b235fc1a69c28442c538371e5fe55e9cc7156aa3589fb3acf4c372648,entity_card
snap-644-001,The New York Times,9290972b235fc1a69c28442c538371e5fe55e9cc7156aa3589fb3acf4c372648,context_link
snap-644-002,The New York Times,9290972b235fc1a69c28442c538371e5fe55e9cc7156aa3589fb3acf4c372648,context_link
snap-644-003,The New York Times,9290972b235fc1a69c28442c538371e5fe55e9cc7156aa3589fb3acf4c372648,context_link
snap-644-004,The New York Times,9290972b235fc1a69c28442c538371e5fe55e9cc7156aa3589fb3acf4c372648,context_link
snap-645-000,The Wall Street Journal,b27b0c28de7c473fa7537ee1695782213566c4460fea07a79e68a48dae80c36e,entity_card
snap-645-001,The Wall Street Journal,b27b0c28de7c473fa7537ee1695782213566c4460fea07a79e68a48dae80c36e,context_link
snap-645-002,The Wall Street Journal,b27b0c28de7c473fa7537ee1695782213566c4460fea07a79e68a48dae80c36e,context_link
snap-645-003,The Wall Street Journal,b27b0c28de7c473fa7537ee1695782213566c4460fea07a79e68a48dae80c36e,context_link
snap-645-004,The Wall Street Journal,b27b0c28de7c473fa7537ee1695782213566c4460fea07a79e68a48dae80c36e,context_link
snap-645-005,The Wall Street Journal,b27b0c28de7c473fa7537ee1695782213566c4460fea07a79e68a48dae80c36e,context_link
snap-645-006,The Wall Street Journal,b27b0c28de7c473fa7537ee1695782213566c4460fea07a79e68a48dae80c36e,context_link
snap-645-007,The Wall Street Journal,b27b0c28de7c473fa7537ee1695782213566c4460fea07a79e68a48dae80c36e,context_link
snap-645-008,The Wall Street Journal,b27b0c28de7c473fa7537ee1695782213566c4460fea07a79e68a48dae80c36e,context_link
snap-645-009,The Wall Street Journal,b27b0c28de7c473fa7537ee1695782213566c4460fea07a79e68a48dae80c36e,context_link
snap-646-000,The Walt Disney Company,c930c14378e992df11b2042138939cc959e6a932ab19aa2678e821b659b0eed2,entity_card
snap-646-001,The Walt Disney Company,c930c14378e992df11b2042138939cc959e6a932ab19aa2678e821b659b0eed2,context_link
snap-646-002,The Walt Disney Company,c930c14378e992df11b2042138939cc959e6a932ab19aa2678e821b659b0eed2,context_link
snap-646-003,The Walt Disney Company,c930c14378e992df11b2042138939cc959e6a932ab19aa2678e821b659b0eed2,context_link
snap-646-004,The Walt Disney Company,c930c14378e992df11b2042138939cc959e6a932ab19aa2678e821b659b0eed2,context_link
snap-647-000,The Washington Post,f54e8024d8b10e457d96a57bfbeaef981c903da143efe11b5d68512a4835b6a0,entity_card
snap-647-001,The Washington Post,f54e8024d8b10e457d96a57bfbeaef981c903da143efe11b5d68512a4835b6a0,context_link
snap-647-002,The Washington Post,f54e8024d8b10e457d96a57bfbeaef981c903da143efe11b5d68512a4835b6a0,context_link
snap-647-003,The Washington Post,f54e8024d8b10e457d96a57bfbeaef981c903da143efe11b5d68512a4835b6a0,context_link
snap-647-004,The Washington Post,f54e8024d8b10e457d96a57bfbeaef981c903da143efe11b5d68512a4835b6a0,context_link
snap-647-005,The Washington Post,f54e8024d8b10e457d96a57bfbeaef981c903da143efe11b5d68512a4835b6a0,context_link
snap-647-006,The Washington Post,f54e8024d8b10e457d96a57bfbeaef981c903da143efe11b5d68512a4835b6a0,context_link
snap-647-007,The Washington Post,f54e8024d8b10e457d96a57bfbeaef981c903da143efe11b5d68512a4835b6a0,context_link
snap-647-008,The Washington Post,f54e8024d8b10e457d96a57bfbeaef981c903da143efe11b5d68512a4835b6a0,context_link
snap-648-000,They,e102d219f5cfc5bc145ed34f65a38de2e057cb1cd2bf38977675f4e91fa4b3d6,entity_card
snap-648-001,They,e102d219f5cfc5bc145ed34f65a38de2e057cb1cd2bf38977675f4e91fa4b3d6,context_link
snap-648-002,They,e102d219f5cfc5bc145ed34f65a38de2e057cb1cd2bf38977675f4e91fa4b3d6,context_link
snap-649-000,Thomas Carlyle,558770310bc936aa20671614246f2f150b9865ea7dbe3441c8d09bfc53455be5,entity_card
snap-649-001,Thomas Carlyle,558770310bc936aa20671614246f2f150b9865ea7dbe3441c8d09bfc53455be5,context_link
snap-649-002,Thomas Carlyle,558770310bc936aa20671614246f2f150b9865ea7dbe3441c8d09bfc53455be5,context_link
snap-650-000,Thomas Pink,683aadd87f276be0a015b54297e512d05fa8d355b79692c67e59901d1a02189a,entity_card
snap-650-001,Thomas Pink,683aadd87f276be0a015b54297e512d05fa8d355b79692c67e59901d1a02189a,context_link
snap-650-002,Thomas Pink,683aadd87f276be0a015b54297e512d05fa8d355b79692c67e59901d1a02189a,context_link
snap-650-003,Thomas Pink,683aadd87f276be0a015b54297e512d05fa8d355b79692c67e59901d1a02189a,context_link
snap-650-004,Thomas Pink,683aadd87f276be0a015b54297e512d05fa8d355b79692c67e59901d1a02189a,context_link
snap-650-005,Thomas Pink,683aadd87f276be0a015b54297e512d05fa8d355b79692c67e59901d1a02189a,context_link
snap-650-006,Thomas Pink,683aadd87f276be0a015b54297e512d05fa8d355b79692c67e59901d1a02189a,context_link
snap-650-007,Thomas Pink,683aadd87f276be0a015b54297e512d05fa8d355b79692c67e59901d1a02189a,context_link
snap-650-008,Thomas Pink,683aadd87f276be0a015b54297e512d05fa8d355b79692c67e59901d1a02189a,context_link
snap-651-000,Titan (rocket family),b8e2bf0ebd70ce001a887b1f0fee4ca3ea8b4af7333691464b20045f929ba2d2,entity_card
snap-651-001,Titan (rocket family),b8e2bf0ebd70ce001a887b1f0fee4ca3ea8b4af7333691464b20045f929ba2d2,context_link
snap-651-002,Titan (rocket family),b8e2bf0ebd70ce001a887b1f0fee4ca3ea8b4af7333691464b20045f929ba2d2,context_link
snap-651-003,Titan (rocket family),b8e2bf0ebd70ce001a887b1f0fee4ca3ea8b4af7333691464b20045f929ba2d2,context_link
snap-651-004,Titan (rocket family),b8e2bf0ebd70ce001a887b1f0fee4ca3ea8b4af7333691464b20045f929ba2d2,context_link
snap-651-005,Titan (rocket family),b8e2bf0ebd70ce001a887b1f0fee4ca3ea8b4af7333691464b20045f929ba2d2,context_link
snap-651-006,Titan (rocket family),b8e2bf0ebd70ce001a887b1f0fee4ca3ea8b4af7333691464b20045f929ba2d2,context_link
snap-652-000,Titan IV,952200ec7279b1f936f9bec8a7d7333e1ecb17f0799715c09716dc72d4930b00,entity_card
snap-652-001,Titan IV,952200ec7279b1f936f9bec8a7d7333e1ecb17f0799715c09716dc72d4930b00,context_link
snap-652-002,Titan IV,952200ec7279b1f936f9bec8a7d7333e1ecb17f0799715c09716dc72d4930b00,context_link
snap-652-003,Titan IV,952200ec7279b1f936f9bec8a7d7333e1ecb17f0799715c09716dc72d4930b00,context_link
snap-652-004,Titan IV,952200ec7279b1f936f9bec8a7d7333e1ecb17f0799715c09716dc72d4930b00,context_link
snap-652-005,Titan IV,952200ec7279b1f936f9bec8a7d7333e1ecb17f0799715c09716dc72d4930b00,context_link
snap-652-006,Titan IV,952200ec7279b1f936f9bec8a7d7333e1ecb17f0799715c09716dc72d4930b00,context_link
snap-652-007,Titan IV,952200ec7279b1f936f9bec8a7d7333e1ecb17f0799715c09716dc72d4930b00,context_link
snap-652-008,Titan IV,952200ec7279b1f936f9bec8a7d7333e1ecb17f0799715c09716dc72d4930b00,context_link
snap-652-009,Titan IV,952200ec7279b1f936f9bec8a7d7333e1ecb17f0799715c09716dc72d4930b00,context_link
snap-652-010,Titan IV,952200ec7279b1f936f9bec8a7d7333e1ecb17f0799715c09716dc72d4930b00,context_link
snap-653-000,Tom Mueller,2d47cf1d0d321bbf2dd577ce6ca3374c25e4a61cd13ee85026b07288f8b8400d,entity_card
snap-653-001,Tom Mueller,2d47cf1d0d321bbf2dd577ce6ca3374c25e4a61cd13ee85026b07288f8b8400d,context_link
snap-653-002,Tom Mueller,2d47cf1d0d321bbf2dd577ce6ca3374c25e4a61cd13ee85026b07288f8b8400d,context_link
snap-653-003,Tom Mueller,2d47cf1d0d321bbf2dd577ce6ca3374c25e4a61cd13ee85026b07288f8b8400d,context_link
snap-653-004,Tom Mueller,2d47cf1d0d321bbf2dd577ce6ca3374c25e4a61cd13ee85026b07288f8b8400d,context_link
snap-653-005,Tom Mueller,2d47cf1d0d321bbf2dd577ce6ca3374c25e4a61cd13ee85026b07288f8b8400d,context_link
snap-653-006,Tom Mueller,2d47cf1d0d321bbf2dd577ce6ca3374c25e4a61cd13ee85026b07288f8b8400d,context_link
snap-653-007,Tom Mueller,2d47cf1d0d321bbf2dd577ce6ca3374c25e4a61cd13ee85026b07288f8b8400d,context_link
snap-653-008,Tom Mueller,2d47cf1d0d321bbf2dd577ce6ca3374c25e4a61cd13ee85026b07288f8b8400d,context_link
snap-653-009,Tom Mueller,2d47cf1d0d321bbf2dd577ce6ca3374c25e4a61cd13ee85026b07288f8b8400d,context_link
snap-653-010,Tom Mueller,2d47cf1d0d321bbf2dd577ce6ca3374c25e4a61cd13ee85026b07288f8b8400d,context_link
snap-653-011,Tom Mueller,2d47cf1d0d321bbf2dd577ce6ca3374c25e4a61cd13ee85026b07288f8b8400d,context_link
snap-653-012,Tom Mueller,2d47cf1d0d321bbf2dd577ce6ca3374c25e4a61cd13ee85026b07288f8b8400d,context_link
snap-654-000,Tom Ognibene,c96d5fa9b33edbac3b0989c9b6eb83531894d41188e021ea9ccc26f5a4734166,entity_card
snap-654-001,Tom Ognibene,c96d5fa9b33edbac3b0989c9b6eb83531894d41188e021ea9ccc26f5a4734166,context_link
snap-654-002,Tom Ognibene,c96d5fa9b33edbac3b0989c9b6eb83531894d41188e021ea9ccc26f5a4734166,context_link
snap-654-003,Tom Ognibene,c96d5fa9b33edbac3b0989c9b6eb83531894d41188e021ea9ccc26f5a4734166,context_link
snap-654-004,Tom Ognibene,c96d5fa9b33edbac3b0989c9b6eb83531894d41188e021ea9ccc26f5a4734166,context_link
snap-654-005,Tom Ognibene,c96d5fa9b33edbac3b0989c9b6eb83531894d41188e021ea9ccc26f5a4734166,context_link
snap-654-006,Tom Ognibene,c96d5fa9b33edbac3b0989c9b6eb83531894d41188e021ea9ccc26f5a4734166,context_link
snap-654-007,Tom Ognibene,c96d5fa9b33edbac3b0989c9b6eb83531894d41188e021ea9ccc26f5a4734166,context_link
snap-655-000,Tom Wheeler,393508ae9067b4422bce7446ce214d96ad49e280f63be871db4a45dc6bc2693c,entity_card
snap-655-001,Tom Wheeler,393508ae9067b4422bce7446ce214d96ad49e280f63be871db4a45dc6bc2693c,context_link
snap-655-002,Tom Wheeler,393508ae9067b4422bce7446ce214d96ad49e280f63be871db4a45dc6bc2693c,context_link
snap-655-003,Tom Wheeler,393508ae9067b4422bce7446ce214d96ad49e280f63be871db4a45dc6bc2693c,context_link
snap-655-004,Tom Wheeler,393508ae9067b4422bce7446ce214d96ad49e280f63be871db4a45dc6bc2693c,context_link
snap-655-005,Tom Wheeler,393508ae9067b4422bce7446ce214d96ad49e280f63be871db4a45dc6bc2693c,context_link
snap-655-006,Tom Wheeler,393508ae9067b4422bce7446ce214d96ad49e280f63be871db4a45dc6bc2693c,context_link
snap-655-007,Tom Wheeler,393508ae9067b4422bce7446ce214d96ad49e280f63be871db4a45dc6bc2693c,context_link
snap-655-008,Tom Wheeler,393508ae9067b4422bce7446ce214d96ad49e280f63be871db4a45dc6bc2693c,context_link
snap-655-009,Tom Wheeler,393508ae9067b4422bce7446ce214d96ad49e280f63be871db4a45dc6bc2693c,context_link
snap-655-010,Tom Wheeler,393508ae9067b4422bce7446ce214d96ad49e280f63be871db4a45dc6bc2693c,context_link
snap-656-000,Town hall,b8cdd9efd9b0fd044509d26ebb79e979f784c3a9ca8ce685611276f84bbea774,entity_card
snap-656-001,Town hall,b8cdd9efd9b0fd044509d26ebb79e979f784c3a9ca8ce685611276f84bbea774,context_link
snap-656-002,Town hall,b8cdd9efd9b0fd044509d26ebb79e979f784c3a9ca8ce685611276f84bbea774,context_link
snap-656-003,Town hall,b8cdd9efd9b0fd044509d26ebb79e979f784c3a9ca8ce685611276f84bbea774,context_link
snap-657-000,Tunnel,079c66063a9132fd41937b2530d059448e03554838d5dd12f721c003b5052b16,entity_card
snap-657-001,Tunnel,079c66063a9132fd41937b2530d059448e03554838d5dd12f721c003b5052b16,context_link
snap-657-002,Tunnel,079c66063a9132fd41937b2530d059448e03554838d5dd12f721c003b5052b16,context_link
snap-657-003,Tunnel,079c66063a9132fd41937b2530d059448e03554838d5dd12f721c003b5052b16,context_link
snap-657-004,Tunnel,079c66063a9132fd41937b2530d059448e03554838d5dd12f721c003b5052b16,context_link
snap-657-005,Tunnel,079c66063a9132fd41937b2530d059448e03554838d5dd12f721c003b5052b16,context_link
snap-658-000,"Twitter, Inc.",92819d9b1e855f27b256eb023c2d7a8f604a3d5cd40737c6374eafeb0b43d27f,entity_card
snap-658-001,"Twitter, Inc.",92819d9b1e855f27b256eb023c2d7a8f604a3d5cd40737c6374eafeb0b43d27f,context_link
snap-658-002,"Twitter, Inc.",92819d9b1e855f27b256eb023c2d7a8f604a3d5cd40737c6374eafeb0b43d27f,context_link
snap-658-003,"Twitter, Inc.",92819d9b1e855f27b256eb023c2d7a8f604a3d5cd40737c6374eafeb0b43d27f,context_link
snap-658-004,"Twitter, Inc.",92819d9b1e855f27b256eb023c2d7a8f604a3d5cd40737c6374eafeb0b43d27f,context_link
snap-658-005,"Twitter, Inc.",92819d9b1e855f27b256eb023c2d7a8f604a3d5cd40737c6374eafeb0b43d27f,context_link
snap-658-006,"Twitter, Inc.",92819d9b1e855f27b256eb023c2d7a8f604a3d5cd40737c6374eafeb0b43d27f,context_link
snap-658-007,"Twitter, Inc.",92819d9b1e855f27b256eb023c2d7a8f604a3d5cd40737c6374eafeb0b43d27f,context_link
snap-658-008,"Twitter, Inc.",92819d9b1e855f27b256eb023c2d7a8f604a3d5cd40737c6374eafeb0b43d27f,context_link
snap-658-009,"Twitter, Inc.",92819d9b1e855f27b256eb023c2d7a8f604a3d5cd40737c6374eafeb0b43d27f,context_link
snap-658-010,"Twitter, Inc.",92819d9b1e855f27b256eb023c2d7a8f604a3d5cd40737c6374eafeb0b43d27f,context_link
snap-658-011,"Twitter, Inc.",92819d9b1e855f27b256eb023c2d7a8f604a3d5cd40737c6374eafeb0b43d27f,context_link
snap-659-000,UAL Corporation,29d6acba922838a7116aa4863cf3a559127c9c26a65347f0fae2ff0151ce754c,entity_card
snap-659-001,UAL Corporation,29d6acba922838a7116aa4863cf3a559127c9c26a65347f0fae2ff0151ce754c,context_link
snap-659-002,UAL Corporation,29d6acba922838a7116aa4863cf3a559127c9c26a65347f0fae2ff0151ce754c,context_link
snap-659-003,UAL Corporation,29d6acba922838a7116aa4863cf3a559127c9c26a65347f0fae2ff0151ce754c,context_link
snap-659-004,UAL Corporation,29d6acba922838a7116aa4863cf3a559127c9c26a65347f0fae2ff0151ce754c,context_link
snap-659-005,UAL Corporation,29d6acba922838a7116aa4863cf3a559127c9c26a65347f0fae2ff0151ce754c,context_link
snap-659-006,UAL Corporation,29d6acba922838a7116aa4863cf3a559127c9c26a65347f0fae2ff0151ce754c,context_link
snap-659-007,UAL Corporation,29d6acba922838a7116aa4863cf3a559127c9c26a65347f0fae2ff0151ce754c,context_link
snap-659-008,UAL Corporation,29d6acba922838a7116aa4863cf3a559127c9c26a65347f0fae2ff0151ce754c,context_link
snap-659-009,UAL Corporation,29d6acba922838a7116aa4863cf3a559127c9c26a65347f0fae2ff0151ce754c,context_link
snap-659-010,UAL Corporation,29d6acba922838a7116aa4863cf3a559127c9c26a65347f0fae2ff0151ce754c,context_link
snap-659-011,UAL Corporation,29d6acba922838a7116aa4863cf3a559127c9c26a65347f0fae2ff0151ce754c,context_link
snap-659-012,UAL Corporation,29d6acba922838a7116aa4863cf3a559127c9c26a65347f0fae2ff0151ce754c,context_link
snap-659-013,UAL Corporation,29d6acba922838a7116aa4863cf3a559127c9c26a65347f0fae2ff0151ce754c,context_link
snap-659-014,UAL Corporation,29d6acba922838a7116aa4863cf3a559127c9c26a65347f0fae2ff0151ce754c,context_link
snap-659-015,UAL Corporation,29d6acba922838a7116aa4863cf3a559127c9c26a65347f0fae2ff0151ce754c,context_link
snap-659-016,UAL Corporation,29d6acba922838a7116aa4863cf3a559127c9c26a65347f0fae2ff0151ce754c,context_link
snap-660-000,USS Amazon,502d7d9eefe4095a2171d4ad341ee46b074bce556d31ab51d7d962a0ee80d175,entity_card
snap-660-001,USS Amazon,502d7d9eefe4095a2171d4ad341ee46b074bce556d31ab51d7d962a0ee80d175,context_link
snap-660-002,USS Amazon,502d7d9eefe4095a2171d4ad341ee46b074bce556d31ab51d7d962a0ee80d175,context_link
snap-660-003,USS Amazon,502d7d9eefe4095a2171d4ad341ee46b074bce556d31ab51d7d962a0ee80d175,context_link
snap-660-004,USS Amazon,502d7d9eefe4095a2171d4ad341ee46b074bce556d31ab51d7d962a0ee80d175,context_link
snap-660-005,USS Amazon,502d7d9eefe4095a2171d4ad341ee46b074bce556d31ab51d7d962a0ee80d175,context_link
snap-661-000,US Airways,30c9fa329fdcc66c03e3a5052979e89d7e8ba2ba1faf536bb51fb337ddfd7c1e,entity_card
snap-661-001,US Airways,30c9fa329fdcc66c03e3a5052979e89d7e8ba2ba1faf536bb51fb337ddfd7c1e,context_link
snap-661-002,US Airways,30c9fa329fdcc66c03e3a5052979e89d7e8ba2ba1faf536bb51fb337ddfd7c1e,context_link
snap-661-003,US Airways,30c9fa329fdcc66c03e3a5052979e89d7e8ba2ba1faf536bb51fb337ddfd7c1e,context_link
snap-661-004,US Airways,30c9fa329fdcc66c03e3a5052979e89d7e8ba2ba1faf536bb51fb337ddfd7c1e,context_link
snap-661-005,US Airways,30c9fa329fdcc66c03e3a5052979e89d7e8ba2ba1faf536bb51fb337ddfd7c1e,context_link
snap-661-006,US Airways,30c9fa329fdcc66c03e3a5052979e89d7e8ba2ba1faf536bb51fb337ddfd7c1e,context_link
snap-662-000,US Orbital Segment,aa15a983b0f52432ec8d703a0fa2f6144285e24ba382731cc20d820e531a6e20,entity_card
snap-662-001,US Orbital Segment,aa15a983b0f52432ec8d703a0fa2f6144285e24ba382731cc20d820e531a6e20,context_link
snap-662-002,US Orbital Segment,aa15a983b0f52432ec8d703a0fa2f6144285e24ba382731cc20d820e531a6e20,context_link
snap-662-003,US Orbital Segment,aa15a983b0f52432ec8d703a0fa2f6144285e24ba382731cc20d820e531a6e20,context_link
snap-662-004,US Orbital Segment,aa15a983b0f52432ec8d703a0fa2f6144285e24ba382731cc20d820e531a6e20,context_link
snap-662-005,US Orbital Segment,aa15a983b0f52432ec8d703a0fa2f6144285e24ba382731cc20d820e531a6e20,context_link
snap-662-006,US Orbital Segment,aa15a983b0f52432ec8d703a0fa2f6144285e24ba382731cc20d820e531a6e20,context_link
snap-662-007,US Orbital Segment,aa15a983b0f52432ec8d703a0fa2f6144285e24ba382731cc20d820e531a6e20,context_link
snap-662-008,US Orbital Segment,aa15a983b0f52432ec8d703a0fa2f6144285e24ba382731cc20d820e531a6e20,context_link
snap-662-009,US Orbital Segment,aa15a983b0f52432ec8d703a0fa2f6144285e24ba382731cc20d820e531a6e20,context_link
snap-663-000,UTC Aerospace Systems,9e37dcaa44dc5bf51e8916422df635a5d6b856cc4e76e9327704cb41b79f9e28,entity_card
snap-663-001,UTC Aerospace Systems,9e37dcaa44dc5bf51e8916422df635a5d6b856cc4e76e9327704cb41b79f9e28,context_link
snap-663-002,UTC Aerospace Systems,9e37dcaa44dc5bf51e8916422df635a5d6b856cc4e76e9327704cb41b79f9e28,context_link
snap-663-003,UTC Aerospace Systems,9e37dcaa44dc5bf51e8916422df635a5d6b856cc4e76e9327704cb41b79f9e28,context_link
snap-663-004,UTC Aerospace Systems,9e37dcaa44dc5bf51e8916422df635a5d6b856cc4e76e9327704cb41b79f9e28,context_link
snap-663-005,UTC Aerospace Systems,9e37dcaa44dc5bf51e8916422df635a5d6b856cc4e76e9327704cb41b79f9e28,context_link
snap-663-006,UTC Aerospace Systems,9e37dcaa44dc5bf51e8916422df635a5d6b856cc4e76e9327704cb41b79f9e28,context_link
snap-663-007,UTC Aerospace Systems,9e37dcaa44dc5bf51e8916422df635a5d6b856cc4e76e9327704cb41b79f9e28,context_link
snap-663-008,UTC Aerospace Systems,9e37dcaa44dc5bf51e8916422df635a5d6b856cc4e76e9327704cb41b79f9e28,context_link
snap-663-009,UTC Aerospace Systems,9e37dcaa44dc5bf51e8916422df635a5d6b856cc4e76e9327704cb41b79f9e28,context_link
snap-663-010,UTC Aerospace Systems,9e37dcaa44dc5bf51e8916422df635a5d6b856cc4e76e9327704cb41b79f9e28,context_link
snap-663-011,UTC Aerospace Systems,9e37dcaa44dc5bf51e8916422df635a5d6b856cc4e76e9327704cb41b79f9e28,context_link
snap-663-012,UTC Aerospace Systems,9e37dcaa44dc5bf51e8916422df635a5d6b856cc4e76e9327704cb41b79f9e28,context_link
snap-664-000,Ulrike Malmendier,3bf74f5086b0d82eb2898dbf545e09b036759a616efa75485f3019b9eef4a4c6,entity_card
snap-664-001,Ulrike Malmendier,3bf74f5086b0d82eb2898dbf545e09b036759a616efa75485f3019b9eef4a4c6,context_link
snap-664-002,Ulrike Malmendier,3bf74f5086b0d82eb2898dbf545e09b036759a616efa75485f3019b9eef4a4c6,context_link
snap-664-003,Ulrike Malmendier,3bf74f5086b0d82eb2898dbf545e09b036759a616efa75485f3019b9eef4a4c6,context_link
snap-664-004,Ulrike Malmendier,3bf74f5086b0d82eb2898dbf545e09b036759a616efa75485f3019b9eef4a4c6,context_link
snap-664-005,Ulrike Malmendier,3bf74f5086b0d82eb2898dbf545e09b036759a616efa75485f3019b9eef4a4c6,context_link
snap-664-006,Ulrike Malmendier,3bf74f5086b0d82eb2898dbf545e09b036759a616efa75485f3019b9eef4a4c6,context_link
snap-664-007,Ulrike Malmendier,3bf74f5086b0d82eb2898dbf545e09b036759a616efa75485f3019b9eef4a4c6,context_link
snap-664-008,Ulrike Malmendier,3bf74f5086b0d82eb2898dbf545e09b036759a616efa75485f3019b9eef4a4c6,context_link
snap-664-009,Ulrike Malmendier,3bf74f5086b0d82eb2898dbf545e09b036759a616efa75485f3019b9eef4a4c6,context_link
snap-664-010,Ulrike Malmendier,3bf74f5086b0d82eb2898dbf545e09b036759a616efa75485f3019b9eef4a4c6,context_link
snap-665-000,United Aircraft Corporation,16485cd7f23a7974dcfce2945e46aa350e74106bb9f5e0130dce4dcb9c8c2609,entity_card
snap-665-001,United Aircraft Corporation,16485cd7f23a7974dcfce2945e46aa350e74106bb9f5e0130dce4dcb9c8c2609,context_link
snap-665-002,United Aircraft Corporation,16485cd7f23a7974dcfce2945e46aa350e74106bb9f5e0130dce4dcb9c8c2609,context_link
snap-665-003,United Aircraft Corporation,16485cd7f23a7974dcfce2945e46aa350e74106bb9f5e0130dce4dcb9c8c2609,context_link
snap-665-004,United Aircraft Corporation,16485cd7f23a7974dcfce2945e46aa350e74106bb9f5e0130dce4dcb9c8c2609,context_link
snap-665-005,United Aircraft Corporation,16485cd7f23a7974dcfce2945e46aa350e74106bb9f5e0130dce4dcb9c8c2609,context_link
snap-665-006,United Aircraft Corporation,16485cd7f23a7974dcfce2945e46aa350e74106bb9f5e0130dce4dcb9c8c2609,context_link
snap-665-007,United Aircraft Corporation,16485cd7f23a7974dcfce2945e46aa350e74106bb9f5e0130dce4dcb9c8c2609,context_link
snap-665-008,United Aircraft Corporation,16485cd7f23a7974dcfce2945e46aa350e74106bb9f5e0130dce4dcb9c8c2609,context_link
snap-666-000,United Arab Emirates,6598903f5c29a825662fa9415145cbbcb1e4699f81aea0bc725bbdd31906345f,entity_card
snap-666-001,United Arab Emirates,6598903f5c29a825662fa9415145cbbcb1e4699f81aea0bc725bbdd31906345f,context_link
snap-667-000,United Kingdom,c0dd3b59f3b3818e538e6be05f18a18419eced3dd111f47b792110003e027aa4,entity_card
snap-667-001,United Kingdom,c0dd3b59f3b3818e538e6be05f18a18419eced3dd111f47b792110003e027aa4,context_link
snap-667-002,United Kingdom,c0dd3b59f3b3818e538e6be05f18a18419eced3dd111f47b792110003e027aa4,context_link
snap-668-000,United Launch Alliance,8f28b8e294b2718544a93e592ec28faccb43d71491df437cc60d06f933ca60ff,entity_card
snap-668-001,United Launch Alliance,8f28b8e294b2718544a93e592ec28faccb43d71491df437cc60d06f933ca60ff,context_link
snap-668-002,United Launch Alliance,8f28b8e294b2718544a93e592ec28faccb43d71491df437cc60d06f933ca60ff,context_link
snap-668-003,United Launch Alliance,8f28b8e294b2718544a93e592ec28faccb43d71491df437cc60d06f933ca60ff,context_link
snap-668-004,United Launch Alliance,8f28b8e294b2718544a93e592ec28faccb43d71491df437cc60d06f933ca60ff,context_link
snap-668-005,United Launch Alliance,8f28b8e294b2718544a93e592ec28faccb43d71491df437cc60d06f933ca60ff,context_link
snap-668-006,United Launch Alliance,8f28b8e294b2718544a93e592ec28faccb43d71491df437cc60d06f933ca60ff,context_link
snap-668-007,United Launch Alliance,8f28b8e294b2718544a93e592ec28faccb43d71491df437cc60d06f933ca60ff,context_link
snap-668-008,United Launch Alliance,8f28b8e294b2718544a93e592ec28faccb43d71491df437cc60d06f933ca60ff,context_link
snap-668-009,United Launch Alliance,8f28b8e294b2718544a93e592ec28faccb43d71491df437cc60d06f933ca60ff,context_link
snap-668-010,United Launch Alliance,8f28b8e294b2718544a93e592ec28faccb43d71491df437cc60d06f933ca60ff,context_link
snap-668-011,United Launch Alliance,8f28b8e294b2718544a93e592ec28faccb43d71491df437cc60d06f933ca60ff,context_link
snap-668-012,United Launch Alliance,8f28b8e294b2718544a93e592ec28faccb43d71491df437cc60d06f933ca60ff,context_link
snap-668-013,United Launch Alliance,8f28b8e294b2718544a93e592ec28faccb43d71491df437cc60d06f933ca60ff,context_link
snap-669-000,United Nations,390c1734e2708b2b479ba3e5363c50596b70c84f0a86f5d8691c3e6bbeb8fd01,entity_card
snap-669-001,United Nations,390c1734e2708b2b479ba3e5363c50596b70c84f0a86f5d8691c3e6bbeb8fd01,context_link
snap-669-002,United Nations,390c1734e2708b2b479ba3e5363c50596b70c84f0a86f5d8691c3e6bbeb8fd01,context_link
snap-669-003,United Nations,390c1734e2708b2b479ba3e5363c50596b70c84f0a86f5d8691c3e6bbeb8fd01,context_link
snap-669-004,United Nations,390c1734e2708b2b479ba3e5363c50596b70c84f0a86f5d8691c3e6bbeb8fd01,context_link
snap-669-005,United Nations,390c1734e2708b2b479ba3e5363c50596b70c84f0a86f5d8691c3e6bbeb8fd01,context_link
snap-669-006,United Nations,390c1734e2708b2b479ba3e5363c50596b70c84f0a86f5d8691c3e6bbeb8fd01,context_link
snap-669-007,United Nations,390c1734e2708b2b479ba3e5363c50596b70c84f0a86f5d8691c3e6bbeb8fd01,context_link
snap-669-008,United Nations,390c1734e2708b2b479ba3e5363c50596b70c84f0a86f5d8691c3e6bbeb8fd01,context_link
snap-669-009,United Nations,390c1734e2708b2b479ba3e5363c50596b70c84f0a86f5d8691c3e6bbeb8fd01,context_link
snap-670-000,United States Air Force,471abb4b5bd4a1f5f970c6418c19530442c2499ff104c30455506f3bde56dc21,entity_card
snap-670-001,United States Air Force,471abb4b5bd4a1f5f970c6418c19530442c2499ff104c30455506f3bde56dc21,context_link
snap-670-002,United States Air Force,471abb4b5bd4a1f5f970c6418c19530442c2499ff104c30455506f3bde56dc21,context_link
snap-670-003,United States Air Force,471abb4b5bd4a1f5f970c6418c19530442c2499ff104c30455506f3bde56dc21,context_link
snap-671-000,United States Army,cea522038aaec6a950d3fb3950b865b1f4ae2287cc3a1da057b242365e1fec07,entity_card
snap-671-001,United States Army,cea522038aaec6a950d3fb3950b865b1f4ae2287cc3a1da057b242365e1fec07,context_link
snap-671-002,United States Army,cea522038aaec6a950d3fb3950b865b1f4ae2287cc3a1da057b242365e1fec07,context_link
snap-671-003,United States Army,cea522038aaec6a950d3fb3950b865b1f4ae2287cc3a1da057b242365e1fec07,context_link
snap-671-004,United States Army,cea522038aaec6a950d3fb3950b865b1f4ae2287cc3a1da057b242365e1fec07,context_link
snap-672-000,United States Atomic Energy Commission,3c2127239ddbc2e42cd7314a6e8aa526c7459f7ffc2c525293dbba92b18c429b,entity_card
snap-672-001,United States Atomic Energy Commission,3c2127239ddbc2e42cd7314a6e8aa526c7459f7ffc2c525293dbba92b18c429b,context_link
snap-672-002,United States Atomic Energy Commission,3c2127239ddbc2e42cd7314a6e8aa526c7459f7ffc2c525293dbba92b18c429b,context_link
snap-672-003,United States Atomic Energy Commission,3c2127239ddbc2e42cd7314a6e8aa526c7459f7ffc2c525293dbba92b18c429b,context_link
snap-672-004,United States Atomic Energy Commission,3c2127239ddbc2e42cd7314a6e8aa526c7459f7ffc2c525293dbba92b18c429b,context_link
snap-672-005,United States Atomic Energy Commission,3c2127239ddbc2e42cd7314a6e8aa526c7459f7ffc2c525293dbba92b18c429b,context_link
snap-672-006,United States Atomic Energy Commission,3c2127239ddbc2e42cd7314a6e8aa526c7459f7ffc2c525293dbba92b18c429b,context_link
snap-672-007,United States Atomic Energy Commission,3c2127239ddbc2e42cd7314a6e8aa526c7459f7ffc2c525293dbba92b18c429b,context_link
snap-672-008,United States Atomic Energy Commission,3c2127239ddbc2e42cd7314a6e8aa526c7459f7ffc2c525293dbba92b18c429b,context_link
snap-672-009,United States Atomic Energy Commission,3c2127239ddbc2e42cd7314a6e8aa526c7459f7ffc2c525293dbba92b18c429b,context_link
snap-672-010,United States Atomic Energy Commission,3c2127239ddbc2e42cd7314a6e8aa526c7459f7ffc2c525293dbba92b18c429b,context_link
snap-673-000,United States Government Accountability Office,dc56c5825dd6bfc30818cc647b42f34edf28373fcc32ffe459b134bc18a72d9a,entity_card
snap-673-001,United States Government Accountability Office,dc56c5825dd6bfc30818cc647b42f34edf28373fcc32ffe459b134bc18a72d9a,context_link
snap-674-000,United States Navy,2060e7ac2c138d02c527bde556fdbba4756c725beac5f987245afdeb2c681704,entity_card
snap-674-001,United States Navy,2060e7ac2c138d02c527bde556fdbba4756c725beac5f987245afdeb2c681704,context_link
snap-674-002,United States Navy,2060e7ac2c138d02c527bde556fdbba4756c725beac5f987245afdeb2c681704,context_link
snap-674-003,United States Navy,2060e7ac2c138d02c527bde556fdbba4756c725beac5f987245afdeb2c681704,context_link
snap-675-000,United States district court,b9853781eae53cb0339d2a02942eb756ad79eac388179bae7ed381d04f345066,entity_card
snap-676-000,United States federal executive departments,23c0c125a1c443dcc1cb1b63cb24fe80cfa0b7ff59fa8e38571b45527b86bcd1,entity_card
snap-676-001,United States federal executive departments,23c0c125a1c443dcc1cb1b63cb24fe80cfa0b7ff59fa8e38571b45527b86bcd1,context_link
snap-676-002,United States federal executive departments,23c0c125a1c443dcc1cb1b63cb24fe80cfa0b7ff59fa8e38571b45527b86bcd1,context_link
snap-677-000,United Technologies,3bc48363b4019c5c0a11bbce9e2f500dafccd29f470e3e30d355f278eebf1d94,entity_card
snap-677-001,United Technologies,3bc48363b4019c5c0a11bbce9e2f500dafccd29f470e3e30d355f278eebf1d94,context_link
snap-677-002,United Technologies,3bc48363b4019c5c0a11bbce9e2f500dafccd29f470e3e30d355f278eebf1d94,context_link
snap-677-003,United Technologies,3bc48363b4019c5c0a11bbce9e2f500dafccd29f470e3e30d355f278eebf1d94,context_link
snap-677-004,United Technologies,3bc48363b4019c5c0a11bbce9e2f500dafccd29f470e3e30d355f278eebf1d94,context_link
snap-677-005,United Technologies,3bc48363b4019c5c0a11bbce9e2f500dafccd29f470e3e30d355f278eebf1d94,context_link
snap-677-006,United Technologies,3bc48363b4019c5c0a11bbce9e2f500dafccd29f470e3e30d355f278eebf1d94,context_link
snap-677-007,United Technologies,3bc48363b4019c5c0a11bbce9e2f500dafccd29f470e3e30d355f278eebf1d94,context_link
snap-677-008,United Technologies,3bc48363b4019c5c0a11bbce9e2f500dafccd29f470e3e30d355f278eebf1d94,context_link
snap-677-009,United Technologies,3bc48363b4019c5c0a11bbce9e2f500dafccd29f470e3e30d355f278eebf1d94,context_link
snap-678-000,University,3413a8c798bbcc5581dc21cbd3eb72d13da177e128b8a595ffdf32795dff69dc,entity_card
snap-678-001,University,3413a8c798bbcc5581dc21cbd3eb72d13da177e128b8a595ffdf32795dff69dc,context_link
snap-678-002,University,3413a8c798bbcc5581dc21cbd3eb72d13da177e128b8a595ffdf32795dff69dc,context_link
snap-678-003,University,3413a8c798bbcc5581dc21cbd3eb72d13da177e128b8a595ffdf32795dff69dc,context_link
snap-678-004,University,3413a8c798bbcc5581dc21cbd3eb72d13da177e128b8a595ffdf32795dff69dc,context_link
snap-678-005,University,3413a8c798bbcc5581dc21cbd3eb72d13da177e128b8a595ffdf32795dff69dc,context_link
snap-678-006,University,3413a8c798bbcc5581dc21cbd3eb72d13da177e128b8a595ffdf32795dff69dc,context_link
snap-679-000,"University of California, Davis",d1cae54475078e1f78628ebcb1c06c09e8c247dd2043ed4f47e7b2b5f4156f54,entity_card
snap-679-001,"University of California, Davis",d1cae54475078e1f78628ebcb1c06c09e8c247dd2043ed4f47e7b2b5f4156f54,context_link
snap-679-002,"University of California, Davis",d1cae54475078e1f78628ebcb1c06c09e8c247dd2043ed4f47e7b2b5f4156f54,context_link
snap-679-003,"University of California, Davis",d1cae54475078e1f78628ebcb1c06c09e8c247dd2043ed4f47e7b2b5f4156f54,context_link
snap-680-000,Vandenberg Space Force Base,ab68b62709f65cfd9ff61793df0fd05f44617591f472fdba62f894cfe47b767b,entity_card
snap-680-001,Vandenberg Space Force Base,ab68b62709f65cfd9ff61793df0fd05f44617591f472fdba62f894cfe47b767b,context_link
snap-680-002,Vandenberg Space Force Base,ab68b62709f65cfd9ff61793df0fd05f44617591f472fdba62f894cfe47b767b,context_link
snap-680-003,Vandenberg Space Force Base,ab68b62709f65cfd9ff61793df0fd05f44617591f472fdba62f894cfe47b767b,context_link
snap-680-004,Vandenberg Space Force Base,ab68b62709f65cfd9ff61793df0fd05f44617591f472fdba62f894cfe47b767b,context_link
snap-680-005,Vandenberg Space Force Base,ab68b62709f65cfd9ff61793df0fd05f44617591f472fdba62f894cfe47b767b,context_link
snap-680-006,Vandenberg Space Force Base,ab68b62709f65cfd9ff61793df0fd05f44617591f472fdba62f894cfe47b767b,context_link
snap-680-007,Vandenberg Space Force Base,ab68b62709f65cfd9ff61793df0fd05f44617591f472fdba62f894cfe47b767b,context_link
snap-680-008,Vandenberg Space Force Base,ab68b62709f65cfd9ff61793df0fd05f44617591f472fdba62f894cfe47b767b,context_link
snap-680-009,Vandenberg Space Force Base,ab68b62709f65cfd9ff61793df0fd05f44617591f472fdba62f894cfe47b767b,context_link
snap-680-010,Vandenberg Space Force Base,ab68b62709f65cfd9ff61793df0fd05f44617591f472fdba62f894cfe47b767b,context_link
snap-680-011,Vandenberg Space Force Base,ab68b62709f65cfd9ff61793df0fd05f44617591f472fdba62f894cfe47b767b,context_link
snap-681-000,Vector Launch,5f3f3e075c0ee156f0fdb430d98952baed08df35aba5be4d99d3dd81b7b33568,entity_card
snap-681-001,Vector Launch,5f3f3e075c0ee156f0fdb430d98952baed08df35aba5be4d99d3dd81b7b33568,context_link
snap-681-002,Vector Launch,5f3f3e075c0ee156f0fdb430d98952baed08df35aba5be4d99d3dd81b7b33568,context_link
snap-681-003,Vector Launch,5f3f3e075c0ee156f0fdb430d98952baed08df35aba5be4d99d3dd81b7b33568,context_link
snap-681-004,Vector Launch,5f3f3e075c0ee156f0fdb430d98952baed08df35aba5be4d99d3dd81b7b33568,context_link
snap-681-005,Vector Launch,5f3f3e075c0ee156f0fdb430d98952baed08df35aba5be4d99d3dd81b7b33568,context_link
snap-681-006,Vector Launch,5f3f3e075c0ee156f0fdb430d98952baed08df35aba5be4d99d3dd81b7b33568,context_link
snap-681-007,Vector Launch,5f3f3e075c0ee156f0fdb430d98952baed08df35aba5be4d99d3dd81b7b33568,context_link
snap-681-008,Vector Launch,5f3f3e075c0ee156f0fdb430d98952baed08df35aba5be4d99d3dd81b7b33568,context_link
snap-681-009,Vector Launch,5f3f3e075c0ee156f0fdb430d98952baed08df35aba5be4d99d3dd81b7b33568,context_link
snap-681-010,Vector Launch,5f3f3e075c0ee156f0fdb430d98952baed08df35aba5be4d99d3dd81b7b33568,context_link
snap-681-011,Vector Launch,5f3f3e075c0ee156f0fdb430d98952baed08df35aba5be4d99d3dd81b7b33568,context_link
snap-681-012,Vector Launch,5f3f3e075c0ee156f0fdb430d98952baed08df35aba5be4d99d3dd81b7b33568,context_link
snap-681-013,Vector Launch,5f3f3e075c0ee156f0fdb430d98952baed08df35aba5be4d99d3dd81b7b33568,context_link
snap-681-014,Vector Launch,5f3f3e075c0ee156f0fdb430d98952baed08df35aba5be4d99d3dd81b7b33568,context_link
snap-681-015,Vector Launch,5f3f3e075c0ee156f0fdb430d98952baed08df35aba5be4d99d3dd81b7b33568,context_link
snap-681-016,Vector Launch,5f3f3e075c0ee156f0fdb430d98952baed08df35aba5be4d99d3dd81b7b33568,context_link
snap-681-017,Vector Launch,5f3f3e075c0ee156f0fdb430d98952baed08df35aba5be4d99d3dd81b7b33568,context_link
snap-681-018,Vector Launch,5f3f3e075c0ee156f0fdb430d98952baed08df35aba5be4d99d3dd81b7b33568,context_link
snap-682-000,Vehicle,4385d02f7e0ce62a695fd96d724c795099e14c51bdbb09b78a5b3a938f0be0a9,entity_card
snap-682-001,Vehicle,4385d02f7e0ce62a695fd96d724c795099e14c51bdbb09b78a5b3a938f0be0a9,context_link
snap-682-002,Vehicle,4385d02f7e0ce62a695fd96d724c795099e14c51bdbb09b78a5b3a938f0be0a9,context_link
snap-682-003,Vehicle,4385d02f7e0ce62a695fd96d724c795099e14c51bdbb09b78a5b3a938f0be0a9,context_link
snap-682-004,Vehicle,4385d02f7e0ce62a695fd96d724c795099e14c51bdbb09b78a5b3a938f0be0a9,context_link
snap-682-005,Vehicle,4385d02f7e0ce62a695fd96d724c795099e14c51bdbb09b78a5b3a938f0be0a9,context_link
snap-682-006,Vehicle,4385d02f7e0ce62a695fd96d724c795099e14c51bdbb09b78a5b3a938f0be0a9,context_link
snap-682-007,Vehicle,4385d02f7e0ce62a695fd96d724c795099e14c51bdbb09b78a5b3a938f0be0a9,context_link
snap-682-008,Vehicle,4385d02f7e0ce62a695fd96d724c795099e14c51bdbb09b78a5b3a938f0be0a9,context_link
snap-682-009,Vehicle,4385d02f7e0ce62a695fd96d724c795099e14c51bdbb09b78a5b3a938f0be0a9,context_link
snap-682-010,Vehicle,4385d02f7e0ce62a695fd96d724c795099e14c51bdbb09b78a5b3a938f0be0a9,context_link
snap-683-000,Vehicle Assembly Building,62affa26a64057d26f824a651db4232e14d3fcd6bde5b9dd3a1b4437a74c6d1d,entity_card
snap-683-001,Vehicle Assembly Building,62affa26a64057d26f824a651db4232e14d3fcd6bde5b9dd3a1b4437a74c6d1d,context_link
snap-683-002,Vehicle Assembly Building,62affa26a64057d26f824a651db4232e14d3fcd6bde5b9dd3a1b4437a74c6d1d,context_link
snap-683-003,Vehicle Assembly Building,62affa26a64057d26f824a651db4232e14d3fcd6bde5b9dd3a1b4437a74c6d1d,context_link
snap-683-004,Vehicle Assembly Building,62affa26a64057d26f824a651db4232e14d3fcd6bde5b9dd3a1b4437a74c6d1d,context_link
snap-683-005,Vehicle Assembly Building,62affa26a64057d26f824a651db4232e14d3fcd6bde5b9dd3a1b4437a74c6d1d,context_link
snap-683-006,Vehicle Assembly Building,62affa26a64057d26f824a651db4232e14d3fcd6bde5b9dd3a1b4437a74c6d1d,context_link
snap-683-007,Vehicle Assembly Building,62affa26a64057d26f824a651db4232e14d3fcd6bde5b9dd3a1b4437a74c6d1d,context_link
snap-683-008,Vehicle Assembly Building,62affa26a64057d26f824a651db4232e14d3fcd6bde5b9dd3a1b4437a74c6d1d,context_link
snap-683-009,Vehicle Assembly Building,62affa26a64057d26f824a651db4232e14d3fcd6bde5b9dd3a1b4437a74c6d1d,context_link
snap-683-010,Vehicle Assembly Building,62affa26a64057d26f824a651db4232e14d3fcd6bde5b9dd3a1b4437a74c6d1d,context_link
snap-683-011,Vehicle Assembly Building,62affa26a64057d26f824a651db4232e14d3fcd6bde5b9dd3a1b4437a74c6d1d,context_link
snap-684-000,Virgin Galactic,1043f9dcf773219641f87856099752ba2fe47693e01814b6e5e32055a70ec459,entity_card
snap-684-001,Virgin Galactic,1043f9dcf773219641f87856099752ba2fe47693e01814b6e5e32055a70ec459,context_link
snap-684-002,Virgin Galactic,1043f9dcf773219641f87856099752ba2fe47693e01814b6e5e32055a70ec459,context_link
snap-684-003,Virgin Galactic,1043f9dcf773219641f87856099752ba2fe47693e01814b6e5e32055a70ec459,context_link
snap-684-004,Virgin Galactic,1043f9dcf773219641f87856099752ba2fe47693e01814b6e5e32055a70ec459,context_link
snap-684-005,Virgin Galactic,1043f9dcf773219641f87856099752ba2fe47693e01814b6e5e32055a70ec459,context_link
snap-684-006,Virgin Galactic,1043f9dcf773219641f87856099752ba2fe47693e01814b6e5e32055a70ec459,context_link
snap-684-007,Virgin Galactic,1043f9dcf773219641f87856099752ba2fe47693e01814b6e5e32055a70ec459,context_link
snap-684-008,Virgin Galactic,1043f9dcf773219641f87856099752ba2fe47693e01814b6e5e32055a70ec459,context_link
snap-684-009,Virgin Galactic,1043f9dcf773219641f87856099752ba2fe47693e01814b6e5e32055a70ec459,context_link
snap-684-010,Virgin Galactic,1043f9dcf773219641f87856099752ba2fe47693e01814b6e5e32055a70ec459,context_link
snap-684-011,Virgin Galactic,1043f9dcf773219641f87856099752ba2fe47693e01814b6e5e32055a70ec459,context_link
snap-684-012,Virgin Galactic,1043f9dcf773219641f87856099752ba2fe47693e01814b6e5e32055a70ec459,context_link
snap-684-013,Virgin Galactic,1043f9dcf773219641f87856099752ba2fe47693e01814b6e5e32055a70ec459,context_link
snap-684-014,Virgin Galactic,1043f9dcf773219641f87856099752ba2fe47693e01814b6e5e32055a70ec459,context_link
snap-685-000,Virgin Group,7af3f204a9e0b24290a90604f356f29e5f2cf6223a1c71c6d820503ae5f65036,entity_card
snap-685-001,Virgin Group,7af3f204a9e0b24290a90604f356f29e5f2cf6223a1c71c6d820503ae5f65036,context_link
snap-685-002,Virgin Group,7af3f204a9e0b24290a90604f356f29e5f2cf6223a1c71c6d820503ae5f65036,context_link
snap-685-003,Virgin Group,7af3f204a9e0b24290a90604f356f29e5f2cf6223a1c71c6d820503ae5f65036,context_link
snap-685-004,Virgin Group,7af3f204a9e0b24290a90604f356f29e5f2cf6223a1c71c6d820503ae5f65036,context_link
snap-685-005,Virgin Group,7af3f204a9e0b24290a90604f356f29e5f2cf6223a1c71c6d820503ae5f65036,context_link
snap-686-000,Volvo Amazon,a594bb755a6a3af51f75a51e59f520895bd0d0c2d5791436ed40998c5ae972df,entity_card
snap-686-001,Volvo Amazon,a594bb755a6a3af51f75a51e59f520895bd0d0c2d5791436ed40998c5ae972df,context_link
snap-686-002,Volvo Amazon,a594bb755a6a3af51f75a51e59f520895bd0d0c2d5791436ed40998c5ae972df,context_link
snap-686-003,Volvo Amazon,a594bb755a6a3af51f75a51e59f520895bd0d0c2d5791436ed40998c5ae972df,context_link
snap-686-004,Volvo Amazon,a594bb755a6a3af51f75a51e59f520895bd0d0c2d5791436ed40998c5ae972df,context_link
snap-686-005,Volvo Amazon,a594bb755a6a3af51f75a51e59f520895bd0d0c2d5791436ed40998c5ae972df,context_link
snap-686-006,Volvo Amazon,a594bb755a6a3af51f75a51e59f520895bd0d0c2d5791436ed40998c5ae972df,context_link
snap-686-007,Volvo Amazon,a594bb755a6a3af51f75a51e59f520895bd0d0c2d5791436ed40998c5ae972df,context_link
snap-686-008,Volvo Amazon,a594bb755a6a3af51f75a51e59f520895bd0d0c2d5791436ed40998c5ae972df,context_link
snap-686-009,Volvo Amazon,a594bb755a6a3af51f75a51e59f520895bd0d0c2d5791436ed40998c5ae972df,context_link
snap-687-000,Vulcan Centaur,084094100a05b5ae7d7da3fae2b0b154a52239b2e6866bcb01eb13aa61889f8e,entity_card
snap-687-001,Vulcan Centaur,084094100a05b5ae7d7da3fae2b0b154a52239b2e6866bcb01eb13aa61889f8e,context_link
snap-687-002,Vulcan Centaur,084094100a05b5ae7d7da3fae2b0b154a52239b2e6866bcb01eb13aa61889f8e,context_link
snap-687-003,Vulcan Centaur,084094100a05b5ae7d7da3fae2b0b154a52239b2e6866bcb01eb13aa61889f8e,context_link
snap-687-004,Vulcan Centaur,084094100a05b5ae7d7da3fae2b0b154a52239b2e6866bcb01eb13aa61889f8e,context_link
snap-687-005,Vulcan Centaur,084094100a05b5ae7d7da3fae2b0b154a52239b2e6866bcb01eb13aa61889f8e,context_link
snap-687-006,Vulcan Centaur,084094100a05b5ae7d7da3fae2b0b154a52239b2e6866bcb01eb13aa61889f8e,context_link
snap-687-007,Vulcan Centaur,084094100a05b5ae7d7da3fae2b0b154a52239b2e6866bcb01eb13aa61889f8e,context_link
snap-687-008,Vulcan Centaur,084094100a05b5ae7d7da3fae2b0b154a52239b2e6866bcb01eb13aa61889f8e,context_link
snap-687-009,Vulcan Centaur,084094100a05b5ae7d7da3fae2b0b154a52239b2e6866bcb01eb13aa61889f8e,context_link
snap-687-010,Vulcan Centaur,084094100a05b5ae7d7da3fae2b0b154a52239b2e6866bcb01eb13aa61889f8e,context_link
snap-687-011,Vulcan Centaur,084094100a05b5ae7d7da3fae2b0b154a52239b2e6866bcb01eb13aa61889f8e,context_link
snap-687-012,Vulcan Centaur,084094100a05b5ae7d7da3fae2b0b154a52239b2e6866bcb01eb13aa61889f8e,context_link
snap-687-013,Vulcan Centaur,084094100a05b5ae7d7da3fae2b0b154a52239b2e6866bcb01eb13aa61889f8e,context_link
snap-687-014,Vulcan Centaur,084094100a05b5ae7d7da3fae2b0b154a52239b2e6866bcb01eb13aa61889f8e,context_link
snap-687-015,Vulcan Centaur,084094100a05b5ae7d7da3fae2b0b154a52239b2e6866bcb01eb13aa61889f8e,context_link
snap-687-016,Vulcan Centaur,084094100a05b5ae7d7da3fae2b0b154a52239b2e6866bcb01eb13aa61889f8e,context_link
snap-688-000,Wall Street,2471512b0bb2da218d9658686bc7cef56845b378c74aa11415e5988c096a8e69,entity_card
snap-688-001,Wall Street,2471512b0bb2da218d9658686bc7cef56845b378c74aa11415e5988c096a8e69,context_link
snap-688-002,Wall Street,2471512b0bb2da218d9658686bc7cef56845b378c74aa11415e5988c096a8e69,context_link
snap-688-003,Wall Street,2471512b0bb2da218d9658686bc7cef56845b378c74aa11415e5988c096a8e69,context_link
snap-688-004,Wall Street,2471512b0bb2da218d9658686bc7cef56845b378c74aa11415e5988c096a8e69,context_link
snap-689-000,Warren Buffett,2ec20f515e454de9cf06ce2fb8679439391e72e7f2263576b2b779486c072fb2,entity_card
snap-689-001,Warren Buffett,2ec20f515e454de9cf06ce2fb8679439391e72e7f2263576b2b779486c072fb2,context_link
snap-689-002,Warren Buffett,2ec20f515e454de9cf06ce2fb8679439391e72e7f2263576b2b779486c072fb2,context_link
snap-689-003,Warren Buffett,2ec20f515e454de9cf06ce2fb8679439391e72e7f2263576b2b779486c072fb2,context_link
snap-689-004,Warren Buffett,2ec20f515e454de9cf06ce2fb8679439391e72e7f2263576b2b779486c072fb2,context_link
snap-690-000,Wayback Machine,82c419afaa1dcb2193aa2a68b677272ed389348e333588b4d782bf2dd9c64daa,entity_card
snap-690-001,Wayback Machine,82c419afaa1dcb2193aa2a68b677272ed389348e333588b4d782bf2dd9c64daa,context_link
snap-690-002,Wayback Machine,82c419afaa1dcb2193aa2a68b677272ed389348e333588b4d782bf2dd9c64daa,context_link
snap-690-003,Wayback Machine,82c419afaa1dcb2193aa2a68b677272ed389348e333588b4d782bf2dd9c64daa,context_link
snap-690-004,Wayback Machine,82c419afaa1dcb2193aa2a68b677272ed389348e333588b4d782bf2dd9c64daa,context_link
snap-690-005,Wayback Machine,82c419afaa1dcb2193aa2a68b677272ed389348e333588b4d782bf2dd9c64daa,context_link
snap-690-006,Wayback Machine,82c419afaa1dcb2193aa2a68b677272ed389348e333588b4d782bf2dd9c64daa,context_link
snap-690-007,Wayback Machine,82c419afaa1dcb2193aa2a68b677272ed389348e333588b4d782bf2dd9c64daa,context_link
snap-690-008,Wayback Machine,82c419afaa1dcb2193aa2a68b677272ed389348e333588b4d782bf2dd9c64daa,context_link
snap-690-009,Wayback Machine,82c419afaa1dcb2193aa2a68b677272ed389348e333588b4d782bf2dd9c64daa,context_link
snap-690-010,Wayback Machine,82c419afaa1dcb2193aa2a68b677272ed389348e333588b4d782bf2dd9c64daa,context_link
snap-691-000,Web service,24572bb7bfcfc5fff20b0fbafd382420a345e5b5bc63f4f8d5688d026b86ea21,entity_card
snap-691-001,Web service,24572bb7bfcfc5fff20b0fbafd382420a345e5b5bc63f4f8d5688d026b86ea21,context_link
snap-691-002,Web service,24572bb7bfcfc5fff20b0fbafd382420a345e5b5bc63f4f8d5688d026b86ea21,context_link
snap-691-003,Web service,24572bb7bfcfc5fff20b0fbafd382420a345e5b5bc63f4f8d5688d026b86ea21,context_link
snap-692-000,Wet Nellie,1b8dde4f4fb62a2aff1a764bee3e1fae16fe5228ab0438e906c2353f13969623,entity_card
snap-692-001,Wet Nellie,1b8dde4f4fb62a2aff1a764bee3e1fae16fe5228ab0438e906c2353f13969623,definition_claim
snap-692-002,Wet Nellie,1b8dde4f4fb62a2aff1a764bee3e1fae16fe5228ab0438e906c2353f13969623,context_link
snap-692-003,Wet Nellie,1b8dde4f4fb62a2aff1a764bee3e1fae16fe5228ab0438e906c2353f13969623,context_link
snap-692-004,Wet Nellie,1b8dde4f4fb62a2aff1a764bee3e1fae16fe5228ab0438e906c2353f13969623,context_link
snap-692-005,Wet Nellie,1b8dde4f4fb62a2aff1a764bee3e1fae16fe5228ab0438e906c2353f13969623,context_link
snap-693-000,While,ae39db67c6510a0d9b1e21ae4b078d6930f8b5635b63088400468ff8823a18f5,entity_card
snap-694-000,White Sands Missile Range,64f726f7ee4d75a3a909166ff8f07f98223619422dbcfb47ffd44284e26799b7,entity_card
snap-694-001,White Sands Missile Range,64f726f7ee4d75a3a909166ff8f07f98223619422dbcfb47ffd44284e26799b7,context_link
snap-694-002,White Sands Missile Range,64f726f7ee4d75a3a909166ff8f07f98223619422dbcfb47ffd44284e26799b7,context_link
snap-694-003,White Sands Missile Range,64f726f7ee4d75a3a909166ff8f07f98223619422dbcfb47ffd44284e26799b7,context_link
snap-694-004,White Sands Missile Range,64f726f7ee4d75a3a909166ff8f07f98223619422dbcfb47ffd44284e26799b7,context_link
snap-694-005,White Sands Missile Range,64f726f7ee4d75a3a909166ff8f07f98223619422dbcfb47ffd44284e26799b7,context_link
snap-694-006,White Sands Missile Range,64f726f7ee4d75a3a909166ff8f07f98223619422dbcfb47ffd44284e26799b7,context_link
snap-694-007,White Sands Missile Range,64f726f7ee4d75a3a909166ff8f07f98223619422dbcfb47ffd44284e26799b7,context_link
snap-694-008,White Sands Missile Range,64f726f7ee4d75a3a909166ff8f07f98223619422dbcfb47ffd44284e26799b7,context_link
snap-694-009,White Sands Missile Range,64f726f7ee4d75a3a909166ff8f07f98223619422dbcfb47ffd44284e26799b7,context_link
snap-694-010,White Sands Missile Range,64f726f7ee4d75a3a909166ff8f07f98223619422dbcfb47ffd44284e26799b7,context_link
snap-694-011,White Sands Missile Range,64f726f7ee4d75a3a909166ff8f07f98223619422dbcfb47ffd44284e26799b7,context_link
snap-694-012,White Sands Missile Range,64f726f7ee4d75a3a909166ff8f07f98223619422dbcfb47ffd44284e26799b7,context_link
snap-694-013,White Sands Missile Range,64f726f7ee4d75a3a909166ff8f07f98223619422dbcfb47ffd44284e26799b7,context_link
snap-694-014,White Sands Missile Range,64f726f7ee4d75a3a909166ff8f07f98223619422dbcfb47ffd44284e26799b7,context_link
snap-694-015,White Sands Missile Range,64f726f7ee4d75a3a909166ff8f07f98223619422dbcfb47ffd44284e26799b7,context_link
snap-695-000,William O. Douglas,059021be36a912ac77a81ad47d65a17f5145f5c51b917a8c8f2350ce1b393864,entity_card
snap-695-001,William O. Douglas,059021be36a912ac77a81ad47d65a17f5145f5c51b917a8c8f2350ce1b393864,context_link
snap-695-002,William O. Douglas,059021be36a912ac77a81ad47d65a17f5145f5c51b917a8c8f2350ce1b393864,context_link
snap-696-000,Wojciech Zaremba,a637d7e0efc6f11b3cd23193c73ac3b6d9a94a1e11a80ccd967ff74305824956,entity_card
snap-696-001,Wojciech Zaremba,a637d7e0efc6f11b3cd23193c73ac3b6d9a94a1e11a80ccd967ff74305824956,context_link
snap-696-002,Wojciech Zaremba,a637d7e0efc6f11b3cd23193c73ac3b6d9a94a1e11a80ccd967ff74305824956,context_link
snap-696-003,Wojciech Zaremba,a637d7e0efc6f11b3cd23193c73ac3b6d9a94a1e11a80ccd967ff74305824956,context_link
snap-696-004,Wojciech Zaremba,a637d7e0efc6f11b3cd23193c73ac3b6d9a94a1e11a80ccd967ff74305824956,context_link
snap-696-005,Wojciech Zaremba,a637d7e0efc6f11b3cd23193c73ac3b6d9a94a1e11a80ccd967ff74305824956,context_link
snap-696-006,Wojciech Zaremba,a637d7e0efc6f11b3cd23193c73ac3b6d9a94a1e11a80ccd967ff74305824956,context_link
snap-697-000,World Bank Group,7ab54def1ba6a0b45fc05d5255ead9cc47c3d2c6a36e68b6c705522ae89a7a43,entity_card
snap-697-001,World Bank Group,7ab54def1ba6a0b45fc05d5255ead9cc47c3d2c6a36e68b6c705522ae89a7a43,context_link
snap-697-002,World Bank Group,7ab54def1ba6a0b45fc05d5255ead9cc47c3d2c6a36e68b6c705522ae89a7a43,context_link
snap-697-003,World Bank Group,7ab54def1ba6a0b45fc05d5255ead9cc47c3d2c6a36e68b6c705522ae89a7a43,context_link
snap-697-004,World Bank Group,7ab54def1ba6a0b45fc05d5255ead9cc47c3d2c6a36e68b6c705522ae89a7a43,context_link
snap-697-005,World Bank Group,7ab54def1ba6a0b45fc05d5255ead9cc47c3d2c6a36e68b6c705522ae89a7a43,context_link
snap-697-006,World Bank Group,7ab54def1ba6a0b45fc05d5255ead9cc47c3d2c6a36e68b6c705522ae89a7a43,context_link
snap-697-007,World Bank Group,7ab54def1ba6a0b45fc05d5255ead9cc47c3d2c6a36e68b6c705522ae89a7a43,context_link
snap-697-008,World Bank Group,7ab54def1ba6a0b45fc05d5255ead9cc47c3d2c6a36e68b6c705522ae89a7a43,context_link
snap-698-000,World Economic Forum,65be9b40ad1020f8fa92b858fbf0637c68874d0a691b42f6e85d41f57ad9558e,entity_card
snap-698-001,World Economic Forum,65be9b40ad1020f8fa92b858fbf0637c68874d0a691b42f6e85d41f57ad9558e,context_link
snap-698-002,World Economic Forum,65be9b40ad1020f8fa92b858fbf0637c68874d0a691b42f6e85d41f57ad9558e,context_link
snap-698-003,World Economic Forum,65be9b40ad1020f8fa92b858fbf0637c68874d0a691b42f6e85d41f57ad9558e,context_link
snap-698-004,World Economic Forum,65be9b40ad1020f8fa92b858fbf0637c68874d0a691b42f6e85d41f57ad9558e,context_link
snap-698-005,World Economic Forum,65be9b40ad1020f8fa92b858fbf0637c68874d0a691b42f6e85d41f57ad9558e,context_link
snap-699-000,World Governments Summit,720c84565e30f4d7caa1304e81a11f5d826f4b629e462576a45b2ae1f1a8c1b8,entity_card
snap-699-001,World Governments Summit,720c84565e30f4d7caa1304e81a11f5d826f4b629e462576a45b2ae1f1a8c1b8,context_link
snap-699-002,World Governments Summit,720c84565e30f4d7caa1304e81a11f5d826f4b629e462576a45b2ae1f1a8c1b8,context_link
snap-700-000,World Rally Championship,1f2667c3b42aca83b1f04a2122444c08e269f5181b3c30fc0fbdfd2d645bcc8e,entity_card
snap-700-001,World Rally Championship,1f2667c3b42aca83b1f04a2122444c08e269f5181b3c30fc0fbdfd2d645bcc8e,context_link
snap-700-002,World Rally Championship,1f2667c3b42aca83b1f04a2122444c08e269f5181b3c30fc0fbdfd2d645bcc8e,context_link
snap-701-000,World Values Survey,fb8a1ce4a9cae89b36881f24d2e2e68508a6b6fdf5a4d27a25ae4118cc3d1c17,entity_card
snap-702-000,World War II,b4a9581d3b06bd976e5a8322433cb2ecd9202f783bc1ed76aabf91dd4240dd80,entity_card
snap-702-001,World War II,b4a9581d3b06bd976e5a8322433cb2ecd9202f783bc1ed76aabf91dd4240dd80,context_link
snap-702-002,World War II,b4a9581d3b06bd976e5a8322433cb2ecd9202f783bc1ed76aabf91dd4240dd80,context_link
snap-702-003,World War II,b4a9581d3b06bd976e5a8322433cb2ecd9202f783bc1ed76aabf91dd4240dd80,context_link
snap-702-004,World War II,b4a9581d3b06bd976e5a8322433cb2ecd9202f783bc1ed76aabf91dd4240dd80,context_link
snap-702-005,World War II,b4a9581d3b06bd976e5a8322433cb2ecd9202f783bc1ed76aabf91dd4240dd80,context_link
snap-702-006,World War II,b4a9581d3b06bd976e5a8322433cb2ecd9202f783bc1ed76aabf91dd4240dd80,context_link
snap-702-007,World War II,b4a9581d3b06bd976e5a8322433cb2ecd9202f783bc1ed76aabf91dd4240dd80,context_link
snap-702-008,World War II,b4a9581d3b06bd976e5a8322433cb2ecd9202f783bc1ed76aabf91dd4240dd80,context_link
snap-702-009,World War II,b4a9581d3b06bd976e5a8322433cb2ecd9202f783bc1ed76aabf91dd4240dd80,context_link
snap-703-000,World Wide Web,e5b685b7f01a4a84c1dc86ae20034ac60cc1b9265d993b9eb023d53f2401f157,entity_card
snap-703-001,World Wide Web,e5b685b7f01a4a84c1dc86ae20034ac60cc1b9265d993b9eb023d53f2401f157,context_link
snap-703-002,World Wide Web,e5b685b7f01a4a84c1dc86ae20034ac60cc1b9265d993b9eb023d53f2401f157,context_link
snap-703-003,World Wide Web,e5b685b7f01a4a84c1dc86ae20034ac60cc1b9265d993b9eb023d53f2401f157,context_link
snap-704-000,World government,b1d859ed36afc28719f8a17b42b78d32b41d3cb656575880ef3f84b9d5d06d68,entity_card
snap-704-001,World government,b1d859ed36afc28719f8a17b42b78d32b41d3cb656575880ef3f84b9d5d06d68,context_link
snap-704-002,World government,b1d859ed36afc28719f8a17b42b78d32b41d3cb656575880ef3f84b9d5d06d68,context_link
snap-705-000,World war,3b606a3e351161dd10f34d2681fce64d433bb972d295008a2a0cc77540f93407,entity_card
snap-705-001,World war,3b606a3e351161dd10f34d2681fce64d433bb972d295008a2a0cc77540f93407,context_link
snap-705-002,World war,3b606a3e351161dd10f34d2681fce64d433bb972d295008a2a0cc77540f93407,context_link
snap-705-003,World war,3b606a3e351161dd10f34d2681fce64d433bb972d295008a2a0cc77540f93407,context_link
snap-705-004,World war,3b606a3e351161dd10f34d2681fce64d433bb972d295008a2a0cc77540f93407,context_link
snap-705-005,World war,3b606a3e351161dd10f34d2681fce64d433bb972d295008a2a0cc77540f93407,context_link
snap-705-006,World war,3b606a3e351161dd10f34d2681fce64d433bb972d295008a2a0cc77540f93407,context_link
snap-705-007,World war,3b606a3e351161dd10f34d2681fce64d433bb972d295008a2a0cc77540f93407,context_link
snap-705-008,World war,3b606a3e351161dd10f34d2681fce64d433bb972d295008a2a0cc77540f93407,context_link
snap-705-009,World war,3b606a3e351161dd10f34d2681fce64d433bb972d295008a2a0cc77540f93407,context_link
snap-705-010,World war,3b606a3e351161dd10f34d2681fce64d433bb972d295008a2a0cc77540f93407,context_link
snap-705-011,World war,3b606a3e351161dd10f34d2681fce64d433bb972d295008a2a0cc77540f93407,context_link
snap-706-000,XCOR Aerospace,8d8f75faf044b299e06ad079a0c31f8611df0b819cde9beb2911b1aa524b23b7,entity_card
snap-706-001,XCOR Aerospace,8d8f75faf044b299e06ad079a0c31f8611df0b819cde9beb2911b1aa524b23b7,context_link
snap-706-002,XCOR Aerospace,8d8f75faf044b299e06ad079a0c31f8611df0b819cde9beb2911b1aa524b23b7,context_link
snap-706-003,XCOR Aerospace,8d8f75faf044b299e06ad079a0c31f8611df0b819cde9beb2911b1aa524b23b7,context_link
snap-706-004,XCOR Aerospace,8d8f75faf044b299e06ad079a0c31f8611df0b819cde9beb2911b1aa524b23b7,context_link
snap-706-005,XCOR Aerospace,8d8f75faf044b299e06ad079a0c31f8611df0b819cde9beb2911b1aa524b23b7,context_link
snap-706-006,XCOR Aerospace,8d8f75faf044b299e06ad079a0c31f8611df0b819cde9beb2911b1aa524b23b7,context_link
snap-706-007,XCOR Aerospace,8d8f75faf044b299e06ad079a0c31f8611df0b819cde9beb2911b1aa524b23b7,context_link
snap-706-008,XCOR Aerospace,8d8f75faf044b299e06ad079a0c31f8611df0b819cde9beb2911b1aa524b23b7,context_link
snap-706-009,XCOR Aerospace,8d8f75faf044b299e06ad079a0c31f8611df0b819cde9beb2911b1aa524b23b7,context_link
snap-706-010,XCOR Aerospace,8d8f75faf044b299e06ad079a0c31f8611df0b819cde9beb2911b1aa524b23b7,context_link
snap-706-011,XCOR Aerospace,8d8f75faf044b299e06ad079a0c31f8611df0b819cde9beb2911b1aa524b23b7,context_link
snap-706-012,XCOR Aerospace,8d8f75faf044b299e06ad079a0c31f8611df0b819cde9beb2911b1aa524b23b7,context_link
snap-706-013,XCOR Aerospace,8d8f75faf044b299e06ad079a0c31f8611df0b819cde9beb2911b1aa524b23b7,context_link
snap-707-000,XM Satellite Radio,2f70cd27a2ae9feb2322222d4ec23514ea434dbbd1b8fb82573dc6ff76e12fe0,entity_card
snap-707-001,XM Satellite Radio,2f70cd27a2ae9feb2322222d4ec23514ea434dbbd1b8fb82573dc6ff76e12fe0,context_link
snap-707-002,XM Satellite Radio,2f70cd27a2ae9feb2322222d4ec23514ea434dbbd1b8fb82573dc6ff76e12fe0,context_link
snap-707-003,XM Satellite Radio,2f70cd27a2ae9feb2322222d4ec23514ea434dbbd1b8fb82573dc6ff76e12fe0,context_link
snap-707-004,XM Satellite Radio,2f70cd27a2ae9feb2322222d4ec23514ea434dbbd1b8fb82573dc6ff76e12fe0,context_link
snap-707-005,XM Satellite Radio,2f70cd27a2ae9feb2322222d4ec23514ea434dbbd1b8fb82573dc6ff76e12fe0,context_link
snap-707-006,XM Satellite Radio,2f70cd27a2ae9feb2322222d4ec23514ea434dbbd1b8fb82573dc6ff76e12fe0,context_link
snap-707-007,XM Satellite Radio,2f70cd27a2ae9feb2322222d4ec23514ea434dbbd1b8fb82573dc6ff76e12fe0,context_link
snap-707-008,XM Satellite Radio,2f70cd27a2ae9feb2322222d4ec23514ea434dbbd1b8fb82573dc6ff76e12fe0,context_link
snap-707-009,XM Satellite Radio,2f70cd27a2ae9feb2322222d4ec23514ea434dbbd1b8fb82573dc6ff76e12fe0,context_link
snap-707-010,XM Satellite Radio,2f70cd27a2ae9feb2322222d4ec23514ea434dbbd1b8fb82573dc6ff76e12fe0,context_link
snap-708-000,X (social network),098995c8df33c594c09671062bf04e6aed7841dfffffca6a2f53262cccf2b8f7,entity_card
snap-708-001,X (social network),098995c8df33c594c09671062bf04e6aed7841dfffffca6a2f53262cccf2b8f7,context_link
snap-708-002,X (social network),098995c8df33c594c09671062bf04e6aed7841dfffffca6a2f53262cccf2b8f7,context_link
snap-708-003,X (social network),098995c8df33c594c09671062bf04e6aed7841dfffffca6a2f53262cccf2b8f7,context_link
snap-708-004,X (social network),098995c8df33c594c09671062bf04e6aed7841dfffffca6a2f53262cccf2b8f7,context_link
snap-708-005,X (social network),098995c8df33c594c09671062bf04e6aed7841dfffffca6a2f53262cccf2b8f7,context_link
snap-708-006,X (social network),098995c8df33c594c09671062bf04e6aed7841dfffffca6a2f53262cccf2b8f7,context_link
snap-708-007,X (social network),098995c8df33c594c09671062bf04e6aed7841dfffffca6a2f53262cccf2b8f7,context_link
snap-708-008,X (social network),098995c8df33c594c09671062bf04e6aed7841dfffffca6a2f53262cccf2b8f7,context_link
snap-708-009,X (social network),098995c8df33c594c09671062bf04e6aed7841dfffffca6a2f53262cccf2b8f7,context_link
snap-708-010,X (social network),098995c8df33c594c09671062bf04e6aed7841dfffffca6a2f53262cccf2b8f7,context_link
snap-708-011,X (social network),098995c8df33c594c09671062bf04e6aed7841dfffffca6a2f53262cccf2b8f7,context_link
snap-708-012,X (social network),098995c8df33c594c09671062bf04e6aed7841dfffffca6a2f53262cccf2b8f7,context_link
snap-708-013,X (social network),098995c8df33c594c09671062bf04e6aed7841dfffffca6a2f53262cccf2b8f7,context_link
snap-709-000,X Corp.,1c50c8f702b5bb729d87553e3c2cf694194449fa34c83932e527053f03b59472,entity_card
snap-709-001,X Corp.,1c50c8f702b5bb729d87553e3c2cf694194449fa34c83932e527053f03b59472,context_link
snap-709-002,X Corp.,1c50c8f702b5bb729d87553e3c2cf694194449fa34c83932e527053f03b59472,context_link
snap-709-003,X Corp.,1c50c8f702b5bb729d87553e3c2cf694194449fa34c83932e527053f03b59472,context_link
snap-709-004,X Corp.,1c50c8f702b5bb729d87553e3c2cf694194449fa34c83932e527053f03b59472,context_link
snap-709-005,X Corp.,1c50c8f702b5bb729d87553e3c2cf694194449fa34c83932e527053f03b59472,context_link
snap-709-006,X Corp.,1c50c8f702b5bb729d87553e3c2cf694194449fa34c83932e527053f03b59472,context_link
snap-709-007,X Corp.,1c50c8f702b5bb729d87553e3c2cf694194449fa34c83932e527053f03b59472,context_link
snap-709-008,X Corp.,1c50c8f702b5bb729d87553e3c2cf694194449fa34c83932e527053f03b59472,context_link
snap-709-009,X Corp.,1c50c8f702b5bb729d87553e3c2cf694194449fa34c83932e527053f03b59472,context_link
snap-709-010,X Corp.,1c50c8f702b5bb729d87553e3c2cf694194449fa34c83932e527053f03b59472,context_link
snap-709-011,X Corp.,1c50c8f702b5bb729d87553e3c2cf694194449fa34c83932e527053f03b59472,context_link
snap-709-012,X Corp.,1c50c8f702b5bb729d87553e3c2cf694194449fa34c83932e527053f03b59472,context_link
snap-709-013,X Corp.,1c50c8f702b5bb729d87553e3c2cf694194449fa34c83932e527053f03b59472,context_link
snap-709-014,X Corp.,1c50c8f702b5bb729d87553e3c2cf694194449fa34c83932e527053f03b59472,context_link
snap-709-015,X Corp.,1c50c8f702b5bb729d87553e3c2cf694194449fa34c83932e527053f03b59472,context_link
snap-709-016,X Corp.,1c50c8f702b5bb729d87553e3c2cf694194449fa34c83932e527053f03b59472,context_link
snap-710-000,Xoom (money transfer service),b3f7ee8c2cd5213925f515ebc068977c938c584d3dd55bbf751ebfe7a823a13e,entity_card
snap-710-001,Xoom (money transfer service),b3f7ee8c2cd5213925f515ebc068977c938c584d3dd55bbf751ebfe7a823a13e,context_link
snap-710-002,Xoom (money transfer service),b3f7ee8c2cd5213925f515ebc068977c938c584d3dd55bbf751ebfe7a823a13e,context_link
snap-710-003,Xoom (money transfer service),b3f7ee8c2cd5213925f515ebc068977c938c584d3dd55bbf751ebfe7a823a13e,context_link
snap-710-004,Xoom (money transfer service),b3f7ee8c2cd5213925f515ebc068977c938c584d3dd55bbf751ebfe7a823a13e,context_link
snap-710-005,Xoom (money transfer service),b3f7ee8c2cd5213925f515ebc068977c938c584d3dd55bbf751ebfe7a823a13e,context_link
snap-710-006,Xoom (money transfer service),b3f7ee8c2cd5213925f515ebc068977c938c584d3dd55bbf751ebfe7a823a13e,context_link
snap-710-007,Xoom (money transfer service),b3f7ee8c2cd5213925f515ebc068977c938c584d3dd55bbf751ebfe7a823a13e,context_link
snap-710-008,Xoom (money transfer service),b3f7ee8c2cd5213925f515ebc068977c938c584d3dd55bbf751ebfe7a823a13e,context_link
snap-710-009,Xoom (money transfer service),b3f7ee8c2cd5213925f515ebc068977c938c584d3dd55bbf751ebfe7a823a13e,context_link
snap-710-010,Xoom (money transfer service),b3f7ee8c2cd5213925f515ebc068977c938c584d3dd55bbf751ebfe7a823a13e,context_link
snap-710-011,Xoom (money transfer service),b3f7ee8c2cd5213925f515ebc068977c938c584d3dd55bbf751ebfe7a823a13e,context_link
snap-710-012,Xoom (money transfer service),b3f7ee8c2cd5213925f515ebc068977c938c584d3dd55bbf751ebfe7a823a13e,context_link
snap-710-013,Xoom (money transfer service),b3f7ee8c2cd5213925f515ebc068977c938c584d3dd55bbf751ebfe7a823a13e,context_link
snap-710-014,Xoom (money transfer service),b3f7ee8c2cd5213925f515ebc068977c938c584d3dd55bbf751ebfe7a823a13e,context_link
snap-710-015,Xoom (money transfer service),b3f7ee8c2cd5213925f515ebc068977c938c584d3dd55bbf751ebfe7a823a13e,context_link
snap-710-016,Xoom (money transfer service),b3f7ee8c2cd5213925f515ebc068977c938c584d3dd55bbf751ebfe7a823a13e,context_link
snap-710-017,Xoom (money transfer service),b3f7ee8c2cd5213925f515ebc068977c938c584d3dd55bbf751ebfe7a823a13e,context_link
snap-711-000,Yellow pages,f31e243cffcc586683845547b1d1cd60315a1f2f10fe94c9423c8cac1eb3e0cf,entity_card
snap-711-001,Yellow pages,f31e243cffcc586683845547b1d1cd60315a1f2f10fe94c9423c8cac1eb3e0cf,context_link
snap-711-002,Yellow pages,f31e243cffcc586683845547b1d1cd60315a1f2f10fe94c9423c8cac1eb3e0cf,context_link
snap-711-003,Yellow pages,f31e243cffcc586683845547b1d1cd60315a1f2f10fe94c9423c8cac1eb3e0cf,context_link
snap-711-004,Yellow pages,f31e243cffcc586683845547b1d1cd60315a1f2f10fe94c9423c8cac1eb3e0cf,context_link
snap-711-005,Yellow pages,f31e243cffcc586683845547b1d1cd60315a1f2f10fe94c9423c8cac1eb3e0cf,context_link
snap-711-006,Yellow pages,f31e243cffcc586683845547b1d1cd60315a1f2f10fe94c9423c8cac1eb3e0cf,context_link
snap-712-000,York City F.C.,d3a644b5d665f0a0088a27d81e6f2af4f782bf4ae34275ebbc47ad88605bbee2,entity_card
snap-712-001,York City F.C.,d3a644b5d665f0a0088a27d81e6f2af4f782bf4ae34275ebbc47ad88605bbee2,context_link
snap-712-002,York City F.C.,d3a644b5d665f0a0088a27d81e6f2af4f782bf4ae34275ebbc47ad88605bbee2,context_link
snap-712-003,York City F.C.,d3a644b5d665f0a0088a27d81e6f2af4f782bf4ae34275ebbc47ad88605bbee2,context_link
snap-712-004,York City F.C.,d3a644b5d665f0a0088a27d81e6f2af4f782bf4ae34275ebbc47ad88605bbee2,context_link
snap-712-005,York City F.C.,d3a644b5d665f0a0088a27d81e6f2af4f782bf4ae34275ebbc47ad88605bbee2,context_link
snap-712-006,York City F.C.,d3a644b5d665f0a0088a27d81e6f2af4f782bf4ae34275ebbc47ad88605bbee2,context_link
snap-713-000,Yuri Gagarin,7fd1b1ccb4d157372df38690b4e615fdc52286c24223ac337be3432a9306247f,entity_card
snap-713-001,Yuri Gagarin,7fd1b1ccb4d157372df38690b4e615fdc52286c24223ac337be3432a9306247f,context_link
snap-713-002,Yuri Gagarin,7fd1b1ccb4d157372df38690b4e615fdc52286c24223ac337be3432a9306247f,context_link
snap-713-003,Yuri Gagarin,7fd1b1ccb4d157372df38690b4e615fdc52286c24223ac337be3432a9306247f,context_link
snap-713-004,Yuri Gagarin,7fd1b1ccb4d157372df38690b4e615fdc52286c24223ac337be3432a9306247f,context_link
snap-713-005,Yuri Gagarin,7fd1b1ccb4d157372df38690b4e615fdc52286c24223ac337be3432a9306247f,context_link
snap-714-000,Zip2,70cf7360b286b07359c1a353567adde249c80b05c31058c3f312f3975582a102,entity_card
snap-714-001,Zip2,70cf7360b286b07359c1a353567adde249c80b05c31058c3f312f3975582a102,context_link
snap-714-002,Zip2,70cf7360b286b07359c1a353567adde249c80b05c31058c3f312f3975582a102,context_link
snap-714-003,Zip2,70cf7360b286b07359c1a353567adde249c80b05c31058c3f312f3975582a102,context_link
snap-714-004,Zip2,70cf7360b286b07359c1a353567adde249c80b05c31058c3f312f3975582a102,context_link
snap-714-005,Zip2,70cf7360b286b07359c1a353567adde249c80b05c31058c3f312f3975582a102,context_link
snap-714-006,Zip2,70cf7360b286b07359c1a353567adde249c80b05c31058c3f312f3975582a102,context_link
snap-714-007,Zip2,70cf7360b286b07359c1a353567adde249c80b05c31058c3f312f3975582a102,context_link
snap-714-008,Zip2,70cf7360b286b07359c1a353567adde249c80b05c31058c3f312f3975582a102,context_link
snap-714-009,Zip2,70cf7360b286b07359c1a353567adde249c80b05c31058c3f312f3975582a102,context_link
snap-714-010,Zip2,70cf7360b286b07359c1a353567adde249c80b05c31058c3f312f3975582a102,context_link
snap-714-011,Zip2,70cf7360b286b07359c1a353567adde249c80b05c31058c3f312f3975582a102,context_link
