source,relation_type,target
a,at_location,resturant
a,at_location,roof
abandoned_tractor,at_location,meadow
abc_islands,at_location,caribbean_sea
above_water,at_location,sea
abu,at_location,honshu
abu,at_location,japan
abyss,at_location,bottom_of_sea
acadia_national_park,at_location,maine
acadian_french,at_location,maine
acadian_french,at_location,new_brunswick
acadian_french,at_location,nova_scotia
acadian_french,at_location,prince_edward_island
acadian_french,at_location,united_states
acar,at_location,street
acc,at_location,india
acc,at_location,mumbai
accelerator,at_location,vehicle
accident,at_location,roadblock
accomadations,at_location,motel
accommodation,at_location,canada
accommodation,at_location,inn
accommodation_building,at_location,bedroom
accommodations,at_location,camp_ground
accommodations,at_location,motel
accommodations,at_location,theater
accomodation,at_location,motel
accordian_bag,at_location,accordian
accordian_bag,at_location,music_shop
accordian_bag,at_location,music_store
accordian_bag,at_location,musical_instrument_store
accordian_bag,at_location,orchestra_pit
accordian_bag,at_location,scotland
accordion,at_location,band
accordion,at_location,instrument_room
accordion,at_location,music_store
accordion,at_location,polish_wedding
accordion,at_location,polka_band
accordion,at_location,san_francisco
accordion,at_location,variety_show
account_book,at_location,bank
account_book,at_location,desk
account_book,at_location,desk_drawer
account_book,at_location,purse
accountant,at_location,firm
accounting_books,at_location,cabinet
acetaminophen,at_location,medicine_chest
acid,at_location,chemistry_lab
acid,at_location,stomach
acit,at_location,chemistry_lab
acklins,at_location,atlantic_ocean
acne,at_location,mcdonalds
acne_medication,at_location,bathroom
acne_medication,at_location,cupboard
acne_medication,at_location,drug_store
acne_medication,at_location,drugstore
acne_medication,at_location,pharmacy
acne_medication,at_location,tube
aconcagua,at_location,argentina
acorn,at_location,forest
acorn,at_location,ground
acorn,at_location,tree
acorn_on_ground,at_location,park
acorns,at_location,roof
acorns,at_location,tree
acoustic_ceiling,at_location,concert_hall
acoustic_ceiling,at_location,music_department
acoustic_ceiling,at_location,music_hall
acoustic_ceiling,at_location,office_building
acoustic_ceiling,at_location,opera_house
acoustic_ceiling,at_location,orchestra_house
acoustic_ceiling,at_location,room
acoustic_ceiling,at_location,theater
acoustic_ceiling_in,at_location,music_hall
acoustic_guitar,at_location,band
acoustic_guitar,at_location,closet
acoustic_guitar,at_location,folk_band
acoustic_guitar,at_location,folk_concert
acoustic_guitar,at_location,folk_group
acoustic_guitar,at_location,house
acoustic_guitar,at_location,lesbian_bar
acoustic_guitar,at_location,music_room
acoustic_guitar,at_location,music_shop
acoustic_guitar,at_location,rock_band
acoustic_guitar,at_location,studio
acrylic,at_location,art_store
acrylic,at_location,factory
acrylic,at_location,paint
acrylic,at_location,paint_store
acrylic,at_location,painting
action_figure,at_location,bathtub
action_figure,at_location,store4
action_figure,at_location,theater
action_figure,at_location,toy_chest
action_figure,at_location,toy_department
action_figure,at_location,toy_store
action_figure,at_location,toybox
action_figures,at_location,toy_store
activists,at_location,demonstration
actor,at_location,movie
actor,at_location,show
actor,at_location,television
actor,at_location,theater
actors,at_location,movie
actors,at_location,movies
actors,at_location,opera
actors,at_location,play
actors,at_location,show
actors,at_location,television
actors,at_location,theater
actors_putting_on_play,at_location,theatre
actresses,at_location,movies
ad,at_location,newspaper
adamorobe_sign_language,at_location,ghana
address,at_location,house
address,at_location,telephone_book
address_book,at_location,desk
address_book,at_location,suitcase
address_books,at_location,cabinet
address_label,at_location,desk_drawer
address_label,at_location,drawer
address_label,at_location,envelope
address_label,at_location,junk_mail
address_label,at_location,office
address_label,at_location,office_supply_store
address_label,at_location,parcel
address_label,at_location,printer
address_label,at_location,trash
addresses,at_location,cabinet
addresses,at_location,phonebook
adhesive_bandage,at_location,boo_boo
adhesive_bandage,at_location,bookshop
adhesive_bandage,at_location,drug_store
adhesive_bandage,at_location,first_aid_kit
adhesive_bandage,at_location,hospitals
adhesive_bandage,at_location,medicine_cabinet
adhesive_bandage,at_location,pharmacy
adhesive_pad,at_location,carpet
adidas,at_location,germany
adirondack_chairs,at_location,porch
adjenda,at_location,meeting
admiralty_island,at_location,abc_islands
admission_ticket,at_location,movie
adonara,at_location,lesser_sunda_islands
ads,at_location,newspaper
advertisement,at_location,bus
advertisement,at_location,comercial
advertisement,at_location,email
advertisement,at_location,la_ville
advertisement,at_location,magazine
advertisement,at_location,mail
advertisement,at_location,mail_box
advertisement,at_location,store
advertisement,at_location,tv
advertisement,at_location,web_page
advertisement_billboard,at_location,bus_stop
advertisements,at_location,mail_bags
advertisements,at_location,mail_box
advertisements,at_location,soccer_game
advertisements,at_location,subway
advertisements,at_location,television
advertising,at_location,newspaper
advertising_panel,at_location,advertising_agency
advertising_panel,at_location,airport
advertising_panel,at_location,hockey_rink
advertising_panel,at_location,loo_in_metro_stations
advertising_panel,at_location,magazine
advertising_panel,at_location,new_york
advertising_panel,at_location,newspaper
advertising_panel,at_location,underground
advertisments,at_location,bus
advertisments,at_location,newspaper
adverts,at_location,magazine
adverts,at_location,mail
advice,at_location,doctor
aeolic_greek,at_location,aeolis
aeolic_greek,at_location,thessaly
aerial_bomb,at_location,air
aerial_bomb,at_location,airforce
aerial_bomb,at_location,airplane
aerial_bomb,at_location,military_bomber
aerial_bomb,at_location,plane
aerial_bomb,at_location,stealth_bomber
aerial_bomb,at_location,war
aetna,at_location,united_states
affairs,at_location,work
afrikaans,at_location,namibia
afrikaans,at_location,south_africa
afro_seminole_creole,at_location,mexico
afro_seminole_creole,at_location,united_states
after_shave_lotion,at_location,cabinet
agco,at_location,united_states
agenda,at_location,meeting
agendas,at_location,conference
agent_provocateur,at_location,london
agent_provocateur,at_location,united_kingdom
aggravation,at_location,mall
agora,at_location,kazan
agora,at_location,russia
agro,at_location,kiev
agro,at_location,ukraine
ahy,at_location,loft
aiplane,at_location,airport
air,at_location,airport
air,at_location,balloon
air,at_location,bridge
air,at_location,bus
air,at_location,cupboard
air,at_location,house
air,at_location,jar
air,at_location,lungs
air,at_location,mail_box
air,at_location,pocket
air,at_location,sky
air,at_location,space_shuttle
air,at_location,supermarket
air,at_location,surface_of_earth
air,at_location,theatre
air,at_location,top_of_mountain
air,at_location,train_station
air_bubble,at_location,water
air_bubbles,at_location,water
air_conditioner,at_location,building
air_conditioner,at_location,car
air_conditioner,at_location,computer_room
air_conditioner,at_location,hard
air_conditioner,at_location,home
air_conditioner,at_location,house
air_conditioner,at_location,office
air_conditioner,at_location,office_building
air_conditioner,at_location,south
air_conditioner,at_location,texas
air_conditioner,at_location,warm_climates
air_conditioning,at_location,car
air_conditioning,at_location,hot_room
air_conditioning,at_location,house
air_conditioning,at_location,icerink
air_conditioning,at_location,movie_theatre
air_conditioning,at_location,offices
air_conditioning,at_location,rich_home
air_freshener,at_location,car
air_hockey_game_set,at_location,sporting_goods_store
air_hostess,at_location,plane
air_mail_stamp,at_location,desk
air_rifle,at_location,sporting_goods_store
air_terminal,at_location,air_port
air_terminal,at_location,airport
air_terminal,at_location,city
air_terminal,at_location,detroit
air_terminal,at_location,international_air_port
air_ticket,at_location,air_terminal
air_ticket,at_location,airline_terminal
air_ticket,at_location,airport
air_ticket,at_location,billfold
air_ticket,at_location,briefcase
air_ticket,at_location,envelope
air_ticket,at_location,suitcase
air_traffic_control_tower,at_location,airport
air_traffic_controller,at_location,airport
aircraft,at_location,air
aircraft,at_location,sky
airline_representatives,at_location,airport
airline_seat,at_location,airplane_factory
airline_seat,at_location,front_of_plane
airline_seat,at_location,onboard_plane
airlock,at_location,space_shuttle
airplane,at_location,air
airplane,at_location,airplane_hangar
airplane,at_location,hangar
airplane,at_location,hanger
airplane,at_location,military_base
airplane,at_location,sky
airplane_seat,at_location,airplane
airplane_seat,at_location,plane
airplanes,at_location,air
airplanes,at_location,aircraft_carrier
airplanes,at_location,military_base
airplanes,at_location,sky
airplanes,at_location,war
airport,at_location,city
airport,at_location,suitcase
airy,at_location,mars
aisle,at_location,building
aisle,at_location,church
aisle,at_location,department_store
aisle,at_location,drugstore
aisle,at_location,grocery_store
aisle,at_location,guide_rope
aisle,at_location,sanctuary
aisle,at_location,store
aisle,at_location,supermarket
aisles,at_location,plane
aisles,at_location,store
aisles,at_location,theatre
aker,at_location,norway
aker,at_location,oslo
al_gore,at_location,orbit
alarm_clock,at_location,home
albertina,at_location,austria
albertina,at_location,vienna
album,at_location,book_case
album,at_location,book_shelf
album,at_location,cd_case
album,at_location,closet
album,at_location,music_store
album,at_location,musicstore
album,at_location,photo_shop
album,at_location,record_store
album,at_location,recordstore
album,at_location,scrapbook_store
alcholic_drinks,at_location,bar
alcohol,at_location,beer
alcohol,at_location,chemistry_lab
alcohol,at_location,distillery
alcohol,at_location,fraternity_house
alcohol,at_location,fridge
alcohol,at_location,plane
alcohol,at_location,pub
alcohol,at_location,restaurants
alcohol,at_location,supermarket
alcohol,at_location,wine
alcohol_at_parties,at_location,fraternity_house
alcohol_drinks,at_location,bar
alcoholic,at_location,bar
alcoholic,at_location,bridge
alcoholic,at_location,homeless_shelter
alcoholic,at_location,park
alcoholic,at_location,prison
alcoholic_beverage,at_location,bar
alcoholic_beverages,at_location,bar
alcoholic_beverages,at_location,bowling_alley
alcoholic_beverages,at_location,fraternity_house
alcoholic_drink,at_location,pub
alcoholics,at_location,bar
alcoholics,at_location,fraternity_house
alcoholics,at_location,liquor_store
alcon,at_location,switzerland
alcon,at_location,united_states
alemannic_german,at_location,austria
alemannic_german,at_location,france
alemannic_german,at_location,germany
alemannic_german,at_location,italy
alemannic_german,at_location,liechtenstein
alemannic_german,at_location,piedmont
alemannic_german,at_location,swabia
alemannic_german,at_location,switzerland
alemannic_german,at_location,venezuela
alert_police_officers,at_location,roadblock
aletschhorn,at_location,switzerland
aletschhorn,at_location,valais
aleutian_islands,at_location,bering_sea
aleutian_islands,at_location,pacific_ocean
algae,at_location,swimming_pool
algae,at_location,water
algae,at_location,waterfall
algerian_arabic,at_location,algeria
alice_in_wonderland,at_location,disneyland
aliens,at_location,outer_space
aliens,at_location,roswell
aliens,at_location,space
aliens,at_location,universe
aliens,at_location,weekly_world_news
alkaloid,at_location,republic_of_macedonia
alkaloid,at_location,skopje
all_around,at_location,air
all_books,at_location,home
all_lazy_employees,at_location,water_cooler
all_sorts_of_clothes,at_location,clothes_drawer
all_types_of_stores,at_location,mall
alley,at_location,big_city
alley,at_location,towns
alligator,at_location,beach
alligator,at_location,swamp
almond_butter,at_location,jar
aloe_vera,at_location,medicine_chest
alot_of_alcohol,at_location,party
alot_of_empty_beer_bottles,at_location,fraternity_house
alot_of_poor_people,at_location,zimbabwe
alphabetized_articles,at_location,encyclopedia
alpine,at_location,dieppe
alpine,at_location,france
alta,at_location,athens
alta,at_location,greece
altar,at_location,ceremony
altar,at_location,sanctuary
altar,at_location,synagogue
altar,at_location,temple
altar_server,at_location,church
altenburg,at_location,germany
altenburg,at_location,hesse
alter,at_location,church
althing,at_location,iceland
alto,at_location,chior
alto,at_location,choir
alto,at_location,concerto
alto,at_location,marching_band
alto,at_location,symphony
alu,at_location,ethiopia
aluminum_foil,at_location,trash
amdo_tibetan,at_location,china
amdo_tibetan,at_location,gansu
amdo_tibetan,at_location,qinghai
amdo_tibetan,at_location,sichuan
amdo_tibetan,at_location,tibet
american_bricks_set,at_location,toy_store
american_civil_war,at_location,atlantic_ocean
american_civil_war,at_location,northeastern_united_states
american_civil_war,at_location,southern_united_states
american_civil_war,at_location,western_united_states
american_english,at_location,united_states
american_express,at_location,new_york_city
american_flag,at_location,moon
american_flag,at_location,suface_of_moon
american_flags_left_behind_by_astronauts,at_location,suface_of_moon
american_revolutionary_war,at_location,atlantic_ocean
american_revolutionary_war,at_location,balearic_islands
american_revolutionary_war,at_location,caribbean_sea
american_revolutionary_war,at_location,gibraltar
american_revolutionary_war,at_location,indian_subcontinent
american_sign_language,at_location,central_africa
american_sign_language,at_location,north_america
american_sign_language,at_location,west_africa
americans,at_location,america
amharic,at_location,ethiopia
ammonia,at_location,cabinet
ammunition,at_location,gun
ammunition,at_location,war
ammunition_depot,at_location,military_base
amnesia,at_location,ibiza
amoeba,at_location,water
amonia,at_location,chemistry_lab
amoxicillin,at_location,medicine_chest
amphitheatre,at_location,greece
amphitheatre,at_location,movie_house
amphitheatre,at_location,outside
amphitheatre,at_location,park
ampicillin,at_location,medicine_chest
amunition,at_location,sporting_goods_store
amusement,at_location,circus
amusement,at_location,disneyland
amusement,at_location,movies
amusement_ride,at_location,carnival
amusement_ride,at_location,disneyland
amusements,at_location,fairgrounds
amway,at_location,michigan
amway,at_location,united_states
analgesic,at_location,medicine_chest
anarchy,at_location,england
anarchy,at_location,normandy
ance,at_location,mcdonalds
anchor,at_location,end_of_line
ancient_greek,at_location,mediterranean_sea
and_apple,at_location,apple_orchard
andaman_islands,at_location,bay_of_bengal
anecdote,at_location,story
anemone,at_location,aquarium_store
anemone,at_location,ass
anemone,at_location,atlantic_ocean
anemone,at_location,big_sur
anemone,at_location,biology_book
anemone,at_location,book
anemone,at_location,bottom_of_ocean
anemone,at_location,bottom_of_sea
anemone,at_location,bug
anemone,at_location,bulb_catalog
anemone,at_location,cartoon
anemone,at_location,catalog
anemone,at_location,clusters_of_rocks
anemone,at_location,coral_sea
anemone,at_location,dictionary
anemone,at_location,dirt
anemone,at_location,dirt_growing
anemone,at_location,dont_like
anemone,at_location,encyclopedia_under_letter
anemone,at_location,field_of_flowers
anemone,at_location,floral_arrangement
anemone,at_location,florida_keys
anemone,at_location,flower_bed
anemone,at_location,flower_pot
anemone,at_location,flower_shop
anemone,at_location,flower_vase_arranged
anemone,at_location,forest
anemone,at_location,garden_shop
anemone,at_location,gardening_catalog
anemone,at_location,greenhouse
anemone,at_location,gulf_of_mexico
anemone,at_location,intertidal_zone
anemone,at_location,japan
anemone,at_location,kelp_forest
anemone,at_location,lab_dish
anemone,at_location,maine
anemone,at_location,mammoths_butt
anemone,at_location,marsh
anemone,at_location,meadow
anemone,at_location,mediterrain_sea
anemone,at_location,michigan
anemone,at_location,nursery
anemone,at_location,ocean_shallows
anemone,at_location,oceanb
anemone,at_location,oean
anemone,at_location,outside
anemone,at_location,place
anemone,at_location,pond
anemone,at_location,pool
anemone,at_location,pot
anemone,at_location,reef
anemone,at_location,reef_tank
anemone,at_location,rockpool
anemone,at_location,salt_water
anemone,at_location,salt_water_aquarium
anemone,at_location,salt_water_aquariumk
anemone,at_location,salt_water_tank
anemone,at_location,saltwater
anemone,at_location,saltwater_aquarium
anemone,at_location,sea_floor
anemone,at_location,sea_water
anemone,at_location,seafood_restaurant
anemone,at_location,see
anemone,at_location,slide
anemone,at_location,south_pacific
anemone,at_location,store
anemone,at_location,tidal_basin
anemone,at_location,tide_pool
anemone,at_location,vase_of_flowers
anemone,at_location,water
anemone,at_location,woods
anemone_in,at_location,tide_pool
anesthetic,at_location,medicine_chest
anfield,at_location,england
anfield,at_location,liverpool
angel_fis,at_location,sea
angelfish,at_location,aquarium
angry_mothers,at_location,soccer_game
angry_soldiers,at_location,war
animal,at_location,cafe
animal,at_location,detroit_zoo
animal,at_location,every_breathing_thing
animal,at_location,north_america
animal,at_location,outside
animal,at_location,park
animal,at_location,pet_shop
animal,at_location,pet_store
animal,at_location,wild
animal,at_location,woodland
animal,at_location,zoo
animal_feces,at_location,zoo
animal_hair,at_location,rug
animals,at_location,fair
animals,at_location,fairgrounds
animals,at_location,farm
animals,at_location,laboratory
animals,at_location,meadow
animals,at_location,park
animals,at_location,state_park
animals,at_location,surface_of_earth
a,capable_of,can_begin_to_leak
a,capable_of,can_return_five_cents
a,capable_of,can_store_food
a,capable_of,container
a,capable_of,form_of_vessle
a,capable_of,mammal
a,capable_of,metalic_cylindrical_container
aaa_member,capable_of,get_free_maps
aardvark,capable_of,burrow
aarmadillos,capable_of,get_leprosy
abacus,capable_of,add_series_of_numbers
abacus,capable_of,count_transaction
abandoned_table,capable_of,gather_dust
aboriginal_people,capable_of,cook_insects
abortion,capable_of,kill_fetus
absent,capable_of,mean_missing
absentee_electors,capable_of,cast_postal_votes
abusive_husband,capable_of,hit_wife
academic,capable_of,read_to_become_professor
acceptable,capable_of,enter_gates_of_compound
accident,capable_of,cause_acquired_brain_injury
accident,capable_of,cause_injuries
accident,capable_of,cause_to_defecate_from_fear
accident,capable_of,happen_on_toll_road
accident,capable_of,happen_to
accident,capable_of,happen_to_anybody
accident,capable_of,happen_to_careless_driver
accident,capable_of,happen_to_clumsy_person
accident,capable_of,hold_up_traffic
accident,capable_of,result_in_fatality
accident,capable_of,slow_down_traffic
accident,capable_of,slow_traffic
accident,capable_of,stop_traffic
accident,capable_of,tie_up_traffic
accident_while_driving,capable_of,car_wreck
accidents,capable_of,cause_injury
accidents,capable_of,cause_injury_and_death
accidents,capable_of,cause_traffic_jams
accidents,capable_of,happen_anytime
accidents,capable_of,happen_anywhere
accidents,capable_of,happen_easily
accidents,capable_of,happen_to
accidents,capable_of,happen_to_anybody
accidents,capable_of,happen_to_people
accidents,capable_of,hurt_people
accidents,capable_of,slow_traffic
accomodations,capable_of,hotels
accomplished_author,capable_of,word_message_just_right
accomplishment,capable_of,require_hard_work
account,capable_of,gain_earnings_from_investment
accountant,capable_of,add_figures
accountant,capable_of,book_returns
accountant,capable_of,complete_tax_return
accountant,capable_of,cook_books
accountant,capable_of,count_numbers
accountant,capable_of,count_profits
accountant,capable_of,note_error
accountant,capable_of,number_accounts
accountant,capable_of,prepare_income_taxes
accountants,capable_of,cook_books
accountants,capable_of,count_cash
accountants,capable_of,count_money
accountants,capable_of,doctor_financial_reports
accountants,capable_of,figupon_taxes
accountants,capable_of,figure_taxes
accusations,capable_of,shade_results
accused,capable_of,lie_to_court
acid,capable_of,burn_flesh
acid,capable_of,burn_skin
acid,capable_of,charge_mind
acid,capable_of,destroy_tissue
acid,capable_of,ruin_many_things
acid_content_of_cranberry_juice,capable_of,help_cleanse_bladder
acid_indigestion,capable_of,cause_heartburn
aciphex,capable_of,free_of_symptoms_of_heartburn
acne_medication,capable_of,dry_skin
acorn,capable_of,produce_oak
acorns,capable_of,fall_from_oak_trees
acrobats,capable_of,walk_upside_down
acrobats,capable_of,work_alone_or_together
act_of_forgiveness,capable_of,absolve_of_shame
acting_president,capable_of,chair_meeting
acting_treasurer,capable_of,report_on_finances
action,capable_of,cause_change
action,capable_of,cause_effect
action,capable_of,result_in_reaction
action_figures,capable_of,entertain_children
actions,capable_of,give_meaning_to_beliefs
activilty_many_people,capable_of,do_play_music
activist,capable_of,battle_multinational_corporations
activist,capable_of,fight_government
activist,capable_of,forward_cause_to_politician
activist,capable_of,go_into_court
activist,capable_of,raise_consciousness
activist,capable_of,shake_things_up
activists,capable_of,starting_ruckus
activity,capable_of,near_end
actor,capable_of,act_badly
actor,capable_of,act_in_play
actor,capable_of,act_poorly
actor,capable_of,act_scene_in_play
actor,capable_of,appear_in_movie
actor,capable_of,appearing_at_theater
actor,capable_of,branch_out
actor,capable_of,cake_on_make_up
actor,capable_of,enter_scene
actor,capable_of,face_audience
actor,capable_of,milk_part
actor,capable_of,picture_scene
actor,capable_of,picture_scenery
actor,capable_of,play_part
actor,capable_of,present_award
actor,capable_of,pretend
actor,capable_of,put_on_costume
actor,capable_of,sign_name
actor,capable_of,sing_songs
actor,capable_of,star_in_broadway_show
actor,capable_of,star_in_film
actor,capable_of,star_in_movie
actor,capable_of,star_in_play
actor,capable_of,star_in_television_show
actor,capable_of,star_movie
actor,capable_of,wear_costume
actors,capable_of,act_badly
actors,capable_of,act_in_movie
actors,capable_of,crying_on_screen
actors,capable_of,expect_praise_from_audience
actors,capable_of,mimic_unhealthy_people
actors,capable_of,present_performance
actors,capable_of,remember_lines
actors,capable_of,sign_autographs
actors,capable_of,star_in_films
actors,capable_of,star_in_moview
actors,capable_of,strike_set
actors,capable_of,work_in_theater
actress,capable_of,cry_convincingly_on_cue
actress,capable_of,further_career
actress,capable_of,star_in_film
actress,capable_of,star_in_movie
actress,capable_of,star_in_play
actress,capable_of,star_in_shakespeare_play
actress,capable_of,star_in_show
actress,capable_of,study_lines
actresses,capable_of,star_in_movies
acts_of_kindness,capable_of,include_shoveling_snow_from_sidewalk
acupressurist,capable_of,press_fingers_on_another_person
addict,capable_of,need_drugs
adding_one_block,capable_of,even_two_towers
adding_water,capable_of,thin_liquid
adding_water,capable_of,thin_other_liquids
addition_of_energy,capable_of,cause_physical_object_to_burn
address_labels,capable_of,come_in_rolls
adele,capable_of,lay_blanket_on_ground
adhesive,capable_of,stick_labels_on_folders
adhesive_tape,capable_of,bind
adjective,capable_of,agree_with_noun
administrator,capable_of,head_research_group
adolescent,capable_of,act_childish
adolescent_boy,capable_of,eye_pretty_girl
adornment,capable_of,draw_attention
adroit_leader,capable_of,right_situation
adult,capable_of,act_like_child
adult,capable_of,dress_herself
adult,capable_of,dress_himself
adult,capable_of,drink_beer
adult,capable_of,drive_car
adult,capable_of,drive_train
adult,capable_of,explain_rules_to_child
adult,capable_of,feed_and_take_care_of_itself
adult,capable_of,gift_knowledge_to_child
adult,capable_of,hand_toy_to_child
adult,capable_of,help_child
adult,capable_of,keep_property
adult,capable_of,lead_child_by_hand
adult,capable_of,learn_to_mend_ways
adult,capable_of,marry
adult,capable_of,read_to_child
adult,capable_of,remember_childhood
adult,capable_of,settle_childrens_argument
adult,capable_of,sign_contract
adult,capable_of,sign_form
adult,capable_of,sleep_for_average_of_hours
adult,capable_of,use_lawn_mower
adult,capable_of,wait_to_go_to_bathroom
adult,capable_of,work
adult_birds,capable_of,feed_chicks
adult_child,capable_of,care_for_elderly_parents
adult_male,capable_of,grow_beard
adult_person,capable_of,smoke_cigarette
adulterers,capable_of,leave_in_hurry
adultery,capable_of,destroy_marriages
adults,capable_of,act_like_infants
adults,capable_of,care_for_babies
adults,capable_of,carry_infants
adults,capable_of,count
adults,capable_of,demand_respect_from_children
adults,capable_of,dress_themselves
adults,capable_of,drink_beer
adults,capable_of,drive_vehicle
adults,capable_of,eat_sushi
adults,capable_of,fail_to_pass_test
adults,capable_of,fight_like_children
adults,capable_of,mother_children
adults,capable_of,own_autos
adults,capable_of,smoke_cigarettes
adults,capable_of,tell_right_from_wrong
adults,capable_of,wonder_about_alot_of_things
adventuresome_person,capable_of,desire_to_see_new_places
adventurous_person,capable_of,scuba_dive
advertisements,capable_of,annoy
advertiser,capable_of,market_product
advertisers,capable_of,market_products
advertising,capable_of,increase_demand
advertising_agency,capable_of,market_product
advesary,capable_of,gain_upper_hand
adveturer,capable_of,discover_routes_to_new_places
advocate,capable_of,push_idea
aerobics_classes,capable_of,last_for_hour
aeroplane,capable_of,bank_to_left
aeroplane,capable_of,circle_airfield
aeroplane,capable_of,land_on_runway
aeroplanes,capable_of,carry_cars
aeroplanes,capable_of,carry_helicopters
aeroplanes,capable_of,carry_other_aeroplanes
aeroplanes,capable_of,travel_quickly
affair,capable_of,destroy_relationship
afghan,capable_of,growing_poppies
afraid,capable_of,head_for_hills
after_eat,capable_of,clean_face_with_napkin
after_exam,capable_of,go_to_restaraunt_to_celebrate
after_falling_in_love,capable_of,get_married
after_interview,capable_of,shoe_crowd_away
after_long_day_feet,capable_of,hurt
after_one_cooks_potatoes,capable_of,mash
after_play,capable_of,go_to_eatery_for_lunch
after_puberty_male,capable_of,father_child
age,capable_of,best_beauty
agency,capable_of,fine_company
agent,capable_of,ask_whether_to_perform_task
agent,capable_of,book_nightclub_act
agent,capable_of,book_ticket
agent,capable_of,close_deal_for_client
agent,capable_of,plant_information
agent,capable_of,start_to_act
agents,capable_of,list_houses
aggressive_person,capable_of,start_argument
aggrieved,capable_of,air_grievances
agile_boxer,capable_of,duck_punch
agile_person,capable_of,turn_on_dime
agile_vehicle,capable_of,bank_hard_into_turn
aging_boxer,capable_of,hang_up
agoraphobes,capable_of,fear_open_spaces
agoraphobia,capable_of,run_in_families
agoraphobic,capable_of,fear_open_spaces
agorophobe,capable_of,fear_to_leave_house
agressive_person,capable_of,push_around
ai,capable_of,learn_common_sense
ai,capable_of,play_chess_against_human
ai_software,capable_of,learn_few_things
aid_agencies,capable_of,feed_thousands_of_starving_people
aide,capable_of,offer_to_help
aids_virus,capable_of,infect_sexually_active_person
air,capable_of,blow_hard
air,capable_of,compressed_ina_can
air,capable_of,dissolve_in_water
air,capable_of,dry_clothes_hung_on_clothesline
air,capable_of,dry_paint
air,capable_of,raise_titanic
air,capable_of,transport_energy
air_brakes,capable_of,slow_tractor_trailers
air_compressor,capable_of,blow_air
air_conditioner,capable_of,cool_car
air_conditioner,capable_of,cool_or_warm_air
air_conditioner_repair_person,capable_of,service_air_conditioner
air_conditioning,capable_of,cool_hot_room
air_conditioning,capable_of,cool_house
air_force_jet,capable_of,strike_target
air_pollution,capable_of,damage_buildings_and_make_people_sick
air_pump,capable_of,help_to_make_basketball_better
air_traffic_control,capable_of,direct_airplanes_to_runways
air_traffic_controller,capable_of,talk_on_tower_frequency
air_traffic_controllers,capable_of,hand_off_to_other_controllers
aircraft,capable_of,drop_bomb
aircraft,capable_of,land_on_runway
aircraft_carrier,capable_of,carry_aircraft
airliners,capable_of,land_at_airport
airplane,capable_of,arrive_at_airport
airplane,capable_of,bank_quickly
airplane,capable_of,carry_immigrants
airplane,capable_of,circle_airfield
airplane,capable_of,circle_airport
airplane,capable_of,circle_airport_before_landing
airplane,capable_of,circle_around_airport
airplane,capable_of,crash_if_goes_wrong
airplane,capable_of,cross_ocean
airplane,capable_of,fly_upwards
airplane,capable_of,land_at_airstrip
airplane,capable_of,land_in_field
airplane,capable_of,land_on_landing_strip
airplane,capable_of,lift_person
airplane,capable_of,reach_destination
airplane,capable_of,roll_down_runway
airplane,capable_of,seat_passengers
airplane,capable_of,travel_across_world
airplane,capable_of,travel_faster_than_car
airplane,capable_of,travel_through_many_time_zones
airplane_engine,capable_of,die_causing_plane_to_crash
airplane_seat,capable_of,reclined
airplane_seats,capable_of,recline
airplanes,capable_of,accelerate
airplanes,capable_of,arrive_at_airports
airplanes,capable_of,arrive_late
airplanes,capable_of,bomb
airplanes,capable_of,carry_freight
airplanes,capable_of,carry_people
airplanes,capable_of,catch_on_fire
airplanes,capable_of,circle_airport
airplanes,capable_of,crash
airplanes,capable_of,enter_hangar
airplanes,capable_of,fly_through_clouds
airplanes,capable_of,haul_freight_as_cargo
airplanes,capable_of,land_on_runways
airplanes,capable_of,leave_on_time
airplanes,capable_of,lower_landing_gear
airplanes,capable_of,near_airports
airplanes,capable_of,plan_to_bomb_targets
airplanes,capable_of,raise_landing_gear
airplanes,capable_of,raise_people
airplanes,capable_of,run_out_of_fuel
airplanes,capable_of,slow_down
airplanes,capable_of,speed_up
airplanes,capable_of,stall
airplanes,capable_of,taxi
airplanes,capable_of,traveling_faster
airplanes_and_moths,capable_of,both_fly
alan,capable_of,plant_begonias
alarm,capable_of,trigger_siren
alarm_clock,capable_of,go_on_night_table
alarm_clocks,capable_of,have_snooze_button
alchohol,capable_of,cloud_judgement
alchohol,capable_of,injested
alcohol,capable_of,burn
alcohol,capable_of,cause_to_snore
alcohol,capable_of,cloud_judgement
alcohol,capable_of,cloud_mind
alcohol,capable_of,come_in_bottle
alcohol,capable_of,destroy_friendships
alcohol,capable_of,fool
alcohol,capable_of,lead_to_drunken_behavior
alcohol,capable_of,lower_inhibitions
alcohol,capable_of,lower_intelligence_quotient
alcohol,capable_of,make_one_nostalgic
alcohol,capable_of,slow_thinking
alcoholic,capable_of,bottom_out
alcoholic,capable_of,drink_lot_of_booze
alcoholic_beverages,capable_of,drunk
alcoholism,capable_of,lead_to_sclerosis_of_liver
alert_captain,capable_of,right_ship
alert_jogger,capable_of,step_around_hole
alert_people,capable_of,notice_computers_learn
alert_person,capable_of,note_small_details
ali,capable_of,allow_ahmad_to_help
ali,capable_of,allow_others_to_help
ali,capable_of,ask_question
ali,capable_of,attempt_to_make_friends
ali,capable_of,believe_in_world_of_peace
ali,capable_of,blowing_candle
ali,capable_of,box_very_well
ali,capable_of,bridge_communication_gap
ali,capable_of,burn_toast
ali,capable_of,care_to_go_first
ali,capable_of,cause_laughter
ali,capable_of,circle_around_block
ali,capable_of,count_money
ali,capable_of,coursing_through_course
ali,capable_of,deal_with_dog
ali,capable_of,delight_over_gift
ali,capable_of,double_furniture
ali,capable_of,end_arguement
ali,capable_of,explain_mathematics
ali,capable_of,feed_cat
ali,capable_of,field_question
ali,capable_of,fight_prejudice
ali,capable_of,fine_tennants
ali,capable_of,follow_ahmad
ali,capable_of,gain_more_money
ali,capable_of,gather_money
ali,capable_of,give_hand
ali,capable_of,honor_word_with_truth
ali,capable_of,increase_intelligence
ali,capable_of,journey_through_city
ali,capable_of,labor_till_dawn
ali,capable_of,mark_location
ali,capable_of,place_call
ali,capable_of,power_bicycle
ali,capable_of,pull_cart
ali,capable_of,push_himself_to_get_up
ali,capable_of,question_teacher
ali,capable_of,race_with_car
ali,capable_of,say_hi
ali,capable_of,sell_car
ali,capable_of,sell_products
ali,capable_of,separate_fact_from_fiction
ali,capable_of,set_example
ali,capable_of,slow_down
ali,capable_of,spread_margarine
ali,capable_of,stand_up_for_rights
ali,capable_of,succeed_in_real_estate
ali,capable_of,take_course
ali,capable_of,touch_within_reach
ali,capable_of,wear_shoes
ali,capable_of,weight_train
ali,capable_of,work_hard
alien,capable_of,look_scary
alienate,capable_of,mean_to_estrange_or_make_hostile
alive,capable_of,grow
all,capable_of,hope_for_better
all_animals,capable_of,move_parts_of_themselves
all_birds,capable_of,breathe
all_efforts,capable_of,amount_to_nothing
all_living_things,capable_of,die
all_living_things,capable_of,grow
all_mammals,capable_of,breathe
all_mammals_and_birds,capable_of,reason_analogically
all_mammals_and_birds,capable_of,reason_causally
all_people,capable_of,do_simple_things
all_people,capable_of,feel_sad
all_people,capable_of,hurt
all_reptiles,capable_of,breathe
all_sorts_of_things,capable_of,group_together
all_work,capable_of,amount_to_nothing
allergies,capable_of,produce_cold_like_symptons_or_hives
alleys,capable_of,dark_and_dangerous_places
almost,capable_of,become_president
almost,capable_of,happening_given_proper_circumstances
almost,capable_of,mail_letter_to_friend
almost,capable_of,master_native_tongue
almost_all_fish,capable_of,swim_faster_than_person
almost_all_people,capable_of,enjoy_art
almost_no_one,capable_of,train_cat
alphaland_and_betaslavia,capable_of,reach_peace
also_activities,capable_of,make_addictive
altruistic_person,capable_of,step_aside_for_greater_good
aluminum,capable_of,drop_forged
aluminum,capable_of,side_tacky_house
alzheimer_patients,capable_of,forget_even_simple_things
amanda,capable_of,start_business
amazon_dot_com,capable_of,ship_books_to_people_with_pcs
ambassador,capable_of,word_political_agreement
ambitious_king,capable_of,build_large_kingdom
ambitious_person,capable_of,get_ahead
ambulance,capable_of,drive_to_hospital
ambush,capable_of,surprise_enemy
american,capable_of,speak_english
american,capable_of,understand_english
american_restaurants,capable_of,give_free_refills_of_coffe
americans,capable_of,expect_freedoms
americans,capable_of,honor_flag
americans,capable_of,pay_taxes
americans,capable_of,voice_opinions
amish,capable_of,raise_barn
amish,capable_of,raise_barns
amish_people,capable_of,raise_barn
amish_woman,capable_of,drive_horse_and_buggy
ammonia,capable_of,clean_dirt_streaks_off_of_windows
amputated_limp,capable_of,continue_to_hurt
amputation,capable_of,happen_because_of_disease
amputation,capable_of,happen_because_of_traumatic_event
analemma,capable_of,track_position_of_sun
analyst,capable_of,study_whether_geography
analyst,capable_of,value_common_stock
anarchist,capable_of,agitate
anarchist,capable_of,carry_banner
ancient_religions,capable_of,involved_human_sacrifice
and,capable_of,part_company_right_now
and_alternatively_in_space,capable_of,fall_up
and_improperly_cooked_blowfish,capable_of,kill
and_judge,capable_of,overrrule_lawyer
and_on_other_hand,capable_of,live
and_posse,capable_of,roll_with_punches
and_spouse,capable_of,own_credit_card
andrew,capable_of,save_money_by_not_eating_desserts
android,capable_of,dream_of_electric_sheep
androids,capable_of,dream_of_electric_sheep
anesthetic,capable_of,eliminate_pain_sensations
angels,capable_of,fly_in_air
anger,capable_of,cause_people_to_commit_senseless_acts
anger,capable_of,cause_people_to_yell
anger,capable_of,divide_people
anger,capable_of,kill_relationship
anger,capable_of,produce_discontent
anger,capable_of,very_dangerous_emotion
angle_grinder,capable_of,cut_steel
angle_of_buttplate,capable_of,micro_adjusted_with_bottom_screw
angler,capable_of,fish_by_lake
angry_child,capable_of,call_another_child_bully
angry_dog,capable_of,kill_person
angry_people,capable_of,act_aggressive
angry_people,capable_of,cause_riots
angry_people,capable_of,fire_up
angry_people,capable_of,raise_voices
angry_people,capable_of,shout_and_pound_on_table
angry_people,capable_of,storm_from_room
angry_people,capable_of,storm_out
angry_person,capable_of,break_china_plate_to_bits
angry_person,capable_of,burn_with_rage
angry_person,capable_of,raise_hell
angry_person,capable_of,raise_voice
angry_person,capable_of,storm_away
angry_person,capable_of,storm_out_of_room
angry_person,capable_of,walk_away
animal,capable_of,die_in_laboratory
animal,capable_of,eating
animal,capable_of,feel_pain
animal,capable_of,fight_for_life
animal,capable_of,hear_other_voices
animal,capable_of,hear_own_voice
animal,capable_of,hunt_for_food
animal,capable_of,leave_home
animal,capable_of,live
animal,capable_of,live_long
animal,capable_of,move_itself_about
animal,capable_of,note_food
animal,capable_of,run_after_prey
animal,capable_of,scape_trap
animal,capable_of,sense_fear_in_human
animal,capable_of,sense_presence
animal,capable_of,step_into_trap
animal,capable_of,work_for_human_being
animal_actvist,capable_of,free_caged_animals
animal_camouflage,capable_of,fool_dangerous_enemies_or_prey
animal_species,capable_of,become_extinct
animals,capable_of,attack
animals,capable_of,bathe
animals,capable_of,bite
animals,capable_of,bleed_when_cut
animals,capable_of,carry_infections
animals,capable_of,copulate
animals,capable_of,defend_other_animals
animals,capable_of,die_of_cancer
animals,capable_of,die_only_once
animals,capable_of,dream_and_do_other_activities
animals,capable_of,drink
animals,capable_of,eat_spaghetti
animals,capable_of,feel_emotions
animals,capable_of,feel_pain
animals,capable_of,feel_pleasure
animals,capable_of,fight_each_other
animals,capable_of,fly
animals,capable_of,gain_wieght
animals,capable_of,gay
animals,capable_of,get_cold
animals,capable_of,get_disease
animals,capable_of,hunt_humans
animals,capable_of,keep_alive
acting_in_play,causes,applause
acting_in_play,causes,attention
acting_in_play,causes,audience_to_laugh
acting_in_play,causes,become_famous
acting_in_play,causes,becoming_professional_actor
acting_in_play,causes,being_on_stage
acting_in_play,causes,big_ego
acting_in_play,causes,breaking_leg
acting_in_play,causes,comraderie_with_other_actors
acting_in_play,causes,drama
acting_in_play,causes,dread_of_reviews
acting_in_play,causes,embarrasment
acting_in_play,causes,entertaining_others
acting_in_play,causes,fall
acting_in_play,causes,fame_and_wealth
acting_in_play,causes,fun
acting_in_play,causes,gaining_exposure
acting_in_play,causes,getting_famous
acting_in_play,causes,getting_noticed_by_agent
acting_in_play,causes,getting_paid
acting_in_play,causes,illogical
acting_in_play,causes,imitate_other_character
acting_in_play,causes,laughter
acting_in_play,causes,looking_foolish
acting_in_play,causes,might_get_applause
acting_in_play,causes,muscle
acting_in_play,causes,pride
acting_in_play,causes,receiving_roses
acting_in_play,causes,satisfactory
acting_in_play,causes,silliness
acting_in_play,causes,speaking_dialogue
acting_in_play,causes,stage_fright
acting_in_play,causes,sudden_reknown
acting_in_play,causes,win_leading_role
acute_episode_of_psychosis,causes,losing_touch_with_reality
adding_up_column_of_numbers,causes,adding_data
adding_up_column_of_numbers,causes,arriving_at_sum
adding_up_column_of_numbers,causes,bankruptcy
adding_up_column_of_numbers,causes,calculating_sum_of_numbers
adding_up_column_of_numbers,causes,called_sum
adding_up_column_of_numbers,causes,computing_sum
adding_up_column_of_numbers,causes,conclusion
adding_up_column_of_numbers,causes,earning_living
adding_up_column_of_numbers,causes,errors
adding_up_column_of_numbers,causes,eye_strain
adding_up_column_of_numbers,causes,find_sum
adding_up_column_of_numbers,causes,finding_solution
adding_up_column_of_numbers,causes,get_sum
adding_up_column_of_numbers,causes,getting_sum
adding_up_column_of_numbers,causes,getting_total
adding_up_column_of_numbers,causes,headaches
adding_up_column_of_numbers,causes,reaching_total
adding_up_column_of_numbers,causes,sum
adding_up_column_of_numbers,causes,sum_determined
adding_up_column_of_numbers,causes,sum_total
adding_up_column_of_numbers,causes,summary_of_information
adding_up_column_of_numbers,causes,testing_math_skills
adding_up_column_of_numbers,causes,total_of_accumalated_numbers
adding_up_numbers,causes,arrive_at_sum
adding_up_numbers,causes,brain_gets_tired
adding_up_numbers,causes,computing_total
adding_up_numbers,causes,concentration
adding_up_numbers,causes,confusion
adding_up_numbers,causes,evaluating_amounts
adding_up_numbers,causes,fear
adding_up_numbers,causes,find_sum
adding_up_numbers,causes,find_total
adding_up_numbers,causes,finding_sum
adding_up_numbers,causes,frustration_if_do_wrong
adding_up_numbers,causes,get_total
adding_up_numbers,causes,getting_proper_sum
adding_up_numbers,causes,getting_total
adding_up_numbers,causes,head_full_of_numbers
adding_up_numbers,causes,headache
adding_up_numbers,causes,headaches
adding_up_numbers,causes,making_mistake
adding_up_numbers,causes,mistakes
adding_up_numbers,causes,solving_problem
adding_up_numbers,causes,sum
adding_up_numbers,causes,total
adding_up_numbers,causes,totalling_sum
adding_up_numbers,causes,will_learn_sum
adultery,causes,rage
advancing_into_battle,causes,adrenaline_to_increase
advancing_into_battle,causes,attacking_enemy
advancing_into_battle,causes,battle_starts
advancing_into_battle,causes,death
advancing_into_battle,causes,die
advancing_into_battle,causes,dying
advancing_into_battle,causes,dying_slow_and_painful_death
advancing_into_battle,causes,excitement
advancing_into_battle,causes,extreem_pain
advancing_into_battle,causes,extreme_fear
advancing_into_battle,causes,fear
advancing_into_battle,causes,fear_and_excitement
advancing_into_battle,causes,fear_uncertainty_and_doubt
advancing_into_battle,causes,feeling_of_fear
advancing_into_battle,causes,fight
advancing_into_battle,causes,fighting
advancing_into_battle,causes,frontal_assault
advancing_into_battle,causes,get_shot_in_leg
advancing_into_battle,causes,getting_hurt
advancing_into_battle,causes,getting_killed
advancing_into_battle,causes,getting_wounded
advancing_into_battle,causes,heavy_losses
advancing_into_battle,causes,increase_of_fear
advancing_into_battle,causes,injuries
advancing_into_battle,causes,intense_interest
advancing_into_battle,causes,killing_people
advancing_into_battle,causes,men_get_killed
advancing_into_battle,causes,people_get_killed
advancing_into_battle,causes,people_might_die
advancing_into_battle,causes,people_to_fight
advancing_into_battle,causes,risking_life
advancing_into_battle,causes,risking_loss_of_life
advancing_into_battle,causes,serious_injury
advancing_into_battle,causes,shambles
advancing_into_battle,causes,soldiers_get_killed
advancing_into_battle,causes,war
affair,causes,divorce
affair,causes,scandal
affect,causes,feel
affix,causes,adhere
age,causes,senesce
ageing,causes,wrinkles
agreeing_with,causes,acceptance
agreeing_with,causes,accord
agreeing_with,causes,another_person_to_get_angry
agreeing_with,causes,band_together
agreeing_with,causes,boring_conversation
agreeing_with,causes,common_basis_for_action
agreeing_with,causes,compliance
agreeing_with,causes,conclusion_to_made
agreeing_with,causes,contract
agreeing_with,causes,defusing_of_argument
agreeing_with,causes,end_of_argument
agreeing_with,causes,friendship
agreeing_with,causes,happy
agreeing_with,causes,happyness
agreeing_with,causes,harmony
agreeing_with,causes,like
agreeing_with,causes,meeting_of_minds
agreeing_with,causes,nodding
agreeing_with,causes,peace
agreeing_with,causes,problem
agreeing_with,causes,rapport
agreeing_with,causes,reaching_concencus
agreeing_with,causes,reaching_concensus
agreeing_with,causes,smiles
agreeing_with,causes,subject_of_conversation_may_change
agreeing_with,causes,there_to_no_arguments
airplane_engine,causes,very_loud_noise
alarm,causes,danger
alcohol,causes,amnesia
alcohol,causes,do_stupid_things
alcohol,causes,drunkenness
alcohol,causes,hangover
alcoholism,causes,stigma
ambulance,causes,injury
analysing,causes,better_knowledge
analysing,causes,better_prediction_of_future_events
analysing,causes,better_understanding
analysing,causes,change
analysing,causes,confusions
analysing,causes,decide_to_get_drunk
analysing,causes,discovering_truth
analysing,causes,enlightened
analysing,causes,find_out_more_about
analysing,causes,friends_to_dislike
analysing,causes,greater_understanding
analysing,causes,headache
analysing,causes,insight
analysing,causes,knowing_all_about
analysing,causes,knowledge
analysing,causes,learn_more_about
analysing,causes,learning_about_structure
analysing,causes,learning_more_about
analysing,causes,miss_true_worth
analysing,causes,new_information_to_discovered
analysing,causes,new_insights
analysing,causes,new_knowledge
analysing,causes,see_things_in_different_way
analysing,causes,tension
analysing,causes,thinking
analysing,causes,thinking_about_details
analysing,causes,understand_better
analysing,causes,understanding
analysing,causes,understanding_structure
analysing,causes,will_understand_better
answered_prayer,causes,stronger_faith
answering_phone_call,causes,getting_wrong_number
answering_questions,causes,appear_smart
answering_questions,causes,asking_more_questions
answering_questions,causes,better_grade
answering_questions,causes,boredom
answering_questions,causes,children_will_learn
answering_questions,causes,confusion
answering_questions,causes,correct
answering_questions,causes,creative_insights
answering_questions,causes,discussion
answering_questions,causes,embarassment
answering_questions,causes,enlighting_others
answering_questions,causes,getting_anwsers
answering_questions,causes,getting_tired
answering_questions,causes,heart_searching
answering_questions,causes,information
answering_questions,causes,irritation
answering_questions,causes,making_mistake
answering_questions,causes,mind_boggling
answering_questions,causes,more_questions
answering_questions,causes,more_questions_to_come_to_mind
answering_questions,causes,panic
answering_questions,causes,people_to_ask_more_questions
answering_questions,causes,people_will_understand
answering_questions,causes,perplexed_feelings
answering_questions,causes,polite
answering_questions,causes,provide_listener_with_information
answering_questions,causes,questioner_to_ask_anot
answering_questions,causes,questioner_to_learn
answering_questions,causes,realizing_answers
answering_questions,causes,sadness
answering_questions,causes,satisfaction
answering_questions,causes,sharing_information
answering_questions,causes,teaching
answering_telephone,causes,having_long_boring_conversation
anxiety,causes,sleep_loss
applying_for_job,causes,anxiety
applying_for_job,causes,anxiety_and_fear
applying_for_job,causes,becoming_disappointed
applying_for_job,causes,becoming_employee
applying_for_job,causes,becoming_happy
applying_for_job,causes,being_employed
applying_for_job,causes,being_rejected
applying_for_job,causes,being_rejected_again
applying_for_job,causes,being_tested_for_drug_usage
applying_for_job,causes,both_anxiety_and_anticipation
applying_for_job,causes,broadening_options
applying_for_job,causes,dress_better_than_lusual
applying_for_job,causes,employment
applying_for_job,causes,excitment
applying_for_job,causes,frustration
applying_for_job,causes,get_job
applying_for_job,causes,getting_interview
applying_for_job,causes,getting_job
applying_for_job,causes,hope
applying_for_job,causes,income
applying_for_job,causes,increased_workload
applying_for_job,causes,interview
applying_for_job,causes,less_sleep
applying_for_job,causes,might_get_hired
applying_for_job,causes,not_getting_hired
applying_for_job,causes,offer
applying_for_job,causes,one_to_get_job
applying_for_job,causes,persperation
applying_for_job,causes,rejected
applying_for_job,causes,rejection
applying_for_job,causes,stress
applying_for_job,causes,work
applying_for_job,causes,working_hard
archaeology,causes,destroy_archaeological_record
argument,causes,violence
arousal,causes,ejaculation
arriving_late,causes,others_to_upset_with
arson,causes,sometimes_death
asking,causes,answering
asking_question,causes,getting_answer
asking_stupid_questions,causes,embarrassment
assault,causes,felony_conviction
assemble,causes,meet
attending_class,causes,better_understanding
attending_class,causes,boredom
attending_class,causes,falling_asleep
attending_class,causes,get_good_grades
attending_class,causes,getting_clever
attending_class,causes,getting_smarter
attending_class,causes,have_greater_knowledge
attending_class,causes,headaches
attending_class,causes,increased_discipline
attending_class,causes,inspiration
attending_class,causes,knowing_more
attending_class,causes,knowledge_increases
attending_class,causes,learn_new_things
attending_class,causes,learning
attending_class,causes,learning_new_subjects
attending_class,causes,more_people_in_room
attending_class,causes,needing_to_pay_attention
attending_class,causes,paritcipation
attending_class,causes,pass_exam
attending_class,causes,please_teacher
attending_class,causes,stress
attending_class,causes,taking_notes
attending_class,causes,tiredness
attending_class,causes,understanding
attending_classical_concert,causes,appreciation_of_beauty
attending_classical_concert,causes,awe
attending_classical_concert,causes,boredom
attending_classical_concert,causes,deep_appreciation_of_music
attending_classical_concert,causes,drowsiness
attending_classical_concert,causes,enjoyment
attending_classical_concert,causes,fall_asleep
attending_classical_concert,causes,falling_asleep
attending_classical_concert,causes,feeling_good
attending_classical_concert,causes,going_to_sleep
attending_classical_concert,causes,happiness
attending_classical_concert,causes,hearing_classical_music
attending_classical_concert,causes,hearing_music
attending_classical_concert,causes,listening_to_classical_music
attending_classical_concert,causes,listening_to_classical_muskic
attending_classical_concert,causes,might_enjoy_music
attending_classical_concert,causes,relaxation
attending_classical_concert,causes,sense_of_serenity
attending_classical_concert,causes,severe_boredom
attending_classical_concert,causes,sex_in_toilet
attending_classical_concert,causes,sleepiness
attending_classical_concert,causes,total_experience
attending_lecture,causes,boredom
attending_lecture,causes,change_opinion
attending_lecture,causes,drowsiness
attending_lecture,causes,extreme_boredom
attending_lecture,causes,fall_asleep
attending_lecture,causes,falling_asleep
attending_lecture,causes,gain_knowledge
attending_lecture,causes,gaining_knowledge
attending_lecture,causes,getting_bored
attending_lecture,causes,go_to_sleep
attending_lecture,causes,increaced_knowledge
attending_lecture,causes,inspiration
attending_lecture,causes,know_more_about_subject
attending_lecture,causes,learn
attending_lecture,causes,learning_about_topic
attending_lecture,causes,learning_subject_matter
attending_lecture,causes,listening_to_speaker
attending_lecture,causes,take_notes
attending_lecture,causes,wanting_to_fall_asleep
attending_lecture,causes,way_to_increase_knowledge
attending_lecture_dog,causes,left_alone
attending_meeting,causes,agenda_was_followed
attending_meeting,causes,being_briefed
attending_meeting,causes,being_laid_off
attending_meeting,causes,bigger_salary
attending_meeting,causes,boredom
attending_meeting,causes,communicating_with_other_people
attending_meeting,causes,extreme_agonizing_boredom
attending_meeting,causes,extreme_boredom
attending_meeting,causes,fall_asleep
attending_meeting,causes,get_job
attending_meeting,causes,getting_information
attending_meeting,causes,going_home_from_meeting
attending_meeting,causes,learning
attending_meeting,causes,learning_new
attending_meeting,causes,listening_and_conversing_with_others
attending_meeting,causes,named_on_committee
attending_meeting,causes,offer_opinion
attending_meeting,causes,recieving_tasks
attending_meeting,causes,result
attending_meeting,causes,sharing_ideas
attending_meeting,causes,sharing_information
attending_meeting,causes,sometimes_becoming_bored
attending_meeting,causes,speaking_too_much
attending_meeting,causes,stress_and_irritation
attending_meeting,causes,taking_notes
attending_meeting,causes,understanding
attending_meeting,causes,will_more_informed
attending_meeting,causes,work_out_details
attending_mit,causes,being_hosed_with_problem_sets
attending_rock_concert,causes,being_with_many_people
attending_rock_concert,causes,damaging_ears
attending_rock_concert,causes,dancing
attending_rock_concert,causes,deafness
attending_rock_concert,causes,ears_to_hurt
attending_rock_concert,causes,enjoying_yourself
attending_rock_concert,causes,euphoria
attending_rock_concert,causes,extreme_drunkeness
attending_rock_concert,causes,feel_like_dancing
attending_rock_concert,causes,feeling_high
attending_rock_concert,causes,feeling_tired_next_day
attending_rock_concert,causes,get_tinnitus
attending_rock_concert,causes,going_deaf
attending_rock_concert,causes,having_ears_damaged
attending_rock_concert,causes,having_fun
attending_rock_concert,causes,headaches
attending_rock_concert,causes,hearing_band
attending_rock_concert,causes,hearing_loss
attending_rock_concert,causes,hearing_loud_music
attending_rock_concert,causes,hearing_music_with_rocks_in
attending_rock_concert,causes,immense_joy
attending_rock_concert,causes,listening_to_music
attending_rock_concert,causes,losing_ones_hearing
attending_rock_concert,causes,loss_of_hearing
attending_rock_concert,causes,poor_hearing_next_day
attending_rock_concert,causes,reaching_enlightenment
attending_rock_concert,causes,ringing_ears
attending_rock_concert,causes,rock_and_roll
attending_rock_concert,causes,spending_money
attending_rock_concert,causes,temporarily_lose_hearing
attending_rock_concert,causes,urge_to_buy_cd
attending_school,causes,acquiring_knowledge_or_skills
attending_school,causes,boredom
attending_school,causes,catch_cold
attending_school,causes,colds_and_flu
attending_school,causes,detention
attending_school,causes,dropping_out
attending_school,causes,education
attending_school,causes,employability
attending_school,causes,get_smart
attending_school,causes,get_student_loans
attending_school,causes,getting_diploma
attending_school,causes,graduate
attending_school,causes,having_opportunities_to_learn
attending_school,causes,inspiration
attending_school,causes,learning
attending_school,causes,learning_how_to_insult_teacher
attending_school,causes,learning_to_take_place
attending_school,causes,meet_new_friends
attending_school,causes,might_get_education
attending_school,causes,much_work
attending_school,causes,perfect_attendance_record
attending_school,causes,receiving_homework_assignment
attending_school,causes,shooting_rampages_and_mass_murders
attending_school,causes,start_using_drugs
attending_school,causes,stupidity
attending_school,causes,taking_tests
attending_school,causes,would_in_class
avalanche,causes,crushing_village
awaking,causes,alertness
awaking,causes,annoyance
awaking,causes,becoming_alert
awaking,causes,bit_of_confusion
awaking,causes,depression
awaking,causes,discomfort
awaking,causes,eating_breakfast_and_drinking_coffee
awaking,causes,ensomia
awaking,causes,eyes_open
awaking,causes,eyes_opening
awaking,causes,eyes_to_open
awaking,causes,get_up
awaking,causes,getting_out_of_bed
awaking,causes,have_hangover
awaking,causes,headache
awaking,causes,heart_beats_fast
awaking,causes,irritability
awaking,causes,morning_breath
awaking,causes,need_for_coffee
awaking,causes,noticing_surroundings
awaking,causes,opening_both_eyes
awaking,causes,realization_need_coffee
awaking,causes,shock
awaking,causes,stopping_sleeping
awaking,causes,tiredness
awaking,causes,yawning
bacteria,causes,infection_in_cut
bacteria,causes,stink
bacteria_in_mouth,causes,bad_breath
bacterial_infection,causes,fever
bad_luck,causes,catastrophy
bad_weather,causes,power_outages
bag,causes,travel
baking,causes,burning_cake
baking_cake,causes,cake
baking_cake,causes,cake_being_eaten
baking_cake,causes,delicious_aroma
baking_cake,causes,distaste_for_cake
baking_cake,causes,family_happy
baking_cake,causes,fire
baking_cake,causes,frosting
baking_cake,causes,getting_visitors
baking_cake,causes,happiness
baking_cake,causes,having_messy_kitchen
baking_cake,causes,having_slice_myself
baking_cake,causes,make_frosting
baking_cake,causes,making_dessert
baking_cake,causes,making_happy_on_birthday
baking_cake,causes,making_kitchen_smell_wonderful
baking_cake,causes,making_mess
baking_cake,causes,nice_smell
baking_cake,causes,overeating
baking_cake,causes,pleasant_aroma
baking_cake,causes,putting_icing_on_top
baking_cake,causes,rise
baking_cake,causes,smelling_burnt
baking_cake,causes,smoke_alarm_to_sound
baking_cake,causes,use_eggs
baking_cake,causes,wonderful_smell
baking_cake,causes,wonderful_smells_to_fill_room
baking_turkey,causes,thanksgiving
bathing,causes,become_clean
bathing,causes,becoming_clean
bathing,causes,being_clean
bathing,causes,being_cleaner
bathing,causes,clean
bathing,causes,clean_baby
bathing,causes,clean_skin
bathing,causes,cleaning_body
bathing,causes,cleanliness
bathing,causes,cleansing_and_relaxation
bathing,causes,dirt_removed_from_pores
bathing,causes,dirt_will_go_away
bathing,causes,dry_skin
bathing,causes,getting_clean
bathing,causes,getting_cleaner
bathing,causes,getting_dog_clean
bathing,causes,getting_fresh
bathing,causes,getting_wet
bathing,causes,hygeine_will_improve
bathing,causes,making_yourself_clean
bathing,causes,nudity
bathing,causes,ring_around_tub
bathing,causes,skin_to_have_less_oil
bathing,causes,skin_to_wrinkle_up_temporarily
bathing,causes,smell_less
bathing,causes,smell_sweeter
bathing,causes,tension_to_ease
bathing,causes,use_soap
bathing,causes,wet_skin
bear_attack,causes,death
becoming_inebriated,causes,accidentally_set_yourself_afire
becoming_inebriated,causes,arrest
becoming_inebriated,causes,automobile_accidents
becoming_inebriated,causes,becoming_nauseated
becoming_inebriated,causes,crashing_car
becoming_inebriated,causes,death_and_destruction
becoming_inebriated,causes,drink_all_booze
becoming_inebriated,causes,drunk_driving
becoming_inebriated,causes,drunkenness
becoming_inebriated,causes,exciting_and_dangerous
becoming_inebriated,causes,fall_down
becoming_inebriated,causes,fall_down_and_go_boom
becoming_inebriated,causes,fights
becoming_inebriated,causes,having_hangover_next_morning
becoming_inebriated,causes,jail_time
becoming_inebriated,causes,loose_control_of_actions
becoming_inebriated,causes,lose_thinking_ability
becoming_inebriated,causes,losing_control_of_inhibitions
becoming_inebriated,causes,losing_respect_of_other_people
becoming_inebriated,causes,losing_soul
becoming_inebriated,causes,loss_of_awareness
becoming_inebriated,causes,loss_of_balance
becoming_inebriated,causes,loss_of_coherent_judgement
becoming_inebriated,causes,loss_of_good_judgement
becoming_inebriated,causes,paralysis
becoming_inebriated,causes,partial_loss_of_control
becoming_inebriated,causes,pass_out
becoming_inebriated,causes,poor_co_ordination
becoming_inebriated,causes,puke_in_hair
becoming_inebriated,causes,reduced_response_time
becoming_inebriated,causes,regret
becoming_inebriated,causes,sexual_inhabition
becoming_inebriated,causes,staggering
becoming_inebriated,causes,talking_nonsense
becoming_inebriated,causes,using_poor_judgement
becoming_more_clean,causes,being_happier
becoming_more_clean,causes,being_healthier
becoming_more_clean,causes,being_more_comfortable
becoming_more_clean,causes,dirt_to_go_away
becoming_more_clean,causes,dirt_to_gone
abdomen,has_a,organs
about_60_of_people_with_aids,has_a,signs_of_dementia
absolut_vodka,has_a,distinctive_bottle
accordian,has_a,shoulder_straps
accordian,has_a,straps
according_to_law,has_a,register_gun
accordion,has_a,keyboard
accordion,has_a,keyboard_like_piano
account,has_a,dollars
account_book,has_a,many_numbers
account_book,has_a,record_of_transactions
aches,has_a,different_intensities
acids,has_a,low_ph
acorn,has_a,seeds
acoustic_ceiling,has_a,rough_surface
acoustic_guitar,has_a,strings
acow,has_a,four_stomachs
action_to,has_a,purpose
actions,has_a,consequences
actors,has_a,big_egos_need
actors,has_a,dressers_who_help_change
adding_machine,has_a,roll_of_paper_tape
address_label,has_a,address_printed_on
adult_one_who,has_a,achieved_maturity_of_age
adult_people,has_a,sex_together
adults,has_a,larger_hands_than_children
adults,has_a,no_teeth
adults,has_a,one_boat_and_32_teeth
adults,has_a,poor_literacy
adults,has_a,poor_numeracy
adults,has_a,reached_legal_age
aeroplanes,has_a,seats
affective_love,has_a,warmth_and_tenderness
afghanistan,has_a,long_been_country_in_turmoil
africa,has_a,interesting_wildlife_like_warthog
africa,has_a,large_animals
africa,has_a,large_variety_of_animals
africa,has_a,many_facinating_animals
africa,has_a,many_third_world_countrys
africa,has_a,many_types_of_animals
africa,has_a,wild_animals
africans,has_a,dark_hair
after,has_a,mowed_lawn_trim_trees
after_dead,has_a,no_worries
after_driving,has_a,park_car
after_learning_language,has_a,lost_ignorance
after_pencil,has_a,been_sharpened_pencil_shorter
after_playing_game_players,has_a,take_showers
after_using_toilet,has_a,wash_hands
aging,has_a,effect_of_reducing_memory_function
aging,has_a,effect_of_wrinkling_skin
aids,has_a,many_complex_symptoms
air,has_a,oxygen
air,has_a,oxygen_nitrogen_and_carbon_dioxide
air,has_a,pressure
air_flowing_over_skin,has_a,cooling_effect
air_in_itself,has_a,no_color
airbag_technology,has_a,improved
airforce,has_a,airmen
airline_seat,has_a,designation
airline_seat,has_a,tray_table
airlines,has_a,baggage_weight_limits
airplane,has_a,emergency_brakes
airplane,has_a,propellers
airplane,has_a,wheels
airplane_can_fly_if,has_a,fuel
airplanes,has_a,disapeared_in_bermuda_triangle
airplanes,has_a,two_wings
airplanes,has_a,wings
airports,has_a,lot_of_parking_lots
airports,has_a,passenger_terminals
airports,has_a,runways
airports,has_a,windows
aisle,has_a,two_borders
al_qaeda,has_a,world_wide_operational_reach
al_saud_family,has_a,historic_ties_to_wahhabis
alabama,has_a,beaches
alarm_clocks,has_a,bells
alaska,has_a,longest_shoreline_of_state
albatrosses,has_a,narrow_wings
album,has_a,songs
alcohol,has_a,effect_of_intoxicating
alexa,has_a,kids
all_adults,has_a,no_milk_teeth
all_animals,has_a,bodies
all_animals,has_a,digestive_system
all_animals,has_a,skin_muscles_bones_and_organs
all_animals,has_a,tummies
all_animals_with_ears,has_a,two_ears
all_arachnids,has_a,eight_legs_and_arthropods
all_athletes,has_a,good_physical_strength
all_australian_prime_ministers,has_a,been_men
all_babies,has_a,mother_and_father
all_birds,has_a,feathers_and_lay_eggs
all_books,has_a,pages
all_buildings,has_a,entranceway
all_buildings,has_a,interior_area
all_cars,has_a,engine
all_cars,has_a,license_plates
all_cars,has_a,wheels
all_children,has_a,biological_mothers
all_children,has_a,two_parents
all_continents,has_a,coasts
all_continents,has_a,mountains
all_countries,has_a,capital
all_countries,has_a,regional_accents
all_cultures,has_a,marriage_ceremonies
all_cultures,has_a,own_sense_of_rhythm
all_cultures,has_a,sort_of_musical_expression
all_cultures,has_a,sports
all_cultures,has_a,taboos
all_doors,has_a,hinges_on
all_events,has_a,probability
all_female_mammals,has_a,breasts
all_fish,has_a,gills
all_fish_breathe_water_and,has_a,gills
all_followers,has_a,leader
all_followers,has_a,leaders
all_food_one_eats,has_a,taste
all_football_games,has_a,quarterbacks_playing_on_both_teams
all_higher_animals,has_a,nerves
all_houses,has_a,at_least_one_door
all_houses,has_a,toilets
all_human_beings,has_a,presence_in_three_dimensions
all_human_populations,has_a,inbuilt_resistance_to_prion_diseases
all_humans,has_a,bladders
all_humans,has_a,feelings
all_humans,has_a,internal_organs
all_humans,has_a,names
all_humans,has_a,naval
all_insects,has_a,six_legs
all_intelligent_systems,has_a,irreversible_processes
all_known_biological_life,has_a,carbon
all_known_ridges,has_a,sialic_basement
all_large_cities,has_a,courtrooms
all_leaders,has_a,followers
all_living_creatures,has_a,limited_lifespan
all_major_mines,has_a,very_substantial_cash_flows
all_males,has_a,penises
all_mammals,has_a,fur
all_mammals,has_a,hair
all_mammals,has_a,nipples
all_mammals,has_a,spinal_cord
all_mammals_breathe_air_and,has_a,lungs
all_matter,has_a,mass
all_medicines,has_a,risks_and_benefits
all_modern_cars,has_a,antiock_brakes
all_mult_storied_buildings,has_a,ground_floor
all_natural_gas,has_a,at_least_trace_quantities_of_helium
all_news,has_a,source
all_oceans,has_a,salt_water
all_octogons,has_a,eight_sides
all_people,has_a,brains
all_people,has_a,cheeks
all_people,has_a,feelings
all_people,has_a,free_will
all_people,has_a,muscles
all_people,has_a,parents
all_people,has_a,tongues
all_people_with_homes,has_a,addresses
all_prisons,has_a,criminals
all_real_things,has_a,been_constructed
all_safe_deposit_boxes,has_a,locks
all_safes,has_a,locks
all_sentences,has_a,meaning
all_sentences,has_a,nouns_and_verbs
all_setences,has_a,meaning
all_soccer_players,has_a,number_on_shirt
all_sports,has_a,rules
all_states,has_a,capitals
all_surgical_procedures,has_a,risks
all_things,has_a,impact_on_other_things
all_things,has_a,opposite
all_things_can_lift,has_a,colour
all_things_eat,has_a,taste
all_triangles,has_a,three_sides
all_triangles,has_a,three_sides_and_three_corners
all_trucks,has_a,engine
all_vertebrates,has_a,spines
allows_people_to,has_a,running_water_in_there_houses
almost_all_animals,has_a,one_head
almost_all_animals_including_humans,has_a,eyes
almost_all_cars,has_a,alternator_attached_to_engine
almost_all_neighborhoods,has_a,at_least_one_school
almost_all_people,has_a,vestigial_tail
almost_all_restaurants,has_a,automatic_dishwashers
almost_all_shoes,has_a,heels_on_shoe_bottom
almost_every_human,has_a,name
almost_every_shoe,has_a,one_heel_on_shoe_bottom
almost_everyone,has_a,one
alocohol,has_a,lower_boiling_point_than_water
alot_of_people_in_subdivision,has_a,basement_in_house
alphabet,has_a,all_letters
altec_lansing_computer_speaker_systems,has_a,won_performance_awards
alto,has_a,deeper_voice_than_soprano
alto,has_a,higher_voice_than_tenor
altoids,has_a,artificial_flavor
am_young_and,has_a,no_grandchildren
ambidexterous_person,has_a,ambidexterity
america,has_a,beaches
america,has_a,fought_wars_over_oil
america,has_a,high_criminal_population
america,has_a,strong_military
american_alphabet,has_a,twenty_six_letters
american_flag,has_a,fifty_stars
american_flag,has_a,more_stars_than_stripes
american_flag,has_a,thirteen_stripes
american_indians,has_a,many_gods
american_life,has_a,gotten_way_out_of_balance
american_telephone_number,has_a,area_code
americans,has_a,right_to_free_speech
americans_generally,has_a,lower_iq_than_europeans
amnesiac_can_forget,has_a,children
amphitheatres,has_a,no_roof
amusement_park,has_a,many_amusements
amusement_park,has_a,rides
ana_aprtment_house,has_a,many_apartments
analog_wristwatch,has_a,tiny_springs_and_gears
analogue_clock,has_a,two_or_three_hands
anatoly,has_a,kids
andrew,has_a,kids
angels,has_a,wings
animal,has_a,meat
animal_bodies,has_a,many_chemical_cycles
animals,has_a,almost_no_understanding
animals,has_a,babies
animals,has_a,bodies
animals,has_a,bones
animals,has_a,ears
animals,has_a,emotions
animals,has_a,eyes
animals,has_a,feelings
animals,has_a,feelings_and_emotions
animals,has_a,fur
animals,has_a,fur_coat
animals,has_a,keen_senses
animals,has_a,many_emotions
animals,has_a,millions_of_cells
animals,has_a,multiple_arteries
animals,has_a,muscles
animals,has_a,no_lips
animals,has_a,one_head
animals,has_a,shiny_coats
animals,has_a,strong_senses
animals,has_a,tail
animals,has_a,tails
animals_often,has_a,strange_common_names
animals_which,has_a,drowned_dead
animate_object,has_a,ability_to_move_itself
anise_seeds,has_a,sweet_licorice_flavor
another_way_to_say_jugs_generally,has_a,one_or_two_handles
answer_bonus,has_a,conscience
antarctic_peninsula,has_a,become_visibly_greener
antelope,has_a,four_legs
antiproton,has_a,negative_electric_charge
ants,has_a,antennae
ants,has_a,exoskeleten
anxiety_level,has_a,biological_cause
anything,has_a,potential_of_being_misused
apartment,has_a,door
apartment,has_a,kitchen
apartment_block,has_a,many_floors
apartment_building,has_a,many_individual_apartments
apartment_building,has_a,many_rental_units
apartment_building,has_a,rental_units
apartment_building,has_a,several_residential_units
apartment_building,has_a,thin_walls
apartment_house,has_a,apartments
apartment_house,has_a,many_apartments
apartment_house,has_a,multiple_families
apartments,has_a,balconys
apartments_often,has_a,thin_walls
apes,has_a,feelings_as_well_as_humans
appendage_animals,has_a,on_rearend
apple,has_a,core
apple,has_a,many_cooking_uses
apple,has_a,peel
apple,has_a,seeds
apple,has_a,seeds_inside
apple,has_a,skin
apple_juice,has_a,pale_yellow_color
apple_pie,has_a,crust_filled_with_apples
apples,has_a,peel
apples,has_a,seeds
apples,has_a,seeds_inside
apples,has_a,stems
apples_and_balloons,has_a,similar_shape
appliances,has_a,on_off_switches
appointment_book,has_a,pages
april,has_a,thirty_days
aquafresh,has_a,three_colors
aquarium,has_a,filter
aquarium,has_a,water
archive,has_a,original_source_documents
argentina,has_a,gos_23_provinces
arid_and_skied_both,has_a,and_d
arizona,has_a,deserts
arizona,has_a,most_telescopes_in_world
arm,has_a,hand
arm,has_a,one_hand
armchair,has_a,back
armchair,has_a,four_legs
armchair,has_a,two_arms
army,has_a,soldiers
army_recreational_areas,has_a,pool_tables
art_galleries,has_a,rooms
art_museums,has_a,famous_works_of_art_in
art_show,has_a,more_than_one_sculpture
artichokes,has_a,leaves
artichokes,has_a,thorns
article_in_magazine,has_a,facts
articles_in_paper,has_a,facts
artist_will,has_a,drawing_room
asim,has_a,kids
astrology,has_a,roots_in_prehistoric_times
astronauts,has_a,gone_to_moon
at_airport,has_a,check_in_luggage
at_gas_station_people_may,has_a,talk
at_least_75_of_humans,has_a,brown_eyes
at_most_jobs,has_a,do_writing
atlanta,has_a,botanical_garden
atlantic_ocean,has_a,many_fish
atlas,has_a,many_maps
atlas,has_a,maps
atm_machines,has_a,cash_in
atmosphere_of_mars,has_a,less_than_3_nitrogen
atoms,has_a,electrons
atoms,has_a,mass
attach_case,has_a,papers
attache_case,has_a,handle
attache_case,has_a,spring_loaded_latches
auditoriums,has_a,good_acoustics
august,has_a,thirty_one_days
australia,has_a,antarctic_station_at_casey
australia,has_a,dependency_problem
australia,has_a,high_level_of_managerial_capitalism
australia,has_a,lost_nearly_half_of_forests
australia_and_other_countries_desired_to,has_a,olympics
australian_baby_boomers,has_a,appalling_savings_record
australian_greens_party,has_a,bisexual_inclusive_policy
australian_institute_of_management,has_a,office_in_deakin_act
australian_sporting_organisations,has_a,increased_claims_on_insurance
australians,has_a,sexy_accents
austria_and_switzerland,has_a,same_border
autocratic_managers_subordinates,has_a,lowest_job_satisfaction
automobile,has_a,trunk
automobile_interiors,has_a,upholstery
automobiles,has_a,four_tires
automobiles,has_a,window_and_doors
automobiles_move_because,has_a,engines
average_human_being,has_a,two_arms
average_human_body,has_a,face
average_human_body,has_a,two_ears
average_human_body,has_a,two_eyes
average_person,has_a,iq_below_190
avocado,has_a,skin
avocadoes,has_a,green_flesh
avocados,has_a,more_protein_than_other_fruit
aw50,has_a,considerable_kickback
b_b_c,has_a,newsmen_who_report
babies,has_a,big_eyes
babies,has_a,father_and_mother
baby_boomers,has_a,vast_experience
baby_cats,has_a,sharp_nails
back_garden,has_a,plants
back_yard,has_a,fence_and_gate
backgammon,has_a,elements_of_both_skill_and_luck
backyard,has_a,grass
backyard_fence,has_a,gate_in
bagel_and_doughnut,has_a,same_basic_shape
bagels,has_a,hole_in_center
baking_oven,has_a,control_knobs
bald_men,has_a,less_hair_than_other_men
ball,has_a,three_dimensions
ballet_slippers,has_a,toes_full_of_sand
balpoint_pen,has_a,plastic_casing
banana,has_a,peel
bananas,has_a,peel
bananas,has_a,peels
bananas,has_a,potassium
band,has_a,rehearsal_to_practice_playing_music
band,has_a,trumpets
banjo,has_a,strings
bank_machine,has_a,no_intelligence
banks,has_a,accounts
banks,has_a,atms
banks,has_a,branches
banks,has_a,branches_in_neighborhoods
banks,has_a,coins
banks,has_a,customers
banks,has_a,insurance
banks,has_a,loan_officers
banks,has_a,officers
banks,has_a,pens_on_chains
banks,has_a,tellers
banks,has_a,waiting_lines
banks,has_a,waste_paper_baskets
barbeque_sauce,has_a,hickory_flavoring
barber_comb,has_a,larger_end_on_one_side
barber_shop,has_a,mirrors
barber_shop,has_a,scissors_in
barbershop_quartet,has_a,four_voices
barbi_dolls,has_a,no_soul
bars,has_a,customers
bars,has_a,pool_tables
baseball,has_a,skin_made_of_leather
baseball_diamond,has_a,outfield
baseball_field,has_a,diamond
baseball_field,has_a,several_diamonds
baseball_fields,has_a,dugouts_along_sides
baseballs,has_a,stitches
basin,has_a,water
basket,has_a,dirty_cloth_used_for_wash
basket_of_laundry,has_a,socks
basketball_court,has_a,net
basketball_court,has_a,two_halves
basketball_court,has_a,wood_surface
basketball_game,has_a,fixed_duration
basketball_team,has_a,five_members
basketballs_bounce_when,has_a,enough_air_in
bass_drum,has_a,very_deep_sounds
bass_guitar,has_a,four_strings
bat,has_a,wings
batch_file,has_a,series_of_ms_dos_commands
bath_shower,has_a,hot_and_cold_water
bathroom_scales,has_a,aluminum_parts
bathrooms,has_a,plumbing
bathrooms,has_a,sinks
bats,has_a,eyes
bats,has_a,leathery_wings
bats,has_a,little_snub_noses
bats,has_a,sensitive_hearing
bats,has_a,wings
bay,has_a,water
beach,has_a,lots_of_sand
beaches,has_a,palm_trees
beaches,has_a,sand_and_rocks
beanbag,has_a,beans_in
beanbag_chair,has_a,loose_structure
bear,has_a,claws
bear,has_a,snout
bears,has_a,fur
beauty_salons,has_a,very_potent_chemicals_in_use
beaver,has_a,four_legs
because_of_religious_ideas_wars,has_a,occured
become_graduated,has_a,go_to_school
bed,has_a,mattress
bedroom,has_a,chairs
bedroom,has_a,floor
bedroom,has_a,walls_floor_and_ceiling
beds,has_a,springs
bee_hives,has_a,hexagonal_cells
beer,has_a,alcohol
beer,has_a,alcohol_in
beer,has_a,bad_drug
beer,has_a,water
beer_belly,has_a,gotten_bigger
beer_mugs,has_a,glass_bottoms
being_hit_repeatedly_in_head,has_a,effect_of_braindamage
belinda,has_a,cold
bell,has_a,characteristic_shape
bell,has_a,clapper
belt,has_a,buckle
ben,has_a,prepared_turkey_for_thanksgiving
bermuda,has_a,never_planned_future
berries,has_a,seeds
bible,has_a,been_translated_into_many_languages
bible,has_a,many_truths
bicicle,has_a,two_pedals
bicycle,has_a,chain
bicycle,has_a,chain_drives_wheels
bicycle,has_a,two_peddles
bicycle,has_a,two_tires
bicycle,has_a,two_weheels
bicycle,has_a,two_wheels
bicycle,has_a,two_wheels_and_pedals
bicycles,has_a,pedals
bicycles,has_a,seats
bicycles,has_a,spokes
bicycles,has_a,two_wheel
bicycles,has_a,two_wheels
bicycles,has_a,wheels
bicylces,has_a,two_wheels
bicyles,has_a,two_wheels
big_breasted_blonde,has_a,effect_of_attracting_riff_raff
bike,has_a,two_wheels
bikinis,has_a,become_smaller_and_smaller
bill,has_a,green_car
bill,has_a,numbers
bill_clinton,has_a,lot_of_baggage
bill_clinton,has_a,slept_with_every_girl_in_town
bill_file,has_a,information_about_money
billfold,has_a,money
billfold,has_a,place_to_keep_currency
billings_montana,has_a,tornado_siren
bills,has_a,specific_amounts
billy,has_a,ashtma
billy,has_a,serious_problem
bingo_board,has_a,twenty_spaces
bird,has_a,feathers
bird,has_a,two_legs
bird,has_a,two_wings
bird,has_a,wings
birds,has_a,beaks
birds,has_a,bills
birds,has_a,difficult_time_in_winter
birds,has_a,eggs
birds,has_a,eyes
birds,has_a,feathers
birds,has_a,feathers_and_can_usually_fly
birds,has_a,feathers_and_wings
birds,has_a,feathers_cover_body
birds,has_a,good_eyesight
birds,has_a,language_without_words
birds,has_a,light_bones
birds,has_a,many_feathers
birds,has_a,musical_voices
birds,has_a,no_wings
birds,has_a,powerful_muscles_in_breasts
birds,has_a,tails
birds,has_a,tails_for_stability
birds,has_a,two_legs
birds,has_a,wings
birds,has_a,wings_and_most_birds_can_fly
birds_and_airplanes,has_a,wings
birds_fly_because,has_a,wings
birds_have_beaks_where_people,has_a,lips
birds_of_prey,has_a,sharp_eyes
birds_often,has_a,many_colours
birthday_cards,has_a,pictures_of_sheep_on
black_people,has_a,dark_colored_skin
blackboard,has_a,message_on
blank_page,has_a,no_markings_on
blender,has_a,on_off_switch
blocked_sunlight,has_a,powerful_effect_on_microclimate
blood,has_a,many_chemicals
blood,has_a,many_types_of_cells
blood,has_a,proteins
blood,has_a,water
blood_red_because,has_a,hemoglobin
blowdryer,has_a,different_heat_settings
blue_light,has_a,shorter_wavelength_than_red_light
blue_light_photons,has_a,more_energy_than_red_photons
blue_whale,has_a,not_recovered_from_hunting
blues_generally,has_a,flatted_thirds_and_sevenths
boat,has_a,flipped_over_has_capsized
boat,has_a,propellor
boat,has_a,sails
boats,has_a,motors
bob,has_a,first_hand_knowledge_on_african_game
bob,has_a,kids
bob,has_a,very_painful_toothache
bob_dylan,has_a,funny_voice
bob_may,has_a,kissed
bodies,has_a,bones
a,has_property,fist_letter_of_alphabet
a,has_property,vowel
about_ten_percent_of_people,has_property,left_handed
absoulut,has_property,same_as_perfect
access_to_psychiatric_treatment,has_property,far_from_universal
accident_when,has_property,unintentional
accidents,has_property,fatal
accordian_bag,has_property,lightweight
accounting,has_property,logical
accounting_systems,has_property,valuable
accuracy,has_property,very_important_to_researchers
ace,has_property,very_high
acid,has_property,dangerous
acid,has_property,fun
acid_rain,has_property,polluted_and_harmful_to_environment
acne,has_property,very_unpleasant
acne_medication,has_property,smelly
acoustic_ceiling,has_property,good_for_playing_music
acre,has_property,one_of_brazilian_states
acronyms,has_property,very_common_in_computer_industry
acrylic,has_property,plastic
act,has_property,bold
acting_to_make_universe_better,has_property,good
action,has_property,past_or_present
action_divided_trough_reaction,has_property,one
active_state_space,has_property,abbreviated_to_ass
activities,has_property,more_strenuous_than_others
actor,has_property,different_from_role_plays
actors,has_property,playing_in_plays
actors,has_property,working_in_theater
acts_of_war,has_property,only_appropriate_upon_invasion
addiction,has_property,bad
addition,has_property,commutative
address_label,has_property,affixed_to_envelope
address_label,has_property,affixed_to_packages
address_label,has_property,easy_to_tear
adolescents,has_property,greedy
adrienne,has_property,staying_with_kathy_evening
adult_sea_lampreys,has_property,shaped_like_eels
adults,has_property,elder_to_kids
adults,has_property,greedy
adults,has_property,immature
adults,has_property,older_than_children
adults_with_ad,has_property,more_likely_to_have_ocd_features
adults_wtih_ocd,has_property,more_likely_to_have_autistic_features
adventure_holidays,has_property,popular_with_young_people
advertisement,has_property,irritating
advertisement_in_paper,has_property,expensive
advertising_panel,has_property,objectionable_to_many_people
advertising_real_estate,has_property,not_cost_effective
advertisments,has_property,reliable
advertisments,has_property,true
advertisments,has_property,unreliable
aerial_bomb,has_property,destructive
aerobic_excersize,has_property,good_for_heart
aerobic_exercise,has_property,different_than_weight_training
aerobics,has_property,great_for_elderly
aeroplane,has_property,more_expensive_than_c_ar
aerosolising_anthrax_spores,has_property,difficult_and_costly
africa,has_property,one_of_largest_continents
after_aeroplane_takes_off,has_property,flying
after_cutting_grass_grass,has_property,short
after_divorce,has_property,free
after_exercise,has_property,good_to_have_rest
after_night_day,has_property,coming
after_sun_sets,has_property,nighttime
after_visiting_museum,has_property,very_tired
agility,has_property,more_important_than_strength
agreement,has_property,good
ai,has_property,good
aids,has_property,fatal
air,has_property,invisible
air,has_property,transparent
air_conditioner,has_property,very_important_in_warm_climates
air_conditioners,has_property,heavy
air_conditioning,has_property,very_important_in_hot_weather
air_temperature_of_100,has_property,very_hot
air_travel,has_property,fast
air_up_in_mount_thabana,has_property,thin_and_difficult_to_breathe
airline_seat,has_property,small
airport,has_property,next_to_field
airports,has_property,full_of_people
airports,has_property,very_strict_about_security
airports,has_property,well_designed
airposts,has_property,well_designed
aisle,has_property,long_and_thin
aisle_in_airplane,has_property,very_narrow
al_gore,has_property,older_than_britney_spears
alaea_salt,has_property,salt_mixed_with_ferruginous_red_earth
alagoas,has_property,one_of_brazilian_states
alarms,has_property,loud
alaska,has_property,cold
albert_einstein,has_property,dead
albinos,has_property,white
alcohol,has_property,addictive
alcohol,has_property,addictive_for_people
alcohol,has_property,intoxicating
alcohol_poisoning,has_property,dangerous
alcoholic,has_property,difficult_to_live_with
alcoholics,has_property,more_likely_to_get_drunk
alexa,has_property,nuts
alfred,has_property,singing_in_choir
ali,has_property,happy
alians,has_property,weird
aliens,has_property,intelligent
all,has_property,clouded_by_desire
all,has_property,suffering
all_baby_animals,has_property,cute_except_snakes
all_base,has_property,belong_to_us
all_beverages,has_property,liquid
all_bulls,has_property,male
all_cars,has_property,expensive
all_cds,has_property,round
all_cells,has_property,alive
all_continents_earth,has_property,subject_to_lightening
all_dogs,has_property,very_very_cute
all_entities_conscious,has_property,alive
all_extra_kittens,has_property,free_in_every_town_every_week
all_facts,has_property,subjective
all_facts,has_property,useful
all_homosexuals,has_property,smart
all_hot_dogs,has_property,full_of_weird_meat
all_human_beings,has_property,alive
all_humans,has_property,equal
all_kings,has_property,male
all_known_planets,has_property,round
all_lawyers,has_property,human
all_life,has_property,equal
all_life_forms,has_property,intelligent_in_own_way
all_people,has_property,different
all_people,has_property,human
all_people,has_property,innocent_until_proven_guilty
all_people_in_modern_world,has_property,programmed_to_consumers
all_persons,has_property,ill
all_planets,has_property,round
all_precious_stones,has_property,expensive
all_temperatures_below_zero,has_property,cold
all_things_have_real_feelings,has_property,alive
all_vegetables,has_property,organic
all_weasel,has_property,belong_to
all_wheel_drive,has_property,abbreviated_to_awd
all_words,has_property,important
alley,has_property,dark
alligators,has_property,carnivorous
alligators,has_property,cold_blooded
almost_all_books,has_property,rectangular
almost_all_firetrucks,has_property,colored_red
almost_all_games,has_property,competitive
almost_all_liquid_metals,has_property,hot
almost_all_metals,has_property,solid
almost_all_uncles,has_property,older_than_nieces_and_nephews
aloof_person,has_property,reserved_cool_and_distant
alot_of_people,has_property,competitive
alpha_melanocyte_stimulating_hormone,has_property,abbreviated_to_msh
altar,has_property,sacred
alto,has_property,lower_than_soprano
aluminium,has_property,light
aluminium,has_property,much_harder_than_wood
aluminum,has_property,recyclable
aluminum,has_property,valuable_as_recyclable
aluminum_powder,has_property,flammable
am_uncertain_if,has_property,true
amapa,has_property,one_of_brazilian_states
amazonas,has_property,one_of_brazilian_states
america,has_property,dangerous
american_cars,has_property,low_quality
american_english,has_property,different_from_british_english
american_english,has_property,different_than_australian_english
american_football,has_property,more_like_rugby_than_football
american_people_in_general,has_property,very_fond_of_ketchup
american_sports,has_property,silly
americans,has_property,proud_of_freedoms
americans,has_property,proud_of_heritage
americans,has_property,tense_looking_for_ways_to_relax
amway,has_property,scary
analysis,has_property,important_to_chess_players
anaphalactic_shock,has_property,fatal_if_not_treated_immediately
anatoly,has_property,nuts
and_chewing_tobacco,has_property,disgusting
andalusian_horses,has_property,elegant
andalusian_horses,has_property,popular_in_parades
andrew,has_property,nuts
andy,has_property,nuts
anger,has_property,unpleasant
anger_and_hate,has_property,very_powerful_hard_to_control_emotions
angle_grinder,has_property,dangerous
angry_people,has_property,dangerous
animal,has_property,alive
animals,has_property,alive
animals,has_property,born_and_then_grow_larger
animals,has_property,born_small_and_then_get_bigger
animals,has_property,edible
animals,has_property,friendly
animals,has_property,immune_to_poisons
animals,has_property,killed_and_processed_for_food
animals,has_property,more_equal_than_others
animals,has_property,nocturnal
animals,has_property,opaque
animals,has_property,poisonous_to_humans
animals,has_property,sensitive_to_higher_pitches_than_humans
animals,has_property,territorial
animals_and_plants,has_property,alive
animals_can_reason_food,has_property,near
animals_in_jungle,has_property,scary
animals_show_teeth_when,has_property,angry
anime,has_property,awesome
anime,has_property,very_popular_in_japan
anna,has_property,nuts
annual_general_meeting,has_property,abbreviated_to_agm
annual_wealth_tax,has_property,feasible
another_good_way_to_burn_calories,has_property,walking
another_way_to_say_bob,has_property,cold
another_way_to_say_water,has_property,wet
another_world_for_biological_family,has_property,kin
antarctic_glaciers,has_property,accelerating_toward_sea
anthrax,has_property,fatal
anthrax_spores,has_property,hardy
anthrax_toxin_receptor,has_property,abbreviated_to_atr
anti_lock_brakes,has_property,abs
anti_materiel_rifle,has_property,abbreviated_to_amr
antibiotics,has_property,ineffective_towards_killing_virus
anticipation,has_property,receptive_and_open
antique_books,has_property,very_expensive
antique_textiles,has_property,rare_and_fragile
antisemites_believe_jews,has_property,inferior
antlers,has_property,shaped_like_trees
antonyms_for_derogatory,has_property,favorable_flattering_and_complimentary
ants,has_property,very_strong
anxiety_neurosis,has_property,more_common_among_introverts
anxiety_neurotics,has_property,tense_irritable_and_easily_upset
anxiolytic_drugs_and_therapies,has_property,very_popular
anything,has_property,rolling_with_enough_pressure
aome_bark,has_property,ground_and_used_as_spice
apartment,has_property,cheap_housing
apartment,has_property,one_kind_of_living_quarters
aperson_who_has_allergies,has_property,allergic_to
aphids,has_property,light_green
aphotograph,has_property,one_kind_of_image
appealing_looking_cat,has_property,cute
appearance_of_foods,has_property,important_to_enjoyment
appearances,has_property,deceptive
apple,has_property,green
apple,has_property,one_kind_of_fruit
apple,has_property,opaque
apple,has_property,red
apple,has_property,red_or_green
apple_good_if,has_property,red_and_juicy
apple_juice,has_property,good
apple_juice,has_property,good_for_health
apple_juice,has_property,refreshing_to_drink
apple_juice,has_property,very_refreshing
apples,has_property,about_as_big_as_baseballs
apples,has_property,crisp
apples,has_property,edible
apples,has_property,good_for
apples,has_property,good_to_eat
apples,has_property,green
apples,has_property,red
apples,has_property,red_and_green_and_ripe
apples,has_property,red_yellow_or_green
apples,has_property,red_yellow_or_green_in_color
apples,has_property,small_enough_to_carry_by_hand
apples,has_property,sweet_or_sour
apples,has_property,yellow
apples,has_property,yellow_green_and_red
apples_and_balloons,has_property,round
apples_and_lizards,has_property,yellow
arabic_language,has_property,composed_of_28_characters
arcane,has_property,same_as_mysterious
arch,has_property,strong_in_compression
arch,has_property,weak_in_tension
archives,has_property,dangerous
archway,has_property,rounded_at_top
areas,has_property,unincorporated
arenas,has_property,big
argyle_mine,has_property,famous_for_champagne_diamonds
arithmetic,has_property,helpful_in_designing_buildings
arizona,has_property,inland_from_sea
armoire_built_by_chippendale,has_property,very_expensive
army,has_property,full_of_soldiers
arrows,has_property,long_and_have_sharp_point
arrows,has_property,shaped_to_fly_well
arson,has_property,bad
arson,has_property,sad
art,has_property,abstract
art,has_property,beautiful
art,has_property,innate
art,has_property,more_important_than_war
art,has_property,philosophical
art,has_property,subjective
art,has_property,very_old
art_objects,has_property,very_expensive
art_of_killing,has_property,questionable
art_of_living,has_property,one_of_most_ignored_arts
arteries,has_property,necessary_for_blood_to_flow
artichokes,has_property,green
artisan_who,has_property,skilled_in_particular_craft
artists,has_property,considered_crazy
artists,has_property,powerful
arts,has_property,essential_to_world
artsy_foreign_films,has_property,hard_to_enjoy
as_of_novenber_2000_humans,has_property,living_in_space
as_succesful_author,has_property,easy_for_to_publish
asia,has_property,large
asian_girls,has_property,very_attractive
asim,has_property,nuts
asleep,has_property,alive
aspartame,has_property,bad_for_human_health
asphalt,has_property,opaque
aspirin,has_property,dangerous_if_take_too_much
association_of_southeast_asian_nations,has_property,abbreviated_to_asean
aster,has_property,perennial
astilbe,has_property,perennial
astromony,has_property,boring_to_mos_ordinary_folk
astromony,has_property,boring_to_most_ordinary_folk
astronomical_unit,has_property,abbreviated_to_au
asymetry,has_property,more_interesting
asymmetric_digital_subscriber_line,has_property,abbreviated_to_adsl
at_body_temperature_water,has_property,liquid
at_camp_swimming,has_property,fun
at_high_speeds_bat,has_property,lethal
at_night_sky,has_property,black
at_night_sky,has_property,dark
at_night_sky,has_property,full_of_stars
at_reunion,has_property,likely_to_see_aunts
atheists,has_property,more_likely_to_believe_in_evolution
athena,has_property,one_of_twelve_olympians
athletes,has_property,very_focused
athletic_humans,has_property,likely_to_eat_meat
atlantic_ocean,has_property,full_of_water
atlantic_ocean,has_property,responsible_for_major_weather_patterns
atmosphereof_jupiter,has_property,very_deep
atom,has_property,very_very_small
atom_egoyan,has_property,canadian
atomic_bombs,has_property,dangerous
atomic_clock,has_property,very_accurate
atomic_oxygen,has_property,harmful_to_human_health
atoms,has_property,very_small
atoms,has_property,very_tiny
attempt_to_find_truth,has_property,good
attempting_to_clone_children,has_property,irresponsible
attention,has_property,drawn_to_different
attention,has_property,drawn_to_strange
attention,has_property,important_to_self_esteem
attention_deficit_hyperactivity_disorder,has_property,abbreviated_to_adhd
attics,has_property,hot_in_summer
attribute,has_property,similar_to_property
au,has_property,gold
audi,has_property,beautiful
australia,has_property,acting_in_unilateral_manner
australia,has_property,one_of_driest_continents
australia,has_property,one_of_seven_named_continents
australian_bureau_of_statistics,has_property,abbreviated_to_abs
australian_capital_territory,has_property,abbreviated_to_act
australian_capital_territory,has_property,landlocked
australian_capital_territory,has_property,small_jurisdiction
australian_capital_territory,has_property,surrounded_by_new_south_wales
australian_competent_manager_program,has_property,abbreviated_to_acmp
australian_computer_society,has_property,abbreviated_to_acs
australian_defence_industries,has_property,abbreviated_to_adi
australian_football_league,has_property,abbreviated_to_afl
australian_junior_college,has_property,equivalent_to_united_states_high_school
australian_labor_party,has_property,abbreviated_to_alp
australian_police,has_property,disinterested_in_cyling_offences
australian_public_service,has_property,abbreviated_to_aps
australian_sign_language,has_property,abbreviated_to_auslan
australian_stock_exchange_limited,has_property,abbreviated_to_asx
authority,has_property,wrong
auto_oxidation,has_property,abbreviated_to_ao
autocracy_once_secured_in_saddle,has_property,difficult_to_dislodge
automatic_gate,has_property,electric
automobiles,has_property,destructive_to_global_environment
autumn_leaves,has_property,colorful
autumn_leaves,has_property,nice_to_look_at
ax,has_property,useful_for_chopping_wood
axes,has_property,sharp
b,has_property,second_letter_of_alphabet
babies,has_property,immature
babies,has_property,innocent
babies,has_property,more_spherical_than_adults
babies_children_who,has_property,new_to_world
babies_cute_but_teenagers,has_property,interesting
babies_might_cry_because,has_property,sick
baby,has_property,beginning_to_talk
baby_bird,has_property,growing_inside_each_of_eggs
baby_can_cry_when,has_property,hungry
baby_humans_and_baby_animals,has_property,cute
babylon_5,has_property,much_better_than_star_trek
bach,has_property,beautiful
back_courtyard,has_property,pretty
back_seat_of_car,has_property,notorious_for_teenage_trysts
backgammon,has_property,fun
backpack,has_property,useful_for_camping
backyard_pool,has_property,nice_on_hot_summer_days
bacteria,has_property,alive
bacteria,has_property,benign_and_do_not_cause_disease
bacteria,has_property,harmful
bacteria,has_property,microscopic
bacteria,has_property,very_small
bacterial_growth,has_property,retarded_by_low_temperatures
bactroban_nasal_ointment,has_property,white
bad_food,has_property,bad
bad_karma,has_property,eating_at_soul
bad_sex,has_property,rude
bad_weather,has_property,unavoidable
badminton,has_property,fast_paced
badminton,has_property,similar_to_tennis
bagel_with_cream_cheese,has_property,incomplete_without_lox
bagels,has_property,boiled_and_then_baked
bagging_groceries_exercise_but,has_property,boring
bahia,has_property,one_of_brazilian_states
baked_bread,has_property,very_tasty
baked_chicken,has_property,tasty
bakelite,has_property,substitute_for_porcelain
baking_oven,has_property,hot
balalaika,has_property,triangular
balance,has_property,important_in_many_things
balance_of_power,has_property,changing
balanced_diet,has_property,good_for
balcony_railings_ensure_people,has_property,safe
bald_men,has_property,sexy
bald_men_wear_hats_when,has_property,cold_outside
balefires,has_property,traditional_on_beltane
balefires,has_property,traditional_on_midsummer
balefires,has_property,traditional_on_youle
balefires,has_property,traditional_on_yule
ball,has_property,circular
ball,has_property,formal
ball,has_property,rolling_down_street
ball,has_property,rolling_on_sports_field
ball,has_property,round
ball,has_property,round_and_fun_to_bounce
ball,has_property,spherical
ball_bearings,has_property,round
ball_often,has_property,round
balloon_flower,has_property,perennial
balloons,has_property,colorful
balloons,has_property,filled_with_air_when_inflated
balloons,has_property,red
balloons,has_property,rubber
balls,has_property,round
balls,has_property,very_popular_in_games_of_sport
balls,has_property,visible
baloon,has_property,flying_in_air
baloon,has_property,fun
bamboo,has_property,very_difficult_to_kill
banana,has_property,good_to_eat
banana,has_property,yellow
banana_peels,has_property,red
banana_peels,has_property,yellow
bananas,has_property,nutritious
bananas,has_property,rich_in_potassium
bananas,has_property,yellow
band_aid,has_property,sterile_until_opened
band_aids,has_property,quick_to_apply
bandages,has_property,useful_if_hurt
bands,has_property,better_than_others
bands,has_property,eclectic
bane,has_property,dangerous_or_destructive
bane_which,has_property,evil_or_dangerous
banks,has_property,competitive
banks,has_property,near_parking
banks,has_property,well_lit
banks_where_money,has_property,stored_and_redistributed
barbecue,has_property,mushy_if_overcooked
barbecue_restaurant,has_property,popular_in_south
barbecues,has_property,held_when_weather_sunny
barber_comb,has_property,just_like_other_comb
barber_comb,has_property,long_and_narrow
barbital,has_property,one_of_first_barbiturates
bark,has_property,rough
baroque,has_property,one_form_of_classical_music
barrels,has_property,hollow
barry,has_property,nuts
baseball,has_property,fun_to_play
baseball,has_property,hard
baseball,has_property,more_popular_in_japan_than_ping_pong
baseball,has_property,round
baseball,has_property,very_popular_in_japan
baseball_bats,has_property,available_at_toy_stores
baseball_field,has_property,green
basement,has_property,finished_or_unfinished
basement,has_property,similar_to_cellar
bash_shell,has_property,popular_among_linux_users
basic_tenets_of_global_warming,has_property,solid
basket,has_property,woven_from_fibrous_material
basket_of_laundry,has_property,heavy
basketball,has_property,big_and_orange
basketball,has_property,bounced_up_and_down
basketball,has_property,full_of_air
basketball,has_property,one_form_of_exercise
basketball,has_property,orange_in_color_and_round
basketball,has_property,popular_in_america
basketball,has_property,punctured
basketball,has_property,round
basketball,has_property,very_popular_with_western_children
basketball_court,has_property,full_of_very_tall_people
basketballs,has_property,easy_to_bounce
bass_clarinet,has_property,lower_than_alto_clarinet
bass_drum,has_property,essential_in_complete_drum_kit
bath,has_property,relaxing
bath,has_property,relaxing_when_feel_stressed
bathroom,has_property,dark
bathroom,has_property,painted_white
bathtub_longer_than,has_property,tall
batteries,has_property,alkaline
battery_acid,has_property,toxic
bay,has_property,close_to_sea
bay_of_islands,has_property,north_of_auckland
bay_window,has_property,awesome_and_lovely
bazaar_where_things,has_property,bought_or_sold
bbq,has_property,short_for_barbeque
beach_ball,has_property,round
beach_towel,has_property,absorbent
beach_towel,has_property,very_heavy_when_wet
beaches,has_property,full_of_crumbled_seashells
beaches,has_property,popular
beaches,has_property,sandy
beaches_in_cyprus,has_property,popular_with_tourists
beam_from_flashlight,has_property,visible_when_smokey
beanbag,has_property,soft
beanbags,has_property,comfortable
beanbags,has_property,comfortable_to_sit_on
beanie_babie,has_property,collected_and_traded
beanie_baby,has_property,collectible
beans_and_tortillas,has_property,good_to_eat
beautiful_architecture,has_property,photogenic
beautiful_women,has_property,cruel
beauty,has_property,more_than_skin_deep
beauty_salons,has_property,popular_among_women
beauty_treatments,has_property,fun
because_baskets,has_property,up_high
because_of_consciousness,has_property,limited_to_senses
because_of_one_thing_there,has_property,another
because_web,has_property,hosted_on_internet
bed,has_property,flat
bedrooms,has_property,one_part_of_house
bedrooms,has_property,square
beds,has_property,mostly_for_sleeping_resting_and_napping
beer,has_property,better_than_tea
beer,has_property,harmful
beer,has_property,intoxicating
beer,has_property,liquid
beer,has_property,nice_for_adult_humans
beer,has_property,tasty
beer,has_property,top_or_bottom_fermented
bees,has_property,good_for_crops
bees,has_property,important_to_growing_crops
beestings,has_property,painful
beets,has_property,purple
bega_valley_in_southern_nsw,has_property,famous_for_fine_cheeses
beginning_musician,has_property,annoying
being_afraid,has_property,natural
being_afraid_of_unknown,has_property,natural
being_autonomous,has_property,useful_to_one_who_preaches
a,is_a,or
a,is_a,set_containing_one_element
a,is_a,blood_group
a,is_a,letter
a,is_a,basketball_league
a,is_a,programming_language
a,is_a,musical_artist
a,is_a,ship
a60,is_a,austin_car
a6_series,is_a,maserati
aa,is_a,standard_battery_specification
aa,is_a,n_6_fatty_acid
aa,is_a,pufa
aa,is_a,tangible_thing
aa,is_a,lava
aa,is_a,person
aa,is_a,river
aa,is_a,plant
aa_battery,is_a,small_appliance_battery
aa_l37a1_machine_gun,is_a,air_cooled_machine_gun
aa_l37a1_machine_gun,is_a,anti_aircraft_weapon
aa_l37a1_machine_gun,is_a,belt_fed_automatic_firearm
aa_l37a1_machine_gun,is_a,gas_operated_automatic_firearm
aa_l37a1_machine_gun,is_a,general_purpose_machine_gun
aaa_battery,is_a,small_appliance_battery
aaai_conference,is_a,computer_science_conference
aaai_workshop,is_a,workshop
aaargh,is_a,video_game
aachen,is_a,town
aachen,is_a,administrative_region
aaddzz,is_a,service_event
aaddzz,is_a,service_product
aaib,is_a,tsb
aak,is_a,music_genre
aal,is_a,river
aalborg,is_a,university
aalen,is_a,town
aalii,is_a,tree
aapa,is_a,sibling
aapa,is_a,sister
aaptos_kanuux,is_a,poriferan
aar,is_a,river
aardvark,is_a,animal
aardvark,is_a,mammal
aardvark,is_a,quadruped
aardvark,is_a,vertebrate
aardvark,is_a,placental
aardwolf,is_a,mammal
aardwolf,is_a,shaggy_striped_african_carnivore
aardwolf,is_a,animal
aardwolf,is_a,hyaena
aardwolf,is_a,hyena
aardwolf,is_a,quadruped
aare,is_a,river
aare,is_a,river_in_switzerland
aarhus,is_a,city
aarhus,is_a,river
aaron,is_a,band
aaron,is_a,saint
aaron,is_a,given_name
aaron_burr,is_a,office_holder
aarp,is_a,organisation
aarskog_scott_syndrome,is_a,disease
aat_52_machine_gun,is_a,general_purpose_machine_gun
aavp7a1_armored_personnel_carrier,is_a,amphibious_vehicle
aavp7a1_armored_personnel_carrier,is_a,apc
aavp7a1_armored_personnel_carrier,is_a,tracked_vehicle
ab,is_a,blood_group
ab,is_a,jewish_calendar_month
ab_205_helicopter,is_a,helicopter
ab_206_helicopter,is_a,helicopter
ab_aeterno,is_a,television_episode
ab_machine,is_a,fitness_equipment
aba,is_a,coarse_fabric
aba,is_a,cloth
aba,is_a,enveloping_covering
aba,is_a,outer_garment
aba,is_a,fabric
aba,is_a,overgarment
ababil_cruise_missile,is_a,land_attack_cruise_missile
abaca,is_a,banana
abacavir,is_a,drug
abacavir,is_a,antiretroviral
abacus,is_a,consumer_durable
abacus,is_a,non_agentive_artifact
abacus,is_a,non_powered_device
abacus,is_a,tangible_thing
abacus,is_a,calculator
abacus,is_a,tablet
abafungin,is_a,thiazole
abalone,is_a,mollusk
abalone,is_a,shellfish
abalone,is_a,snail
abalone,is_a,gastropod
abalone,is_a,game
abamectin,is_a,drug
abampere,is_a,current_unit
abandon,is_a,unrestraint
abandoned_airfield,is_a,abandoned_thing
abandoned_airfield,is_a,airfield
abandoned_camp,is_a,campsite
abandoned_canal,is_a,abandoned_thing
abandoned_canal,is_a,canal
abandoned_causeway,is_a,abandoned_thing
abandoned_causeway,is_a,causeway
abandoned_complex,is_a,abandoned_thing
abandoned_complex,is_a,cluster_of_buildings
abandoned_home,is_a,abandoned_thing
abandoned_home,is_a,home
abandoned_mine,is_a,abandoned_thing
abandoned_mine,is_a,mine
abandoned_mission,is_a,abandoned_thing
abandoned_mission,is_a,mission
abandoned_person,is_a,unfortunate
abandoned_police_station,is_a,abandoned_thing
abandoned_police_station,is_a,police_station
abandoned_prison,is_a,abandoned_thing
abandoned_prison,is_a,prison
abandoned_railroad,is_a,abandoned_thing
abandoned_railroad,is_a,railroad
abandoned_ship,is_a,ship
abandoned_thing,is_a,tangible_thing
abandoned_township,is_a,abandoned_thing
abandoned_township,is_a,township
abandoned_well,is_a,abandoned_thing
abandoned_well,is_a,well
abandoning,is_a,change_in_status
abandoning,is_a,loss_of_user_rights
abandoning,is_a,performing
abandoning_situation,is_a,ending_situation
abandoning_situation,is_a,performing
abandoning_vessels_crew,is_a,human_activity
abandoning_vessels_crew,is_a,unnatural_thing
abandonment,is_a,disposal
abandonment,is_a,rejection
abandonware,is_a,computer_program
abandonware,is_a,computer_software
abar,is_a,monarch
abarelix,is_a,drug
abarema_oxyphyllidia,is_a,leguminous_plant
abarticulation,is_a,dislocation
abas,is_a,philosopher
abasement,is_a,humiliation
abashment,is_a,embarrassment
abasia,is_a,inability
abasia,is_a,disability_of_walking
abasia_trepidans,is_a,abasia
abatable_nuisance,is_a,nuisance
abatement,is_a,moderation
abatement_of_nuisance,is_a,abatement
abati,is_a,man_made_obstacle
abator,is_a,person
abattis,is_a,line_of_defense
abattoir,is_a,building
abax,is_a,insect
abay,is_a,station
abaya,is_a,robe
abazins,is_a,ethnic_group
abb,is_a,company
abba,is_a,band
abbacy,is_a,jurisdiction
abbas,is_a,person
abbe,is_a,abbot
abbe_condenser,is_a,condenser
abbess,is_a,superior
abbesses,is_a,station
abbey,is_a,home
abbey,is_a,place_of_worship
abbey,is_a,church
abbey,is_a,convent
abbey,is_a,monastery
abbi,is_a,person
abbot,is_a,superior
abbott_lawrence_lowell,is_a,office_holder
abbreviation,is_a,abbreviation_for_abbreviation_meaning
abbreviation,is_a,acronym
abbreviation,is_a,proper_name_string
abbreviation,is_a,creation_event
abbreviation,is_a,decrease
abbreviation,is_a,shortening
abbreviation,is_a,form
abbreviations,is_a,shortened_versions_of_words
abc,is_a,medicine
abc,is_a,nrti
abc,is_a,newspaper
abc,is_a,software
abc_islands,is_a,island
abc_kids,is_a,digital_channel_especially_for_children
abciximab,is_a,drug
abciximab,is_a,antiplatelet_drug
abcl,is_a,prototype_based_language
abcoulomb,is_a,unit
abcoulomb,is_a,charge_unit
abd_al_aziz_al_muqrin,is_a,martyred
abdi,is_a,given_name
abdicating,is_a,change_in_status
abdication,is_a,resignation
abdicator,is_a,quitter
abdomen,is_a,anatomical_structure
abdomen,is_a,body_part
abdomen,is_a,external_anatomical_part
abdomen,is_a,solid_object
abdominal,is_a,skeletal_muscle
abdominal,is_a,musical_artist
abdominal_actinomycosis,is_a,actinomycosis
abdominal_aorta,is_a,artery
abdominal_aorta,is_a,medical_diagnosis
abdominal_aorta,is_a,systemic_artery
abdominal_aorta,is_a,aorta
abdominal_aorta_aortitis,is_a,aortitis
abdominal_aorta_aortitis,is_a,disease_afflicting_abdominal_aorta
abdominal_aorta_atherosclerosis,is_a,atherosclerosis
abdominal_aorta_atherosclerosis,is_a,disease_afflicting_abdominal_aorta
abdominal_aorta_calcification,is_a,calcification
abdominal_aorta_calcification,is_a,disease_afflicting_abdominal_aorta
abdominal_aorta_coarctation,is_a,aortic_coaractation
abdominal_aorta_coarctation,is_a,disease_afflicting_abdominal_aorta
abdominal_aorta_procedure_surgical,is_a,aortic_procedure
abdominal_aorta_saccular_aneurysm,is_a,abdominal_aortic_aneurysm
abdominal_aorta_saccular_aneurysm,is_a,saccular_aneurysm
abdominal_aortic_aneurysm,is_a,aneurysm
abdominal_aortic_aneurysm,is_a,disease_afflicting_abdominal_aorta
abdominal_aortic_aneurysm,is_a,vascular_disease
abdominal_aortic_aneurysm,is_a,aortic_aneurysm
abdominal_aortic_aneurysm_repair,is_a,aneurysm_repair
abdominal_aortic_aneurysm_repair,is_a,event
abdominal_aortic_pseudoaneurysm,is_a,aortic_pseudoaneurysm
abdominal_aortic_pseudoaneurysm,is_a,disease_afflicting_abdominal_aorta
abdominal_aortic_thrombosis,is_a,disease_afflicting_abdominal_aorta
abdominal_aortic_thrombosis,is_a,thrombosis
abdominal_breathing,is_a,breathing
abdominal_cavity,is_a,anatomical_structure
abdominal_cavity,is_a,body_part
abdominal_cavity,is_a,internal_body_part
abdominal_cavity,is_a,solid_object
abdominal_cavity,is_a,walled_cavity
abdominal_cavity,is_a,cavity
abdominal_external_oblique_muscle,is_a,muscle
abdominal_hernia_repair,is_a,hernia_repair_procedure
abdominal_muscle,is_a,skeletal_muscle
abdominal_pregnancy,is_a,disease
abdominal_pregnancy,is_a,ectopic_pregnancy
abdominal_procedure,is_a,surgical_procedure
abdominal_surgeon,is_a,surgeon
abdominal_wall,is_a,anatomical_structure
abdominal_wall,is_a,wall
abdominal_wound_infection,is_a,controlled_vocabulary_types
abdominal_wound_infection,is_a,infection
abdominocentesis,is_a,centesis
abdominoplasty,is_a,plastic_surgery
abdominousness,is_a,fatness
abdon,is_a,person
abdopus,is_a,octopus
abducens_muscle,is_a,ocular_muscle
abducens_nerve,is_a,nerve
abducens_nerve,is_a,cranial_nerve
abducens_nerve,is_a,motor_nerve
abducent,is_a,cranial_nerve
abducting,is_a,hostile_seizure_of_beings
abducting,is_a,human_activity
abducting,is_a,taking_person_prisoner
abducting,is_a,unnatural_thing
abduction,is_a,capture
abduction,is_a,motion
abduction_agent,is_a,worker
abduction_test,is_a,kb_content_test
abduction_test,is_a,structurally_specific_work
abductive_inference,is_a,logical_argument
abductive_logic_programming,is_a,logic_programming
abductor,is_a,skeletal_muscle
abductor_digiti_minimi_muscle,is_a,skeletal_muscle
abductor_pollicis_brevis_muscle,is_a,muscle
abductor_pollicis_brevis_muscle,is_a,skeletal_muscle
abductor_pollicis_longus_muscle,is_a,muscle
abductor_pollicis_longus_muscle,is_a,skeletal_muscle
abdul,is_a,given_name
abdulaziz_al_moqrin,is_a,smart_and_brutal_tactician
abdullah,is_a,given_name
abe_lincoln,is_a,president_of_us
abecedarian,is_a,sect
abecedarian,is_a,novice
abecedarius,is_a,poem
abel,is_a,given_name
abel_tasman,is_a,person
abelia,is_a,plant
abelia,is_a,shrub
abelian_group,is_a,group
abelmoschus,is_a,plant
abelmoschus,is_a,dilleniid_dicot_genus
abelmosk,is_a,mallow
abelson_murine_leukemia_virus,is_a,gammaretrovirus
abelsonite,is_a,mineral
abenaki,is_a,ethnic_group
abenaki,is_a,algonquin
abeokuta,is_a,city
aberdeen,is_a,city
aberdeen_angus,is_a,beef
abernathyite,is_a,mineral
aberrance,is_a,abnormality
aberrant,is_a,anomaly
aberration,is_a,optical_phenomenon
aberration,is_a,mental_disorder
abetalipoproteinemia,is_a,disease
abetalipoproteinemia,is_a,genetic_disease
abetalipoproteinemia,is_a,hypobetalipoproteinemia
abetalipoproteinemia,is_a,lipidosis
abetment,is_a,encouragement
abettor,is_a,accessory
abeyance,is_a,inaction
abfarad,is_a,capacitance_unit
abgoosht,is_a,food
abhenry,is_a,inductance_unit
abhimanyu,is_a,person
abhorence,is_a,disgust
abhorence,is_a,dissatisfaction
abhorence,is_a,hatred
abhorrence,is_a,band
abhorrence,is_a,disgust
abhorrence,is_a,hate
abhorrer,is_a,hater
abhorrer,is_a,signer
abhurite,is_a,mineral
abidance,is_a,continuance
abidjan,is_a,city
abience,is_a,urge
abies,is_a,gymnosperm_genus
abies_alba,is_a,conifer
abies_amabilis,is_a,conifer
abies_balsamea,is_a,conifer
abies_concolor,is_a,conifer
abies_grandis,is_a,conifer
abies_lasiocarpa,is_a,conifer
abietic_acid,is_a,chemical_compound
abietic_acid,is_a,diterpene
abigail,is_a,musical_artist
abilene,is_a,in_texas
ability,is_a,disposition
ability,is_a,quality
ability,is_a,cognition
ability_to_ignore_bad_advice,is_a,learned_skill
abimelech,is_a,monarch
abio,is_a,organisation
abiogenesis,is_a,organic_phenomenon
abiogenist,is_a,believer
abioseston,is_a,seston
abiotrophy,is_a,degeneration
abishag,is_a,bastard
abiu,is_a,fruit_tree
abjurer,is_a,person
abkhasian,is_a,circassian
abkhaz,is_a,asian
abkhaz,is_a,human
abkhazia,is_a,country
abkhazian,is_a,circassian
abkhazians,is_a,ethnic_group
ablactation,is_a,bodily_process
ablating,is_a,complete_separation
ablating,is_a,removing
ablation,is_a,operation
ablation,is_a,erosion
ablative,is_a,oblique
ablative_absolute,is_a,constituent
ablaut,is_a,vowel
able,is_a,programming_language
able_bodied_seaman,is_a,sailor
able_minded_animal,is_a,intelligent_agent
able_minded_animal,is_a,sentient_animal
able_seaman,is_a,mariner
ableism,is_a,discrimination
ablepharia,is_a,birth_defect
ablution,is_a,ritual
ablution,is_a,wash
abnaki,is_a,algonquian
abnegation,is_a,renunciation
abnegation,is_a,selflessness
abnegation,is_a,denial
abnegator,is_a,donor
abnormal_aortic_conduit,is_a,illness
abnormal_cell,is_a,atypical_thing
abnormal_cell,is_a,cell
abnormal_chromosome,is_a,atypical_thing
abnormal_chromosome,is_a,chromosome
abnormal_condition,is_a,spatially_localized_situation
abnormal_eukaryotic_cell,is_a,atypical_thing
abnormal_eukaryotic_cell,is_a,eukaryotic_cell
abnormal_living_organism,is_a,atypical_thing
abnormal_living_organism,is_a,living_organism
abnormal_number_of_cusps,is_a,illness
abnormal_person,is_a,atypical_thing
abnormal_person,is_a,person
abnormal_protrusion,is_a,atypical_thing
abnormal_protrusion,is_a,protrusion
abnormal_protusion_biological,is_a,abnormal_protrusion
abnormal_protusion_biological,is_a,organic_matter
abnormal_psychology,is_a,psychology
abnormal_rhythm,is_a,controlled_vocabulary_types
abnormal_rhythm,is_a,illness
abnormal_sleep_pattern,is_a,illness
abnormality,is_a,social_quantity
abnormality,is_a,misbehavior
abnormality,is_a,unfamiliarity
abnormality,is_a,retardation
abnormality,is_a,physiological_state
abo_antibodies,is_a,antibody
abo_bat,is_a,bat
abo_blood_group_system,is_a,classification_system
abocclusion,is_a,disorder
abohm,is_a,resistance_unit
abolition,is_a,termination
abolitionism,is_a,doctrine
abolitionist,is_a,person
abolitionist,is_a,reformer
abomasum,is_a,stomach
abomey,is_a,city
abominable,is_a,film
abominable_snowman,is_a,biped
abominable_snowman,is_a,hairy_thing
abominable_snowman,is_a,mammal
abominable_snowman,is_a,mythical_being
abominable_snowman,is_a,sentient_animal
abominable_snowman,is_a,legendary_creature
abomination,is_a,transgression
abomination,is_a,person
abomination,is_a,comics_character
abominator,is_a,hater
aborigine,is_a,australoid
aborigine,is_a,indigenous_australian
aborigine,is_a,person
aborigines_reservation,is_a,native_reservation
aborigines_reservation,is_a,unnatural_thing
abort,is_a,termination
abort_baby,is_a,murder
aborted,is_a,band
aborted_non_cardiothoracic_procedure,is_a,generic_cardiac_procedure
aborticide,is_a,induced_abortion
abortifacient,is_a,medicine
abortifacient,is_a,drug
aborting,is_a,biological_destruction
aborting,is_a,intelligent_agent_activity
aborting,is_a,medical_treatment
aborting,is_a,pregnancy_ending_event
abortion,is_a,disease
abortion,is_a,issue
abortion,is_a,medical_procedure
abortion,is_a,operation
abortion,is_a,termination
abortion_pill,is_a,abortifacient
abortionist,is_a,doctor
abortus,is_a,fetus
about_face,is_a,change
about_face,is_a,reversion
about_one_fifth_of_atmosphere,is_a,oxygen_gas
above,is_a,section
above_all,is_a,album
above_ground_level,is_a,level_of_construction
above_law,is_a,band
above_statement,is_a,fact_about_ecosystem
aboveground_thing,is_a,localized_spatial_thing
abracadabra,is_a,gibberish
abrachia,is_a,abnormality
abrader,is_a,tool
abrading_event,is_a,ablating
abrading_event,is_a,rubbing
abrading_stone,is_a,abrader
abrading_teeth,is_a,abrading_event
abraham,is_a,religious
abraham,is_a,given_name
abraham_lincoln,is_a,american_president
abraham_lincoln,is_a,office_holder
abraham_lincoln,is_a,president_of_united_states
abraham_lincoln,is_a,building
abraham_suit,is_a,confidence_trick
abralia,is_a,enoploteuthidae
abramis,is_a,fish_genus
abrasion,is_a,injury
abrasion,is_a,erosion
abrasion,is_a,wound
abrasive,is_a,material
abrasive_thing,is_a,harshness
abrasiveness,is_a,disagreeableness
abridger,is_a,redact
abrin,is_a,biological_toxin
abrin,is_a,powder
abrocoma,is_a,mammal
abrocoma,is_a,mammal_genus
abrocome,is_a,rodent
abrocomes,is_a,person
abrogation,is_a,cancellation
abrogator,is_a,authority
abronia,is_a,caryophylloid_dicot_genus
abronia,is_a,reptile
abronia,is_a,plant
abrovitae,is_a,evergreen
abruka,is_a,village
abruptio_placentae,is_a,disorder
abruptness,is_a,discourtesy
abruptness,is_a,gradient
abruptness,is_a,haste
abrus_precatorius,is_a,plant
abrus_precatorius,is_a,leguminous_plant
abruzzo,is_a,administrative_region
abs,is_a,power_brake
abs_m10,is_a,air_cushion_vehicle
abscess,is_a,disease
abscess,is_a,illness
abscess,is_a,symptom
abscessed_tooth,is_a,abscess
abscisic_acid,is_a,chemical_compound
abscisic_acid,is_a,plant_hormone
abscissa,is_a,cartesian_coordinate
abscission,is_a,removal
abscission,is_a,shedding
absconder,is_a,fugitive
abscondment,is_a,desertion
abseil,is_a,descent
abseiler,is_a,descender
absence,is_a,nonattendance
absence,is_a,lack
absence,is_a,time_interval
absence_without_leave,is_a,desertion
absent_pulmonary_artery,is_a,congenital_heart_disease
absentee,is_a,traveler
absentee_ballot,is_a,ballot
absentee_rate,is_a,percentage
absenteeism,is_a,absence
absentmindedness,is_a,preoccupation
absinth,is_a,liqueur
absinthe,is_a,beverage
absinthe,is_a,bitterness
absinthe,is_a,green
absinthe,is_a,hard_liquor
absinthe,is_a,illegal_drug
absinthin,is_a,chemical_compound
absolut,is_a,vodka
absolut_vodka,is_a,beverage
absolute,is_a,abstraction
absolute_alcohol,is_a,ethyl_alcohol
absolute_ceiling,is_a,ceiling
absolute_distance,is_a,distance
absolute_distance,is_a,one_dimensional_quantity
absolute_goal_success,is_a,mental_situation
absolute_locational_predicate,is_a,binary_predicate
absolute_locational_predicate,is_a,locational_predicate
absolute_magnitude,is_a,magnitude
absolute_monarchy,is_a,government_related_entity
absolute_monarchy,is_a,monarchy
absolute_pathname,is_a,pathname
absolute_pin,is_a,pin
absolute_pitch,is_a,hearing
absolute_space,is_a,space
absolute_sports_event,is_a,measured_sports_event
absolute_superlative,is_a,superlative
absolute_temperature,is_a,temperature
absolute_threshold,is_a,minimum_stimulation
absolute_threshold,is_a,threshold
abottle,made_of,glass
adenozine,made_of,hydrogen
adenozine,made_of,oxygen
air,made_of,molecules
all_physical_things,made_of,combinations_of_elements
alloy,made_of,at_least_one_metal
american_penny,made_of,copper
ammonia,made_of,nitrogen_and_hydrogen
anchor,made_of,iron
animal,made_of,cells_molecules_and_atoms
animated_flesh_of_dead_person,made_of,cells
apple_juice,made_of,apples
armies,made_of,soldiers
article,made_of,information
asphalt,made_of,tar
atom,made_of,electrons
atom,made_of,neutrons
atom,made_of,nucleous_and_electrons
atom,made_of,nucleus
atom,made_of,protons
atom,made_of,subatomic_particles
atomic_bomb,made_of,plutonium
atomic_bomb,made_of,uranium
bacon,made_of,pig
balcony_railing,made_of,wood_or_metal
ball,made_of,plastic
balloon,made_of,rubber
banana_bread,made_of,bananas
banana_pudding,made_of,banana
banjo,made_of,wood
baryonic_matter,made_of,quarks_and_gluons
bath_tub,made_of,fiberglass_and_moulded_into_shape
bath_tub,made_of,iron_and_coated_with_porcelain
bed,made_of,straw
belt_buckle,made_of,metal
beverage_coffee,made_of,ground_coffee_beans_and_boiling_water
bicycle,made_of,metal
bicycle_frame,made_of,aluminium
bicycle_frame,made_of,carbon_fibre
bicycle_frame,made_of,steel
binder,made_of,plastic_and_metal
bins,made_of,glass
black_colour,made_of,mixture_of_all_colour
blood,made_of,haemoglobin
blood,made_of,haemogloin
blue_cheese,made_of,molded_cheese
board,made_of,wood
boat,made_of,fiber
body,made_of,cells
body,made_of,flesh_and_bones
bomb,made_of,explosives
bomb,made_of,shrapnel
boob,made_of,soft_tissue
book,made_of,paper
book,made_of,papers
books,made_of,papers
bottle,made_of,plastic
bottles,made_of,green_glass
bowl,made_of,aluminium
bowl,made_of,ceramic
bowl,made_of,glass
bowl,made_of,steel
brain,made_of,neurons
bread,made_of,dough
bread,made_of,wheat
brick,made_of,clay
bridges,made_of,wood
bubbles,made_of,soap
bullet,made_of,copper
butter,made_of,milk
button,made_of,plastic
cake,made_of,egg
cake,made_of,egs
cake,made_of,flour
cake,made_of,ingredients
can,made_of,aluminium
can,made_of,aluminum
cans,made_of,tin
capacitor,made_of,separate_plates
car,made_of,metal
cars,made_of,aluminium
cars,made_of,many_things
cars,made_of,metal
cars,made_of,parts
cat,made_of,fur
category,made_of,objects_and_morphisms_between_objects
cell,made_of,cytoplasm
ceramic,made_of,clay
chair,made_of,wood
chairs,made_of,plastic
cheese,made_of,fermented_milk_and_bacteria
cheese,made_of,milk
cheese_pizza,made_of,tomato_sauce_kneaded_dough_and_cheese
child,made_of,flesh_and_blood
choir,made_of,singers
choker,made_of,precious_jewels
choker,made_of,strings_of_pearls
chopsticks,made_of,bamboo
church,made_of,members
clarenet,made_of,wood_and_plastic
closets,made_of,wood
cloth,made_of,fibers
clothes,made_of,silk
club,made_of,people
coal,made_of,carbon
coat,made_of,wool
coat_hangers,made_of,wood_or_metal_or_plastic
cola,made_of,carbonated_water
comb,made_of,plastic
combs,made_of,plastic_and_rubber
community,made_of,political_ideology
computer,made_of,hardware
computer,made_of,microchips
computer,made_of,silicon
computer_chip,made_of,silicon
computer_mice,made_of,plastic
computer_monitor,made_of,glass
computer_monitor,made_of,plastic
computer_program,made_of,source_code
congregation,made_of,people
container,made_of,metal
continent,made_of,countries
continents,made_of,countries
cotton_candy,made_of,sugar
crowd,made_of,people
crt,made_of,glass
cult,made_of,people
cup_cakes,made_of,ingredients
cupboards,made_of,wood
dairy_product,made_of,milk
dam,made_of,concert
data,made_of,bits
dental_enamel,made_of,hydroxyapatite
dental_floss,made_of,synthetic_fibre
desks,made_of,wood
diamond,made_of,carbon
digital_data,made_of,bits
disposable_forks,made_of,plastic
dna,made_of,adenozine
dog,made_of,flesh_and_bones
dog,made_of,hair
donut,made_of,deep_fried_dough_and_sugar
doormats,made_of,atoms
dragon,made_of,scales
drums,made_of,wood
duvet,made_of,cotton
dynamite,made_of,diatomaceous_earth
dynamite,made_of,nitroglycerin
ear_plug,made_of,foam_plastic
earring,made_of,silver_and_sometimes_gold
earth,made_of,layers_of_rock
earth,made_of,mostly_water
egalitarian_society,made_of,people
egg_shell,made_of,calcium
electricity,made_of,electrons
electricity,made_of,flow_of_electrons
emacs,made_of,emacs_lisp
envelope,made_of,paper
eucharist,made_of,body_and_blood_of_jesus
everything,made_of,matter
everything,made_of,molecules
eyeglass_frames,made_of,tortoise_shell
fabric,made_of,fibers
fabric,made_of,thread
fabric,made_of,wool
faeces,made_of,undigested_food_water_and_bacteria
fail,made_of,epic_fail
fake_teeth,made_of,elephant_tendons
family,made_of,relatives
firestick,made_of,wood
fist,made_of,hand
floor,made_of,concrete
floor,made_of,wood
food,made_of,carbon
fork,made_of,metal
four_letter_word,made_of,letters
furniture,made_of,wood
game,made_of,rules
gelitan,made_of,animal_tendons
gesture,made_of,movement
glass,made_of,molten_sand
glass,made_of,sand
glass,made_of,silica
glasses,made_of,glass
glasses_lenses,made_of,transparent_glass_or_plastic
gnocchi,made_of,potato
gnocchi,made_of,potato_flour
goblet,made_of,glass
golem,made_of,clay
golf_clubs,made_of,metal
government,made_of,political_ideology
graph,made_of,set_of_vertices_and_set_of_edges
green,made_of,blue_and_yello
guitar,made_of,strings
guitar,made_of,wood
gumshield,made_of,plastic
haemoglobin,made_of,iron
hair,made_of,keratin
hair_roller,made_of,foam
hairbrushes,made_of,silver
hamburger,made_of,wheat
hammer,made_of,forged_metal
hand_sanitizer,made_of,alcohol
hanging_rail,made_of,metal
hat,made_of,cotton
hearing_aid,made_of,plastic
heart,made_of,muscles
heroin,made_of,diamorphine
heroin,made_of,opium
heroin,made_of,poppy_flowers
highway,made_of,asphalt
horse_shoes_used_for_game,made_of,plastic
hot_dogs,made_of,bi_products
hot_dogs,made_of,cows
house,made_of,building_material
house,made_of,metal
house,made_of,rooms
house,made_of,wood
houses,made_of,brick
houses,made_of,bricks
human,made_of,bones
human,made_of,cells
human,made_of,flesh
human,made_of,flesh_and_blood
human_being,made_of,flesh
human_body,made_of,flesh
human_body,made_of,molecules
human_body,made_of,water
hydrogen,made_of,subatomic_particles
hydrogen_bomb,made_of,plutonium
hydrogen_bomb,made_of,uranium
ice,made_of,water
ideology,made_of,ideals
idolatry,made_of,obsession
index_card,made_of,paper
indica,made_of,cannabis
inductor,made_of,coiled_wire
instruments,made_of,wood
insulation,made_of,foam
internet,made_of,networked_computers
internet,made_of,noobs
internet,made_of,old
internet,made_of,tu_hermana_en_bolas
ipod,made_of,microchips_and_plastic
jeans,made_of,denim
jelly_beans,made_of,sugar
john_safran,made_of,cells
katana,made_of,steel
keyboard,made_of,plastic
kitten,made_of,flesh
knife,made_of,steel
laptops,made_of,chips
laptops,made_of,plastic
laser,made_of,photons
lava,made_of,molten_rock
lavalamp,made_of,wax_alchol_glass_and_metal
leaf,made_of,chlorophyll
leather,made_of,cow_skin
lemonade,made_of,lemons
lens,made_of,glass
lenses,made_of,glass
letter,made_of,paper
lettuce,made_of,water
life,made_of,memories
life_ring,made_of,rubber
light,made_of,energy
light,made_of,photons
little_girls,made_of,sugar_spice_and_everything_nice
lock,made_of,metal
locker,made_of,metal
loneliness,made_of,emotion
lot_of_jugs,made_of,plastic
lubrication,made_of,oil
lubrication,made_of,water
machine_gun,made_of,metal
mankind,made_of,humanity
manmeat,made_of,human_meat
many_boats,made_of,fiberglass
many_bottles,made_of,glass
many_containers,made_of,glass
many_instruments,made_of,wood_and_strings
many_objects,made_of,metal
many_useful_things,made_of,wood
math_book,made_of,problems
matter,made_of,elements
matter,made_of,molecules
matter,made_of,particles
mead,made_of,fermented_honey_water
milk,made_of,minerals
mind,made_of,subjective_thoughts
mixtures,made_of,elements_and_compounds
mob,made_of,people
molecule,made_of,atoms
money,made_of,paper
moon,made_of,rock
most_churches,made_of,wood
most_clothes_hangers,made_of,metal_not_wood
most_tools,made_of,metal
mount_everst,made_of,snow
mountain,made_of,land
movies,made_of,celluloid
mozart_music,made_of,musical_composition
muscle,made_of,meat
music,made_of,organized_sounds
music,made_of,sound
music,made_of,sounds
nail,made_of,keratin
neutron,made_of,one_up_quark_and_two_down_quarks
neutron,made_of,quarks
news_column,made_of,words
newspaper,made_of,ink_and_paper
ocean,made_of,water
oil_tanker,made_of,metal
old_books,made_of,vellum
openmind,made_of,computer_software
organism,made_of,cells
organization,made_of,people
outfit,made_of,clothes
oxycontin,made_of,oxycodone
page,made_of,paper_with_words_on
pages_of_book,made_of,paper
paint,made_of,chemicals
pair_of_scissors,made_of,steel
pancake,made_of,milk_water_salt_eggs_and_flour
panda,made_of,cells
paper,made_of,cellulose
paper,made_of,trees
paper,made_of,wood
paper_airplane,made_of,paper
passageway,made_of,space
peanut_butter,made_of,peanuts
peanut_butter,made_of,peanuts_and_salt
pee,made_of,bodily_waste
pee,made_of,waste
pee,made_of,water
pen,made_of,plastic
pencil,made_of,wood
pencil,made_of,wood_and_lead
penis,made_of,cells
penis,made_of,flesh
people_animals_and_plants,made_of,cells
pepsi,made_of,caffeine
pepsi,made_of,carbonated_water
pepsi,made_of,carmel_color
pepsi,made_of,citric_acid
pepsi,made_of,high_fructose_corn_syrup
pepsi,made_of,phosphoric_acid
pepsi,made_of,sugar
person,made_of,water
phones,made_of,plastic
pick,made_of,metal
pickle,made_of,cucumbers
pickle,made_of,vinegar_and_cucumbers
pillow,made_of,cotton
pillow,made_of,feathers
pipes,made_of,metal
pitcher,made_of,clay
pizza_usually,made_of,tomato_sauce_cheese_and_crust
plants,made_of,cells
plastic,made_of,carbon
plate,made_of,ceramic
plate,made_of,glass
pluto,made_of,rock
political_ideology,made_of,ideals
political_ideology,made_of,political_ideals
poop,made_of,waste
population,made_of,different_people
porn,made_of,naked_people
pornography,made_of,pr0n
post_note,made_of,paper
pot,made_of,clay
pots,made_of,clay
president,made_of,substance_dumb
processed_food,made_of,salt_and_sugar
program,made_of,instructions
protein,made_of,aminoacids
proton,made_of,quarks
proton,made_of,two_up_quarks_and_one_down_quark
punch_bag,made_of,leather
rain,made_of,water
revolution,made_of,sentient_beings
rhetoric,made_of,words
riot,made_of,people
rivets,made_of,metal
robots,made_of,metal
rock_salt,made_of,salt_amd_impurities
room,made_of,four_walls
root_system,made_of,vectors
rugby_ball,made_of,plastic
salt,made_of,crystals
salt,made_of,ions
salt,made_of,sodium_chloride
sand,made_of,little_pieces_of_seashells
sativa,made_of,cannabis
sative,made_of,cannabis
sausage,made_of,meat
scissors,made_of,metal
sea,made_of,water
semen,made_of,sperm_cells
sentience,made_of,thoughts
set,made_of,elements
set,made_of,members
shadow,made_of,absence_of_light
sheets,made_of,cotton
ships,made_of,wood
shoelace,made_of,textile
shoes,made_of,leather
shorts,made_of,pair_of_short_pantlegs
silverware,made_of,metal
skeleton,made_of,many_bones
sky,made_of,gases
skyscraper,made_of,steel
small_automobiles,made_of,less_material_than_larger_automobiles
smoke_alarm,made_of,components
smoothie,made_of,blended_ingredients
snow,made_of,snowflakes
soccer_ball,made_of,leather
socialism,made_of,socialists
sock,made_of,threads
sometimes_car_body,made_of,steel
sometimes_computer,made_of,steel
sometimes_vehicle_body,made_of,carbon_fiber
sometimes_window,made_of,polycarbonate
sometimes_wire,made_of,iron
song,made_of,lyrics
song,made_of,music
soup,made_of,water
spring,made_of,metal
stage_curtain,made_of,velvet
state,made_of,counties
statues,made_of,stone
steel,made_of,iron
stick,made_of,wood
stigma,made_of,discrimination
stigma,made_of,ignorance
stigma,made_of,prejudice
submarine,made_of,steel
sugar,made_of,minerals
sun,made_of,gases
sundae,made_of,ice_cream
surface,made_of,material
sushi,made_of,raw_fishes
sword,made_of,steel
system_of_abstract_thought,made_of,abstractions
system_of_abstract_thought,made_of,ideals
t_shirt,made_of,cloth_and_fabric
table,made_of,soft_material
table,made_of,stone
table,made_of,wood
table_salt,made_of,sodium
talbe,made_of,tree
tanks,made_of,metal
tarot_card,made_of,cardboard
tea_bag,made_of,tea
teakettles,made_of,ceramic
teams,made_of,team_members
teddy_bears,made_of,plush
telephone_pole,made_of,wood
tire,made_of,rubber
tire,made_of,rubber_and_latex
tires,made_of,rubber
titty,made_of,flesh
toast,made_of,bread
toilet,made_of,porcelain
tools,made_of,iron
tools,made_of,metal
toothpick,made_of,plastic
tortilla,made_of,corn_or_flour
touchpad,made_of,crystal
town_house,made_of,brick
toy,made_of,platic
toy_balloon,made_of,rubber
toys,made_of,plastic
transistors,made_of,silicon
transmitted_disease,made_of,microorganisms
transport_system_of_flowering_plant,made_of,xylem_and_phloem
tree,made_of,leaves
tree,made_of,wood
tree_plant_and,made_of,wood
tree_trunk,made_of,wood
tricycle,made_of,steel
tricycle,made_of,stell
troll,made_of,fail
troll,made_of,win
trumpet,made_of,brass
trust,made_of,honesty
tu_hermana_en_bolas,made_of,sister_naked
tv,made_of,glass
tv,made_of,plastic
twitter,made_of,tweets
tyres,made_of,rubber
underwear,made_of,cotton
uniting_and_dividing_masses,made_of,schemes
universe,made_of,strings
utopia,made_of,community
utopia,made_of,equality_for_everyone
vacuum_tube,made_of,glass
vegan_food,made_of,no_animal_products
vera_bradley,made_of,cloth
vicodin,made_of,tylenol_and_hydrocodone
vinyl,made_of,polymers
volcano,made_of,lava
wallet,made_of,man_made_leather
wallet,made_of,plastic
war,made_of,pain_and_suffering
war,made_of,violence
water,made_of,h2o
water,made_of,hydrogen_and_oxygen
water,made_of,oxegen
water,made_of,oxygen
water_vapor,made_of,water
websites,made_of,webpages
wedding_ring,made_of,gold
week,made_of,seven_days
weight_machine,made_of,plastic
weight_machine,made_of,steel
wheel,made_of,metal
whole,made_of,parts
whorehouse,made_of,rooms
wicket,made_of,stumps
wind,made_of,air
wind,made_of,moving_air
window,made_of,glass
wine,made_of,fruit
wires,made_of,silver
witch,made_of,wood
wood,made_of,tree
world,made_of,continents
world,made_of,countries
written_word,made_of,characters
yarn,made_of,wool
zipper,made_of,teeth
zombie,made_of,cells
a,part_of,alphabet
aachen,part_of,germany
aalborg,part_of,denmark
aare,part_of,switzerland
ab,part_of,jewish_calendar
abadan,part_of,iran
abastumani,part_of,samtskhe_javakheti
abbottabad,part_of,khyber_pakhtunkhwa
abdomen,part_of,insect
abdomen,part_of,torso
abdominal,part_of,abdomen
abdominal_aorta,part_of,abdomen
abdominal_cavity,part_of,abdomen
abdominal_wall,part_of,abdomen
aberdare,part_of,wales
aberdeen,part_of,maryland
aberdeen,part_of,scotland
aberdeen,part_of,south_dakota
aberdeen,part_of,washington
abhenry,part_of,henry
abidjan,part_of,ivory_coast
abilene,part_of,kansas
abilene,part_of,texas
abkhaz,part_of,georgia
abkhazia,part_of,georgia
abohm,part_of,ohm
abomasum,part_of,ruminant
abruzzi,part_of,italy
absolution,part_of,penance
absorption,part_of,extinction
abstract,part_of,patent
abu_dhabi,part_of,united_arab_emirates
abuja,part_of,nigeria
abukir,part_of,mediterranean
abvolt,part_of,volt
abwatt,part_of,milliwatt
abydos,part_of,turkey
academic_gown,part_of,academic_costume
acadia,part_of,maritime_provinces
acadia_national_park,part_of,maine
acadian_french,part_of,romance_languages
acantholysis,part_of,pemphigus
acanthosis,part_of,psoriasis
acapulco,part_of,guerrero
acapulco,part_of,mexico
acapulco_gold,part_of,marijuana
acardia,part_of,monster
acaricide,part_of,pesticide
accelerator,part_of,airplane
accelerator,part_of,car
accelerator,part_of,fuel_system
accessory_cephalic_vein,part_of,forearm
accra,part_of,ghana
acephalia,part_of,monster
acerola,part_of,barbados_cherry
aces,part_of,asturias
acetabulum,part_of,hipbone
acetate_disk,part_of,phonograph_record
achaea,part_of,greece
acheron,part_of,hel
achilles_tendon,part_of,calf
achilles_tendon,part_of,heel
achromatin,part_of,nucleus
acinus,part_of,gland
ackee,part_of,akee
aconcagua,part_of,andes
aconcagua,part_of,argentina
acorn,part_of,oak
acoustic_delay_line,part_of,acoustic_storage
acoustic_nerve,part_of,auditory_system
acoustics,part_of,physics
acre,part_of,brazil
acre,part_of,israel
acrobatic_stunt,part_of,acrobatics
acromion,part_of,scapula
acrosome,part_of,sperm
act,part_of,play
act,part_of,ballet
act,part_of,opera
acting,part_of,theater
acting,part_of,performance
actinic_radiation,part_of,electromagnetic_spectrum
action,part_of,gun
action,part_of,keyboard
actium,part_of,greece
active_site,part_of,antibody
active_site,part_of,enzyme
acts_of_apostles,part_of,new_testament
actus,part_of,juger
acupoint,part_of,meridian
adagio,part_of,pas_de_deux
adams,part_of,cascades
adams,part_of,washington
adana,part_of,turkey
adaptation,part_of,evolution
adar,part_of,jewish_calendar
addendum,part_of,back_matter
adding_machine,part_of,cash_register
adding_oil,part_of,automobile_maintenance
addis_ababa,part_of,ethiopia
additions_to_esther,part_of,apocrypha
address,part_of,letter
adelaide,part_of,south_australia
adelie_coast,part_of,antarctica
aden,part_of,yemen
adige,part_of,italy
adirondacks,part_of,new_york
adit,part_of,mine
adjunct,part_of,x_bar
administration,part_of,government
admiralty_island,part_of,alexander_archipelago
admiralty_islands,part_of,bismarck_archipelago
admiralty_range,part_of,antarctica
adolescence,part_of,youth
adrenal_cortex,part_of,adrenal_gland
adrenal_gland,part_of,endocrine_system
adrenal_gland,part_of,kidney
adrenal_medulla,part_of,adrenal_gland
adriatic,part_of,mediterranean
adult_body,part_of,adult
adult_female_body,part_of,woman
adult_male_body,part_of,man
advantage,part_of,tennis
advent,part_of,church_calendar
advent_sunday,part_of,christmas_season
advent_sunday,part_of,advent
advertising,part_of,promotion
advice_and_consent,part_of,united_states_constitution
adze,part_of,ice_axe
adzhar,part_of,georgia
aeciospore,part_of,rust
aecium,part_of,rust
aegates_isles,part_of,punic_war
aegean,part_of,mediterranean
aegean_island,part_of,aegean
aegina,part_of,greece
aegospotami,part_of,peloponnesian_war
aegospotami,part_of,turkey
aeolic,part_of,ancient_greek
aeolis,part_of,asia_minor
aerospace,part_of,space
afferent_fiber,part_of,sensory_nerve
affix,part_of,word
afghanistan,part_of,asia
africa,part_of,eastern_hemisphere
african_country,part_of,africa
afrihili,part_of,constructed_language
afrihili,part_of,international_auxiliary_language
afterburner,part_of,turbojet
afters,part_of,meal
afton,part_of,new_york
agartala,part_of,tripura
age,part_of,life
agenda_item,part_of,agenda
aggression,part_of,war
aghan,part_of,hindu_calendar
aglet,part_of,shoelace
agora,part_of,shekel
agra,part_of,india
agrigento,part_of,sicily
agrobiology,part_of,agronomy
agrology,part_of,agronomy
ague,part_of,malaria
ahmedabad,part_of,gujarat
ahuehuete,part_of,mexico
aids,part_of,tfz
aiglet,part_of,shoelace
aileron,part_of,wing
air_bag,part_of,car
air_combat_command,part_of,united_states_air_force
air_conditioner,part_of,automobile
air_filter,part_of,ventilator
air_force_research_laboratory,part_of,united_states_air_force
air_force_space_command,part_of,united_states_air_force
air_horn,part_of,carburetor
air_intake,part_of,carburetor
air_national_guard,part_of,united_states_air_force
air_sac,part_of,bird
air_sac,part_of,insect
air_terminal,part_of,airport
airbrake,part_of,motor_vehicle
aircraft_carrier,part_of,battlegroup
aircraft_engine,part_of,aircraft
airdock,part_of,airport
aire,part_of,england
airfield,part_of,transportation_system
airplane_propeller,part_of,propeller_plane
airspace,part_of,atmosphere
aisne,part_of,picardy
aizawl,part_of,mizoram
ajmer,part_of,rajasthan
akhalkalaki,part_of,samtskhe_javakheti
akhaltsikhe,part_of,samtskhe_javakheti
akron,part_of,ohio
aksaray,part_of,istanbul
al_ain,part_of,abu_dhabi
al_anbar,part_of,iraq
al_ladhiqiyah,part_of,syria
ala,part_of,insect
alabama,part_of,united_states
alabama,part_of,deep_south
alabama,part_of,gulf_states
alamo,part_of,texas
alamo_square,part_of,san_francisco
aland_islands,part_of,finland
aland_islands,part_of,gulf_of_bothnia
alaska,part_of,united_states
alaska_king_crab,part_of,king_crab
alaska_peninsula,part_of,alaska
alaska_range,part_of,alaska
alaskan_pipeline,part_of,alaska
albania,part_of,balkan_peninsula
albany,part_of,georgia
albany,part_of,new_york
albany,part_of,vermont
alberta,part_of,canada
albuquerque,part_of,new_mexico
alcatraz,part_of,san_francisco
alcohol,part_of,drinks_served_in_bars
alemannic_german,part_of,upper_german
aleppo,part_of,syria
aleutian_islands,part_of,alaska
aleutian_islands,part_of,pacific
alexander_archipelago,part_of,alaska
alexandria,part_of,egypt
alexandria,part_of,louisiana
algeciras,part_of,andalusia
algeria,part_of,maghreb
algerian_centime,part_of,algerian_dinar
algiers,part_of,algeria
alhambra,part_of,granada
alicante,part_of,valencian_community
alicorn,part_of,unipeg
alidade,part_of,theodolite
alimentary_canal,part_of,digestive_system
all_life,part_of,ecosystem
all_saints_day,part_of,november
all_souls_day,part_of,november
allahabad,part_of,uttar_pradesh
alleghenies,part_of,appalachians
alleghenies,part_of,pennsylvania
alleghenies,part_of,virginia
alleghenies,part_of,west_virginia
allegheny,part_of,new_york
allegheny,part_of,pennsylvania
allentown,part_of,pennsylvania
allied_command_atlantic,part_of,north_atlantic_treaty_organization
allied_command_europe,part_of,north_atlantic_treaty_organization
allier,part_of,auvergne
almaty,part_of,kazakhstan
almere,part_of,flevoland
alor_setar,part_of,kedah
alot,part_of,madhya_pradesh
alpena,part_of,michigan
alpha_conversion,part_of,lambda_calculus
alpha_receptor,part_of,sympathetic_nervous_system
alphabet,part_of,formal_language
alps,part_of,austria
alps,part_of,france
alps,part_of,italy
alps,part_of,switzerland
alsace,part_of,france
altai_mountains,part_of,asia
alternating_group,part_of,symmetric_group
alternator,part_of,car
alternator,part_of,electrical_system
altoona,part_of,pennsylvania
alula,part_of,fly
alveolar_arch,part_of,jaw
alveolar_artery,part_of,alveolar_ridge
alveolar_bed,part_of,lung
alveolar_ridge,part_of,jaw
alveolus,part_of,lung
amanda,part_of,danilo
amanda,part_of,pedros_heart
amarillo,part_of,texas
amarillo_texas,part_of,texas
amazon,part_of,brazil
amazon,part_of,peru
ambala,part_of,haryana
amber_valley,part_of,derbyshire
amber_valley,part_of,east_midlands
ambulacrum,part_of,echinoderm
amen_corner,part_of,church
amendment,part_of,united_states_bill_of_rights
amenia,part_of,new_york
america,part_of,world
american_falls,part_of,new_york
american_falls,part_of,niagara
american_indian_day,part_of,september
american_samoa,part_of,samoa
american_smelt,part_of,rainbow_smelt
american_state,part_of,united_states
amino_acid,part_of,protein
amman,part_of,jordan
amnion,part_of,amniote
amnion,part_of,fetal_membrane
amniotic_fluid,part_of,amniotic_cavity
amos,part_of,old_testament
amos,part_of,prophets
ampere,part_of,abampere
ampere_minute,part_of,ampere_hour
amplifier,part_of,stereo_system
amplifier,part_of,public_address_system
amplifier,part_of,radio_receiver
amplifier,part_of,stereo
ampulla,part_of,duct
amravati,part_of,maharashtra
amrin_county,part_of,california
amsterdam,part_of,north_holland
amsterdam,part_of,netherlands
amsterdam,part_of,new_york
amur,part_of,china
amur,part_of,russia
amygdala,part_of,brain
amygdala,part_of,limbic_system
amygdala,part_of,temporal_lobe
anabolism,part_of,metabolism
anaheim,part_of,california
anal_sphincter,part_of,anus
anal_stage,part_of,childhood
anaphase,part_of,mitosis
anaphase,part_of,meiosis
anarchy,part_of,everyday_existence
anchor,part_of,vessel
anchorage,part_of,alaska
anchorage,part_of,seaport
ancohuma,part_of,andes
ancohuma,part_of,bolivia
anconeous_muscle,part_of,forearm
andalusia,part_of,spain
andaman_sea,part_of,bay_of_bengal
andes,part_of,argentina
andes,part_of,bolivia
andes,part_of,chile
andes,part_of,colombia
andes,part_of,ecuador
andes,part_of,peru
andhra_pradesh,part_of,south_india
andhra_pradesh,part_of,india
andorra,part_of,europe
andorra,part_of,iberian_peninsula
andros,part_of,south_aegean
aneroid_barometer,part_of,altimeter
angel,part_of,venezuela
anglesey,part_of,wales
anglican,part_of,protestant
anglo_saxon,part_of,anglian
anglo_saxon,part_of,kentish
anglo_saxon,part_of,mercian
anglo_saxon,part_of,northumbrian
anglo_saxon,part_of,west_saxon
angola,part_of,africa
angostura_bridge,part_of,ciudad_bolivar
angstrom,part_of,nanometer
anguilla,part_of,west_indies
anhui,part_of,china
animal,part_of,ecology
animal,part_of,ecosystem
animal,part_of,nature
animal_leg,part_of,biped
animal_leg,part_of,quadruped
anjou,part_of,france
ankara,part_of,turkey
ankle,part_of,leg
anklebone,part_of,ankle
anlu,part_of,hubei
anlu,part_of,xiaogan
anmore,part_of,british_columbia
anmore,part_of,lower_mainland
ann_arbor,part_of,michigan
annaba,part_of,algeria
annapolis,part_of,maryland
annapurna,part_of,himalayas
annapurna,part_of,nepal
annex,part_of,building
annulus,part_of,partial_veil
annunciation,part_of,march
anode,part_of,pentode
anode,part_of,electrolytic_cell
anode,part_of,storage_battery
anode,part_of,tube
anode,part_of,voltaic_cell
anoia,part_of,catalonia
anshan,part_of,liaoning
antalya,part_of,turkey
antananarivo,part_of,madagascar
antarctic_ocean,part_of,antarctic
antarctic_ocean,part_of,atlantic
antarctic_ocean,part_of,indian_ocean
antarctic_ocean,part_of,pacific
antarctic_peninsula,part_of,antarctica
antarctica,part_of,antarctic
antecedent,part_of,conditional
antenna,part_of,radio
antenna,part_of,receiver
antenna,part_of,transmitter
anterior_horn,part_of,spinal_nerve_root
anterior_pituitary,part_of,pituitary
anteroom,part_of,building
anther,part_of,stamen
anthracite,part_of,coal
anticlimax,part_of,story
anticline,part_of,antiform
antigenic_determinant,part_of,antigen
antigua,part_of,antigua_and_barbuda
antigua_and_barbuda,part_of,caribbean
antigua_and_barbuda,part_of,leeward_islands
antilles,part_of,west_indies
anting,part_of,shanghai
antioch,part_of,turkey
antiphrasis,part_of,irony
antiquark,part_of,hadron
antiquity,part_of,history
antistrophe,part_of,lyric
antler,part_of,deer
antler,part_of,moose
antofagasta,part_of,chile
antonine_wall,part_of,scotland
antwerpen,part_of,belgium
anus,part_of,body
anus,part_of,human_body
anus,part_of,normal_human_body
anus,part_of,rectum
anvil,part_of,forge
anzio,part_of,italy
aoa,part_of,american_samoa
aol_instant_messenger,part_of,aol
aorta,part_of,human_heart
apahack,part_of,fanac
apahacking,part_of,fanac
apalachicola,part_of,florida
apartment,part_of,apartment_building
apeldoorn,part_of,gelderland
apeldoorn,part_of,netherlands
apennines,part_of,italy
aperture,part_of,camera
aperture,part_of,telescope
aperture,part_of,eye
apex,part_of,celestial_sphere
apia,part_of,samoa
apoapsis,part_of,orbit
apocrypha,part_of,old_testament
apodeme,part_of,arthropod
apophysis,part_of,vertebra
appalachia,part_of,appalachians
appalachians,part_of,east
appendange,part_of,body
appendicular_skeleton,part_of,endoskeleton
appendix,part_of,cecum
appian_way,part_of,italy
applause,part_of,ovation
appleton,part_of,wisconsin
appleton_layer,part_of,ionosphere
approach_path,part_of,traffic_pattern
apricot,part_of,common_apricot
april,part_of,q2
april,part_of,gregorian_calendar
april_fools,part_of,april
apron,part_of,airfield
apron,part_of,fairway
apron_string,part_of,apron
apse,part_of,church
aqaba,part_of,jordan
aquarius,part_of,zodiac
aquila,part_of,abruzzi
aquitaine,part_of,france
arabian_desert,part_of,arabian_peninsula
arabian_peninsula,part_of,asia
arabian_sea,part_of,indian_ocean
aracaju,part_of,sergipe
arachnoid,part_of,leptomeninges
arafura_sea,part_of,pacific
aragon,part_of,spain
araguaia,part_of,brazil
aran_islands,part_of,galway_bay
aran_islands,part_of,ireland
aranda,part_of,aragon
aranda,part_of,zaragoza
ararat,part_of,turkey
aras,part_of,armenia
aras,part_of,turkey
arauca,part_of,colombia
arauca,part_of,venezuela
arbitration_clause,part_of,contract
arc,part_of,circle
arc,part_of,sector
arcadia,part_of,peloponnese
arcadia,part_of,greece
arch,part_of,aqueduct
arch,part_of,arcade
arch,part_of,bridge
arch,part_of,wall
archean,part_of,precambrian
archenteron,part_of,gastrula
arches_national_park,part_of,utah
archicortex,part_of,cerebral_cortex
architectonics,part_of,architecture
architrave,part_of,entablature
arctic_archipelago,part_of,canada
arcuate_artery,part_of,foot
arcuate_artery_of_kidney,part_of,kidney
arcuate_vein_of_kidney,part_of,kidney
ardennes,part_of,champagne
ardennes,part_of,champagne_ardenne
are,part_of,hectare
area_of_cardiac_dullness,part_of,thorax
areola,part_of,breast
areopagus,part_of,athens
arequipa,part_of,peru
argentina,part_of,south_america
argolis,part_of,peloponnese
argos,part_of,greece
argun_river,part_of,asia
arhus,part_of,denmark
aria,part_of,opera
ariana,part_of,tunisia
aries,part_of,zodiac
arizona,part_of,united_states
arizona,part_of,southwest
ark_la_tex,part_of,arkansas
ark_la_tex,part_of,louisiana
ark_la_tex,part_of,oklahoma
ark_la_tex,part_of,texas
arkansas,part_of,united_states
arkansas,part_of,colorado
arkansas,part_of,kansas
arkansas,part_of,oklahoma
arlington,part_of,texas
arm,part_of,armchair
arm,part_of,body
arm,part_of,chair
arm,part_of,person
arm,part_of,homo
arm_bone,part_of,arm
arm_bone,part_of,endoskeleton
armature,part_of,electric_motor
armature,part_of,electromagnet
armed_forces_day,part_of,may
armenia,part_of,transcaucasia
armenian_church,part_of,armenia
armet,part_of,body_armor
armhole,part_of,garment
armpit,part_of,shoulder
armrest,part_of,car_door
army_intelligence,part_of,united_states_army
army_national_guard,part_of,united_states_army
arnhem,part_of,gelderland
arnhem,part_of,netherlands
arno,part_of,italy
arrah,part_of,bihar
arrester,part_of,aircraft_carrier
arrow,part_of,bow_and_arrow
arrowhead,part_of,arrow
arse,part_of,body
abbacus,used_for,add_up_numbers
abortion,used_for,removing_unwanted_pregnancies
abortion,used_for,terminating_pregnancy
abs_brakes,used_for,preventing_wheel_lock_up
accelerator,used_for,accelerate
accelerator,used_for,speed
accommodation,used_for,place_to_stay
accommodation,used_for,shower
accommodation,used_for,sleep
accommodation,used_for,sleep_in_over_night
accommodation,used_for,stay
accommodation,used_for,staying_in
accommodations,used_for,comfort
accommodations,used_for,having_someplace_to_stay
accommodations,used_for,housing_while_travelling
accommodations,used_for,sleep_while_away_from_home
accommodations,used_for,sleeping
accordian,used_for,play_polka_tune
accordian_bag,used_for,accordian
accordian_bag,used_for,air
accordian_bag,used_for,carrying_accordion
accordian_bag,used_for,carrying_other_musical_instruments
accordian_bag,used_for,carrying_puppies
accordian_bag,used_for,cover_for_accordion
accordian_bag,used_for,having_useful_bag
accordian_bag,used_for,play_accordian
accordian_bag,used_for,pump_air
accordian_bag,used_for,storing_accordian
accordion,used_for,annoy_people
accordion,used_for,annoying_neighbors
accordion,used_for,fun
accordion,used_for,make_music
accordion,used_for,make_people_dance
accordion,used_for,making_music
accordion,used_for,music
accordion,used_for,play_polka
accordion,used_for,playing_in_orchestra
accordion,used_for,polka_bands
accordion,used_for,polka_music
accordion,used_for,talented_players
account_book,used_for,bank
account_book,used_for,keep_accounts
account_book,used_for,keep_track_of_salaries
account_book,used_for,keeping_track_of_accounts
account_book,used_for,keeping_track_of_expenses
account_book,used_for,keeping_track_of_income_and_expenses
account_book,used_for,keeping_track_of_losses
account_book,used_for,keeping_track_of_monies
account_book,used_for,keeping_track_of_payments
account_book,used_for,keeping_track_of_profits
account_book,used_for,record_numbers
account_book,used_for,records_of_transactions
acid,used_for,etch_glass
acid,used_for,etch_metal
acne_medication,used_for,clear_skin
acne_medication,used_for,clearing_up_skin
acne_medication,used_for,controlling_acne
acne_medication,used_for,get_rid_of_spots
acne_medication,used_for,getting_rid_of_pimples
acne_medication,used_for,getting_rid_of_spots
acne_medication,used_for,getting_rid_of_zits
acne_medication,used_for,less_red_irritation
acne_medication,used_for,making_face_look_nicer
acne_medication,used_for,preventing_pimple
acne_medication,used_for,smother_skin
acne_medication,used_for,teenagers
acne_medication,used_for,treating_acne
acne_medication,used_for,treatment_of_acne
acoustic_ceiling,used_for,control_noise
acoustic_ceiling,used_for,cut_noise
acoustic_ceiling,used_for,dampen_loud_noises
acoustic_ceiling,used_for,dampening_sound
acoustic_ceiling,used_for,damping_sound_in_area
acoustic_ceiling,used_for,focus_sound_waves
acoustic_ceiling,used_for,looks
acoustic_ceiling,used_for,quieting_sound
acoustic_ceiling,used_for,reduce_echoes
acoustic_ceiling,used_for,reduce_neighbour_noise
acoustic_ceiling,used_for,use_in_sound_studio
acoustic_guitar,used_for,folk_music
acoustic_guitar,used_for,having_fun
acoustic_guitar,used_for,make_music_while_sing
acoustic_guitar,used_for,making_folk_music
acoustic_guitar,used_for,making_music
acoustic_guitar,used_for,performing_music
acoustic_guitar,used_for,play_music
acoustic_guitar,used_for,playing
acoustic_guitar,used_for,playing_music
acoustic_guitar,used_for,playing_notes
acoustic_guitar,used_for,playing_softly
acoustic_guitar,used_for,rocking_out
acoustic_guitar,used_for,show_off
acrylic,used_for,art
acrylic,used_for,creating_paintings
acrylic,used_for,for_painting_with
acrylic,used_for,making_furniture
acrylic,used_for,making_paint
acrylic,used_for,making_toys
acrylic,used_for,paint
acrylic,used_for,paint_picture
acrylic,used_for,painting_picture
acrylic,used_for,painting_pictures
acrylic,used_for,painting_things
acrylic_medium,used_for,help_make_paint_more_transparent
acting_in_play,used_for,actresses
acting_in_play,used_for,becoming_famous
acting_in_play,used_for,being_challenged
acting_in_play,used_for,earning_money
acting_in_play,used_for,entertaining_audience
acting_in_play,used_for,entertaining_people
acting_in_play,used_for,entertainment
acting_in_play,used_for,escape_from_normal_life
acting_in_play,used_for,expressing_idea
acting_in_play,used_for,gaining_theater_experience
acting_in_play,used_for,getting_class_credit
acting_in_play,used_for,getting_media_attention
acting_in_play,used_for,improve_acting_skills
acting_in_play,used_for,life_enrichment
acting_in_play,used_for,living_as_another_person
acting_in_play,used_for,making_money
acting_in_play,used_for,money
acting_in_play,used_for,pleasure
acting_in_play,used_for,portraying_character
acting_in_play,used_for,portraying_charactor
acting_in_play,used_for,providing_entertainment
acting_in_play,used_for,re_enacting_historical_event
acting_in_play,used_for,social_growth
acting_in_play,used_for,students
acting_in_play,used_for,theatrical_personnel
acting_in_play,used_for,wearing_costumes
action_figure,used_for,children_to_play_with
action_figure,used_for,collecting
action_figure,used_for,fun
action_figure,used_for,have_fun
action_figure,used_for,make_poses
action_figure,used_for,play
action_figure,used_for,play_out_fantasies
action_figure,used_for,play_with
action_figure,used_for,playing
action_figure,used_for,role_playing
actors,used_for,being_stalked
adding_up_column_of_numbers,used_for,accountants
adding_up_column_of_numbers,used_for,accoutant
adding_up_column_of_numbers,used_for,calculating
adding_up_column_of_numbers,used_for,comparing_incomes
adding_up_column_of_numbers,used_for,cpas
adding_up_column_of_numbers,used_for,determining_percentage
adding_up_column_of_numbers,used_for,elementary_school_students
adding_up_column_of_numbers,used_for,finding_sum
adding_up_column_of_numbers,used_for,finding_total
adding_up_column_of_numbers,used_for,knowing_what_sum
adding_up_column_of_numbers,used_for,practice
adding_up_column_of_numbers,used_for,spreadsheet_users
adding_up_column_of_numbers,used_for,totalling_balance
adding_up_column_of_numbers,used_for,want_sum
adding_up_numbers,used_for,accouting
adding_up_numbers,used_for,balancing_checkbook
adding_up_numbers,used_for,building_sum
adding_up_numbers,used_for,calculating_summary
adding_up_numbers,used_for,completing_math_test
adding_up_numbers,used_for,counting
adding_up_numbers,used_for,counting_age
adding_up_numbers,used_for,counting_change
adding_up_numbers,used_for,counting_money
adding_up_numbers,used_for,counting_price
adding_up_numbers,used_for,determining_net_worth
adding_up_numbers,used_for,discovering_sum
adding_up_numbers,used_for,finding_total
adding_up_numbers,used_for,finding_total_amount
adding_up_numbers,used_for,getting_sum
adding_up_numbers,used_for,getting_total
adding_up_numbers,used_for,keeping_score
adding_up_numbers,used_for,keeping_track_of_inventory
adding_up_numbers,used_for,making_averages
adding_up_numbers,used_for,making_computations
adding_up_numbers,used_for,making_estimates
adding_up_numbers,used_for,measuring
adding_up_numbers,used_for,obtaining_sum
adding_up_numbers,used_for,totalling
adding_up_numbers,used_for,totalling_sum
adding_up_numbers,used_for,working_out_bill
addition,used_for,count_horses
address,used_for,describe_where_person_lives
address_label,used_for,identifying_recipient_of_package
address_label,used_for,identifying_sender_of_package
address_label,used_for,indicating_destination_of_package
address_label,used_for,instead_of_writing_address_yourself
address_label,used_for,mailing_letter
address_label,used_for,post_parcel
address_label,used_for,providing_directions_to_mailman
address_label,used_for,put_adress_on_letter
address_label,used_for,put_on_letter
address_label,used_for,routing_letters_through_postal_system
address_label,used_for,send_item_to_addresse
address_label,used_for,send_letter_to
address_label,used_for,sending_packages
address_label,used_for,tag_bags
address_labels,used_for,mail_letters
adhesive_bandage,used_for,abrasions
adhesive_bandage,used_for,bandaging_wounds
adhesive_bandage,used_for,cover_cut_or_wound
adhesive_bandage,used_for,cover_scrape
adhesive_bandage,used_for,cover_wound
adhesive_bandage,used_for,covering_wounds
adhesive_bandage,used_for,cut
adhesive_bandage,used_for,cuts
adhesive_bandage,used_for,knee_area
adhesive_bandage,used_for,minor_wounds
adhesive_bandages,used_for,help_wounds_heal
adhesives,used_for,stick_things_together
adjective,used_for,describe_noun
adrenalin,used_for,prevent_anaphylaxis
advancing_into_battle,used_for,armies
advancing_into_battle,used_for,attacking
advancing_into_battle,used_for,attacking_enemy
advancing_into_battle,used_for,beat_enemy
advancing_into_battle,used_for,combat
advancing_into_battle,used_for,fighting
advancing_into_battle,used_for,fighting_war
advancing_into_battle,used_for,fighting_wars
advancing_into_battle,used_for,gain_new_land
advancing_into_battle,used_for,gaining_ground
advancing_into_battle,used_for,gaining_offensive
advancing_into_battle,used_for,gaining_strategic_advantage
advancing_into_battle,used_for,gaining_tactical_advantage
advancing_into_battle,used_for,getting_into_position_to_fight
advancing_into_battle,used_for,going_to_war
advancing_into_battle,used_for,kill_people
advancing_into_battle,used_for,killing_enemy
advancing_into_battle,used_for,making_war
advancing_into_battle,used_for,prepare_for_war
advancing_into_battle,used_for,soldiers_in_army
advancing_into_battle,used_for,win_war
advancing_into_battle,used_for,winning
adverb,used_for,modify_verb
advertisement,used_for,conveying_idea
advertisement,used_for,educate
advertisement,used_for,electing_politician
advertisement,used_for,garnering_awareness
advertisement,used_for,getting_to_buy
advertisement,used_for,promiting_sale
advertisement,used_for,promoting_business
advertisement,used_for,recommending_products
advertisement,used_for,sell
advertisement,used_for,sell_product
advertisement,used_for,selling_product
advertisement,used_for,selling_products_and_services
advertisement,used_for,selling_services
advertisement,used_for,showing_products_to_people
advertisement,used_for,supporting_political_parties
advertisement,used_for,try_to_make_people_buy
advertisements,used_for,finance_television_programs
advertising_panel,used_for,advertise
advertising_panel,used_for,advertising
advertising_panel,used_for,advertising_goods_or_services
advertising_panel,used_for,get_peoples_attention
aerial_bomb,used_for,advancing_position_in_war
aerial_bomb,used_for,blowing_things_up
aerial_bomb,used_for,bombing_from_air
aerial_bomb,used_for,destorying_things_from_high_above
aerial_bomb,used_for,destroy_city
aerial_bomb,used_for,destroy_places
aerial_bomb,used_for,destroying_targets
aerial_bomb,used_for,devastate_enemy_targets
aerial_bomb,used_for,do_harm
aerial_bomb,used_for,drop_on_ground
aerial_bomb,used_for,explode_in_air
aerial_bomb,used_for,kill_people
agreeing_with,used_for,believing_what_say_true
agreeing_with,used_for,coming_to_compromise
agreeing_with,used_for,concurring
agreeing_with,used_for,cooperation
agreeing_with,used_for,creating_harmony
agreeing_with,used_for,doing_everyone_enjoys
agreeing_with,used_for,ending_argument
agreeing_with,used_for,expressing_similar_opinion
agreeing_with,used_for,expressing_similarities
agreeing_with,used_for,greasing_wheels_of_commerce
agreeing_with,used_for,harmony
agreeing_with,used_for,kissing_ass
agreeing_with,used_for,making_friend
agreeing_with,used_for,reaching_compromise
agreeing_with,used_for,showing_solidarity
agreeing_with,used_for,showing_support
agreeing_with,used_for,trying_to_look_good
air_conditioner,used_for,cool_down_room
air_conditioner,used_for,cool_room
air_conditioner,used_for,cooling_air
air_conditioner,used_for,cooling_hot_air
air_conditioner,used_for,cooling_room
air_conditioner,used_for,lowering_air_temperature
air_conditioner,used_for,make_room_more_comfortable
air_conditioner,used_for,make_warm_air_colder
air_conditioner,used_for,making_room_colder
air_conditioner,used_for,reduce_air_temperature
air_conditioner,used_for,reduce_room_temperature
air_conditioner,used_for,removing_allergans_from_air
air_conditioners,used_for,keep_house_cool_and_dry
air_conditioning,used_for,altering_environment_of_room
air_conditioning,used_for,breathe_better
air_conditioning,used_for,comfortable_in_hot_weather
air_conditioning,used_for,cool_down
air_conditioning,used_for,cool_enviroment
air_conditioning,used_for,cool_home
air_conditioning,used_for,cool_house
air_conditioning,used_for,cool_room_or_building
air_conditioning,used_for,cooling
air_conditioning,used_for,cooling_automobile
air_conditioning,used_for,cooling_hotel
air_conditioning,used_for,cooling_office
air_conditioning,used_for,cooling_residence
air_conditioning,used_for,cooling_room
air_conditioning,used_for,keep_room_cold
air_conditioning,used_for,manipulating_temperature
air_conditioning,used_for,reducing_temperature
air_conditioning,used_for,removing_moisture_from_air
air_conditioning,used_for,storing_cold_food_items
air_conditioning,used_for,warming
air_pump,used_for,fill_tires_with_air
air_terminal,used_for,boarding_airplane_to_fly_somewhere
air_terminal,used_for,catch_flight_to_rome
air_terminal,used_for,entering_and_exiting_airplanes
air_terminal,used_for,fly
air_terminal,used_for,meet_plane
air_terminal,used_for,wait_for_airplane
air_terminal,used_for,waiting_to_get_on_plane
air_ticket,used_for,board_airplane
air_ticket,used_for,commercial_airlines_flight
air_ticket,used_for,get_seat_on_flight
air_ticket,used_for,getting_on_plane
air_ticket,used_for,going_on_airplane
air_ticket,used_for,going_to_new_place
air_ticket,used_for,ride_on_airplane
air_ticket,used_for,travel
air_ticket,used_for,travel_with_airplane
air_ticket,used_for,traveling
airbag,used_for,safety
aircraft,used_for,fly
aircraft,used_for,land
aircraft,used_for,transport
aircraft_roadway,used_for,fly_away
aircraft_roadway,used_for,get_to_runway
aircraft_roadway,used_for,land_plane
airline_seat,used_for,comfort_during_flight
airline_seat,used_for,eat_meal
airline_seat,used_for,holding_passenger_during_flight
airline_seat,used_for,riding_in_airplane
airline_seat,used_for,sitting_in
airline_seat,used_for,sitting_in_airplane
airline_seat,used_for,sitting_in_for_hours
airline_seat,used_for,sitting_while_on_airplane
airline_seat,used_for,trave
airpalne,used_for,transport
airplane,used_for,air_transportation
airplane,used_for,cargo
airplane,used_for,crashing_into_buildings
airplane,used_for,flight
airplane,used_for,fly
airplane,used_for,flying
airplane,used_for,going_from_oneplace_to_another
airplane,used_for,imitating_birds
airplane,used_for,transport
airplane,used_for,transport_people
airplane,used_for,transportation
airplane,used_for,travel
airplane,used_for,traveling
airplane,used_for,traversing_skies
airplane,used_for,visit_england
airplane,used_for,warfare
airplane_seat,used_for,comfort_during_flight
airplane_seat,used_for,passenger_comfort
airplane_seat,used_for,passengers
airplane_seat,used_for,riding_in_airplane
airplane_seat,used_for,sit_on
airplane_seat,used_for,sit_while_travel
airplane_seat,used_for,sitting
airplane_seat,used_for,sitting_in
airplane_seat,used_for,sleep_in_while_traveling
airplane_seat,used_for,transporting_passenger_in_comfort
airplane_seat,used_for,traveling_on_airplane
airplanes,used_for,carry_freight_or_cargo
airplanes,used_for,go_from_place_to_place
airplanes,used_for,transport_materials
airplanes,used_for,travel
airplanes,used_for,travel_between_places
airplanes,used_for,travel_from_one_place_to_another
airplanes,used_for,travel_long_distances
airport,used_for,airplanes
aisle,used_for,access_to_goods_in_store
aisle,used_for,categorizing_items
aisle,used_for,flow_of_traffic
aisle,used_for,getting_married
aisle,used_for,getting_to_seat
aisle,used_for,moving_through
aisle,used_for,organize_store
aisle,used_for,part_of_religious_building
aisle,used_for,passage_between_things
aisle,used_for,passagewy
aisle,used_for,path_to_traverse
aisle,used_for,pathway
aisle,used_for,push_cart
aisle,used_for,reach_seat
aisle,used_for,running_in
aisle,used_for,showing_goods
aisle,used_for,view_merchandise
aisle,used_for,walking
aisle,used_for,walking_along
aisle,used_for,walking_through
aisle,used_for,walking_up
aisle,used_for,walking_up_or_down
alarm,used_for,alert
alarm,used_for,ring
alarm,used_for,warn
alarm_clock,used_for,wake_up_at_certain_time
alarm_clock,used_for,waking_at_specified_time
alarm_clock,used_for,waking_up
alarm_clock,used_for,awaken
alarm_clock,used_for,clock
alarm_clock,used_for,clock_time
alarm_clock,used_for,go_off
alarm_clock,used_for,ring
album,used_for,another_word_for_record
album,used_for,hold_photographs
album,used_for,holding_photographs
album,used_for,holding_representation_for_several_songs
album,used_for,keeping_pictures_in
album,used_for,memories
album,used_for,music
album,used_for,playing_music
album,used_for,preserve_photographs
album,used_for,reproduce_music
album,used_for,save_photographs
album,used_for,stick_photos_in
album,used_for,store_old_pictures
album,used_for,store_photographs
album,used_for,storing_lots_of_music
album,used_for,storing_photgrahs_in
album,used_for,storing_photographs
album,used_for,storing_photos
album,used_for,play
album,used_for,hearer
album,used_for,launch
album,used_for,sell
alcahol,used_for,escape_pain
alcohol,used_for,clean_wounds
alcohol,used_for,intoxication
alcohol,used_for,sterilize_instruments
alcoholic_drinks,used_for,hinder_judgments
alcoholics,used_for,alcohol
algorithm,used_for,software
algorithm,used_for,solving_problem
alias,used_for,keep_true_identity_private
alley,used_for,access_to_backs_of_properties
alley,used_for,access_to_backsides_of_buildings
alley,used_for,bowling
alley,used_for,cats
alley,used_for,colourful_murals
alley,used_for,deliveries
alley,used_for,garages
alley,used_for,hanging_out
alley,used_for,having_smoke
alley,used_for,hide_from_persuit
alley,used_for,rear_exits_from_buildings_or_property
alley,used_for,sneaking_past_clogged_traffic
alley,used_for,storing_trashcans
alley,used_for,trash_containers
alley,used_for,walk
almost,used_for,make_art
altar,used_for,adoration_of_god
altar,used_for,church
altar,used_for,church_services
altar,used_for,conducting_religious_ceremony
altar,used_for,focal_point_in_church
altar,used_for,get_married_at
altar,used_for,getting_married
altar,used_for,kneeling_in_front_of
altar,used_for,marry_sweetheart
altar,used_for,place_to_get_married
altar,used_for,place_to_pray
altar,used_for,pray
altar,used_for,pray_to_god
altar,used_for,religious_purposes
altar,used_for,religious_sacrifices
altar,used_for,sacrifices
altar,used_for,use_by_priest
altar,used_for,weddings
altar,used_for,worship
altar,used_for,worship_god
alto,used_for,computation
alto,used_for,create_opera
alto,used_for,high_pitched_voice
alto,used_for,sing
alto,used_for,singing
aluminum_foil,used_for,bake_things_in
ambulance,used_for,drive
ambulance,used_for,rush
ambulance,used_for,transport
ambulance_team,used_for,save_lives
amphetamines,used_for,stay_awake_during_long_drives
amphitheatre,used_for,concerts
amphitheatre,used_for,experiencing_performance_art
amphitheatre,used_for,fun
amphitheatre,used_for,grooving_to_grateful_dead
amphitheatre,used_for,groups_of_people
amphitheatre,used_for,hearing_echoes_when_empty
amphitheatre,used_for,hold_concert
amphitheatre,used_for,hold_outdoor_concerts
amphitheatre,used_for,listening_to_brass_band_concert
amphitheatre,used_for,lounging_about_in_sun
amphitheatre,used_for,perfect_sound_quality
amphitheatre,used_for,performances
amphitheatre,used_for,playing_soccer
amphitheatre,used_for,present_spectacle
amphitheatre,used_for,publicly_executing_people
amphitheatre,used_for,showing_plays
amphitheatre,used_for,stage_play
amphitheatre,used_for,staging_events_in
amphitheatre,used_for,taking_schoolchildren_to_on_field_trips
amphitheatre,used_for,viewing_concerts
amphitheatre,used_for,viewing_plays
amphitheatre,used_for,watching_greek_tragedy
amphitheatre,used_for,watching_wrestling_match
amplifier,used_for,make_sound_louder
analysing,used_for,attempting_to_model_universe_accurately
analysing,used_for,deciding_on_plan_of_action
analysing,used_for,describing
analysing,used_for,discovering_nature
analysing,used_for,figuring_out_how_works
analysing,used_for,finding_information_on
analysing,used_for,finding_out_more_about
analysing,used_for,finding_out_what
analysing,used_for,finding_unique_components
analysing,used_for,getting_details
analysing,used_for,good_of_everyone
analysing,used_for,initiate_action
analysing,used_for,investigating
analysing,used_for,learning
analysing,used_for,learning_about_somthing
analysing,used_for,learning_from
analysing,used_for,making_recommendations
analysing,used_for,personal_enjoyment
analysing,used_for,seeing_what_happens
analysing,used_for,studying
analysing,used_for,understanding
analysing,used_for,understanding_details
analysing,used_for,understanding_function
analysing,used_for,understanding_what_means
analysing,used_for,using_time_effectively
and_bus_stop,used_for,waiting_for_transit_bus
and_great_wine,used_for,relishing
anemometer,used_for,measuring_wind_speed
angle_grinder,used_for,grinding
animal,used_for,beastiality
animal,used_for,carrying_cargo
animal,used_for,companionship
